[[{"__type__":"cc.Prefab","_name":"6","data":{"__id__":1}},{"__type__":"cc.Node","_name":"6","_children":[{"__id__":2}],"_components":[{"__type__":"b002ckgsd9Ndr4/xSE5GpV3","node":{"__id__":1},"body":{"__id__":3},"collider":{"__id__":4},"icon":{"__id__":2}},{"__id__":3},{"__id__":4},{"__type__":"cc.CircleCollider","node":{"__id__":1},"_radius":10}],"_prefab":{"__type__":"cc.PrefabInfo","root":{"__id__":1},"asset":{"__uuid__":"8ep9nw0MVABqH96SzzJooe"},"fileId":"c7o8sJj31HIL5TCR2W87fP"},"_trs":{"__type__":"TypedArray","ctor":"Float64Array","array":[0,0,0,0,0,0,1,1,1,1]}},{"__type__":"cc.Node","_name":"bullet","_parent":{"__id__":1},"_components":[{"__type__":"cc.Sprite","node":{"__id__":2},"_materials":[{"__uuid__":"ecpdLyjvZBwrvm+cedCcQy"}],"_spriteFrame":{"__uuid__":"dftxL1acxHJ4sukjedv5O+"}}],"_prefab":{"__type__":"cc.PrefabInfo","root":{"__id__":1},"asset":{"__uuid__":"8ep9nw0MVABqH96SzzJooe"},"fileId":"af3vJhfyhMD6EttsEzf/u9"},"_contentSize":{"__type__":"cc.Size","width":44,"height":108},"_anchorPoint":{"__type__":"cc.Vec2","x":0.5,"y":0.83},"_trs":{"__type__":"TypedArray","ctor":"Float64Array","array":[0,0,0,0,0,0,1,1,1,1]}},{"__type__":"cc.RigidBody","node":{"__id__":1},"_fixedRotation":true,"enabledContactListener":true},{"__type__":"cc.PhysicsCircleCollider","node":{"__id__":1},"_density":0,"_friction":0,"_restitution":1,"_radius":10}],{"__type__":"cc.SpriteFrame","content":{"name":"kyby_zidan6","texture":"a22a/pRWJFTa9ObdeBo5UD","rect":[0,0,44,108],"offset":[0,0.5],"originalSize":[44,109],"capInsets":[0,0,0,0]}}]