[{"__type__":"cc.SpriteFrame","content":{"name":"hunohu","texture":"64RdTDJkpOJZxln8+VJAc2","rect":[464,0,111,92],"offset":[0,0],"originalSize":[111,92],"capInsets":[0,0,0,0]}},{"__type__":"cc.SpriteFrame","content":{"name":"bgnohu","texture":"64RdTDJkpOJZxln8+VJAc2","rect":[0,0,322,80],"offset":[0,0],"originalSize":[322,80],"capInsets":[0,0,0,0]}},[{"__type__":"cc.Prefab","_name":"ThongBaoNoHu","data":{"__id__":1}},{"__type__":"cc.Node","_name":"ThongBaoNoHu","_children":[{"__id__":2}],"_components":[{"__type__":"2032a+ToBpAt7K48nuzmY5R","node":{"__id__":1},"animation":{"__id__":8},"title":{"__id__":6},"users":{"__id__":11},"bet":{"__id__":16}}],"_prefab":{"__type__":"cc.PrefabInfo","root":{"__id__":1},"asset":{"__uuid__":"adv0kGsmlGSabQw6NOlXuK"},"fileId":"7f7kqGs81NQLbHxqme4JCn"},"_contentSize":{"__type__":"cc.Size","width":300,"height":150},"_anchorPoint":{"__type__":"cc.Vec2","y":0.5},"_trs":{"__type__":"TypedArray","ctor":"Float64Array","array":[0,0,0,0,0,0,1,1.2,1.2,1]}},{"__type__":"cc.Node","_name":"bgnohu","_parent":{"__id__":1},"_children":[{"__id__":3}],"_components":[{"__type__":"cc.Sprite","node":{"__id__":2},"_materials":[{"__uuid__":"ecpdLyjvZBwrvm+cedCcQy"}],"_spriteFrame":{"__uuid__":"a7Xlyt+hZE+5mpQ5QcAUiZ"}}],"_prefab":{"__type__":"cc.PrefabInfo","root":{"__id__":1},"asset":{"__uuid__":"adv0kGsmlGSabQw6NOlXuK"},"fileId":"bf0WsFvFVPCKlHB39hpVCV"},"_contentSize":{"__type__":"cc.Size","width":322,"height":80},"_anchorPoint":{"__type__":"cc.Vec2","y":0.5},"_trs":{"__type__":"TypedArray","ctor":"Float64Array","array":[0,0,0,0,0,0,1,1,1,1]}},{"__type__":"cc.Node","_name":"flare","_parent":{"__id__":2},"_children":[{"__id__":4},{"__id__":5},{"__id__":7},{"__id__":9},{"__id__":13}],"_components":[{"__type__":"cc.Sprite","node":{"__id__":3},"_materials":[{"__uuid__":"ecpdLyjvZBwrvm+cedCcQy"}],"_spriteFrame":{"__uuid__":"b33ZDTgWtAnZZ+Ji2XSfs9"}}],"_prefab":{"__type__":"cc.PrefabInfo","root":{"__id__":1},"asset":{"__uuid__":"adv0kGsmlGSabQw6NOlXuK"},"fileId":"f5u6lRS91ISYLu4BVyy2Ob"},"_contentSize":{"__type__":"cc.Size","width":142,"height":135},"_trs":{"__type__":"TypedArray","ctor":"Float64Array","array":[29,2,0,0,0,0,1,1,1,1]}},{"__type__":"cc.Node","_name":"hunohu","_parent":{"__id__":3},"_components":[{"__type__":"cc.Sprite","node":{"__id__":4},"_materials":[{"__uuid__":"ecpdLyjvZBwrvm+cedCcQy"}],"_spriteFrame":{"__uuid__":"7bxefyryFPSZfZ5XM27XVm"}}],"_prefab":{"__type__":"cc.PrefabInfo","root":{"__id__":1},"asset":{"__uuid__":"adv0kGsmlGSabQw6NOlXuK"},"fileId":"a9eXjGln1BDItql1LWuRfn"},"_contentSize":{"__type__":"cc.Size","width":111,"height":92},"_trs":{"__type__":"TypedArray","ctor":"Float64Array","array":[0,0,0,0,0,0,1,1,1,1]}},{"__type__":"cc.Node","_name":"title","_parent":{"__id__":3},"_components":[{"__id__":6},{"__type__":"cc.LabelOutline","node":{"__id__":5},"_color":{"__type__":"cc.Color"},"_width":3}],"_prefab":{"__type__":"cc.PrefabInfo","root":{"__id__":1},"asset":{"__uuid__":"adv0kGsmlGSabQw6NOlXuK"},"fileId":"61ky/bAYNCT4gbfDHbhWS7"},"_color":{"__type__":"cc.Color","r":250,"g":245,"b":120},"_contentSize":{"__type__":"cc.Size","width":6,"height":56.4},"_anchorPoint":{"__type__":"cc.Vec2","y":0.5},"_trs":{"__type__":"TypedArray","ctor":"Float64Array","array":[38,45,0,0,0,0,1,1,1,1]}},{"__type__":"cc.Label","node":{"__id__":5},"_materials":[{"__uuid__":"ecpdLyjvZBwrvm+cedCcQy"}],"_useOriginalSize":false,"_N$file":{"__uuid__":"7dzheaFiBOn7ou3EjCwv0y"},"_isSystemFontUsed":false,"_N$horizontalAlign":1},{"__type__":"cc.Node","_name":"ph_0","_parent":{"__id__":3},"_components":[{"__type__":"cc.Sprite","node":{"__id__":7}},{"__id__":8}],"_prefab":{"__type__":"cc.PrefabInfo","root":{"__id__":1},"asset":{"__uuid__":"adv0kGsmlGSabQw6NOlXuK"},"fileId":"5aqFUpPcZBnahjADaWkHbw"},"_contentSize":{"__type__":"cc.Size","width":240,"height":184},"_trs":{"__type__":"TypedArray","ctor":"Float64Array","array":[16,4,0,0,0,0,1,1,1,1]}},{"__type__":"cc.Animation","node":{"__id__":7},"_defaultClip":{"__uuid__":"57Gs1kvLVD86/MRWmuuxzz"},"_clips":[{"__uuid__":"57Gs1kvLVD86/MRWmuuxzz"}]},{"__type__":"cc.Node","_name":"H1","_parent":{"__id__":3},"_children":[{"__id__":10},{"__id__":12}],"_components":[{"__type__":"cc.Layout","node":{"__id__":9},"_layoutSize":{"__type__":"cc.Size","width":41.95,"height":30},"_resize":1,"_N$layoutType":1,"_N$spacingX":4}],"_prefab":{"__type__":"cc.PrefabInfo","root":{"__id__":1},"asset":{"__uuid__":"adv0kGsmlGSabQw6NOlXuK"},"fileId":"c0yUfVxDdGL4eouUMfdP41"},"_contentSize":{"__type__":"cc.Size","width":41.95,"height":30},"_anchorPoint":{"__type__":"cc.Vec2","y":0.5},"_trs":{"__type__":"TypedArray","ctor":"Float64Array","array":[60,11.7,0,0,0,0,1,1,1,1]}},{"__type__":"cc.Node","_name":"user","_parent":{"__id__":9},"_components":[{"__id__":11}],"_prefab":{"__type__":"cc.PrefabInfo","root":{"__id__":1},"asset":{"__uuid__":"adv0kGsmlGSabQw6NOlXuK"},"fileId":"5bKWVCYz5IwJ0yvbt/s3Ox"},"_color":{"__type__":"cc.Color","r":250,"g":245,"b":120},"_contentSize":{"__type__":"cc.Size","height":23},"_trs":{"__type__":"TypedArray","ctor":"Float64Array","array":[0,0,0,0,0,0,1,1,1,1]}},{"__type__":"cc.Label","node":{"__id__":10},"_materials":[{"__uuid__":"ecpdLyjvZBwrvm+cedCcQy"}],"_useOriginalSize":false,"_fontSize":23,"_N$file":{"__uuid__":"3f/j3m06dBSKpjksQB+doY"},"_isSystemFontUsed":false,"_N$horizontalAlign":1},{"__type__":"cc.Node","_name":"vua","_parent":{"__id__":9},"_components":[{"__type__":"cc.Label","node":{"__id__":12},"_materials":[{"__uuid__":"ecpdLyjvZBwrvm+cedCcQy"}],"_useOriginalSize":false,"_string":"vừa","_N$string":"vừa","_fontSize":23,"_N$file":{"__uuid__":"3f/j3m06dBSKpjksQB+doY"},"_isSystemFontUsed":false,"_N$horizontalAlign":1}],"_prefab":{"__type__":"cc.PrefabInfo","root":{"__id__":1},"asset":{"__uuid__":"adv0kGsmlGSabQw6NOlXuK"},"fileId":"f5Xl+IweRJiJ3X+GI7CTbT"},"_contentSize":{"__type__":"cc.Size","width":37.95,"height":23},"_trs":{"__type__":"TypedArray","ctor":"Float64Array","array":[22.975,0,0,0,0,0,1,1,1,1]}},{"__type__":"cc.Node","_name":"H2","_parent":{"__id__":3},"_children":[{"__id__":14},{"__id__":15}],"_components":[{"__type__":"cc.Layout","node":{"__id__":13},"_layoutSize":{"__type__":"cc.Size","width":73.37,"height":30},"_resize":1,"_N$layoutType":1,"_N$spacingX":7}],"_prefab":{"__type__":"cc.PrefabInfo","root":{"__id__":1},"asset":{"__uuid__":"adv0kGsmlGSabQw6NOlXuK"},"fileId":"45VbECR3ZLQoQJSnxWS7Oy"},"_contentSize":{"__type__":"cc.Size","width":73.37,"height":30},"_anchorPoint":{"__type__":"cc.Vec2","y":0.5},"_trs":{"__type__":"TypedArray","ctor":"Float64Array","array":[62,-20.3,0,0,0,0,1,1,1,1]}},{"__type__":"cc.Node","_name":"nohu","_parent":{"__id__":13},"_components":[{"__type__":"cc.Label","node":{"__id__":14},"_materials":[{"__uuid__":"ecpdLyjvZBwrvm+cedCcQy"}],"_useOriginalSize":false,"_string":"Nổ Hũ","_N$string":"Nổ Hũ","_fontSize":23,"_N$file":{"__uuid__":"ca/STOHexDCpBHB3XPtG62"},"_isSystemFontUsed":false,"_N$horizontalAlign":1}],"_prefab":{"__type__":"cc.PrefabInfo","root":{"__id__":1},"asset":{"__uuid__":"adv0kGsmlGSabQw6NOlXuK"},"fileId":"b5nnc4u9tKVZMtNryVfsLu"},"_color":{"__type__":"cc.Color","r":231,"g":231,"b":5},"_contentSize":{"__type__":"cc.Size","width":66.37,"height":26.29},"_trs":{"__type__":"TypedArray","ctor":"Float64Array","array":[33.185,0,0,0,0,0,1,1,1,1]}},{"__type__":"cc.Node","_name":"bet","_parent":{"__id__":13},"_components":[{"__id__":16}],"_prefab":{"__type__":"cc.PrefabInfo","root":{"__id__":1},"asset":{"__uuid__":"adv0kGsmlGSabQw6NOlXuK"},"fileId":"1f97lbd7RBmrvh0KKj1CuS"},"_color":{"__type__":"cc.Color","r":93,"g":255,"b":51},"_contentSize":{"__type__":"cc.Size","height":23},"_trs":{"__type__":"TypedArray","ctor":"Float64Array","array":[73.37,0,0,0,0,0,1,1,1,1]}},{"__type__":"cc.Label","node":{"__id__":15},"_materials":[{"__uuid__":"ecpdLyjvZBwrvm+cedCcQy"}],"_useOriginalSize":false,"_fontSize":23,"_N$file":{"__uuid__":"3f/j3m06dBSKpjksQB+doY"},"_isSystemFontUsed":false,"_N$horizontalAlign":1}],{"__type__":"cc.SpriteFrame","content":{"name":"flare","texture":"64RdTDJkpOJZxln8+VJAc2","rect":[322,0,142,135],"offset":[0,0],"originalSize":[142,135],"capInsets":[0,0,0,0]}}]