{"__type__":"dragonBones.DragonBonesAsset","_name":"zhangyuwang_ske","_dragonBonesJson":"{\"frameRate\":24,\"name\":\"zhangyuwang\",\"version\":\"5.5\",\"compatibleVersion\":\"5.5\",\"armature\":[{\"type\":\"Sheet\",\"frameRate\":24,\"name\":\"Sprite\",\"aabb\":{\"x\":-213,\"y\":-273.5,\"width\":426,\"height\":547},\"bone\":[{\"name\":\"root\"}],\"slot\":[{\"displayIndex\":6,\"name\":\"sheetSlot\",\"parent\":\"root\"}],\"skin\":[{\"slot\":[{\"name\":\"sheetSlot\",\"display\":[{\"name\":\"fish62_1\",\"transform\":{\"scX\":-1}},{\"name\":\"fish62_2\",\"transform\":{\"scX\":-1}},{\"name\":\"fish62_4\",\"transform\":{\"scX\":-1}},{\"name\":\"fish62_5\",\"transform\":{\"scX\":-1}},{\"name\":\"fish62_7\",\"transform\":{\"scX\":-1}},{\"name\":\"fish62_8\",\"transform\":{\"scX\":-1}},{\"name\":\"fish62_9\",\"transform\":{\"scX\":-1}},{\"name\":\"fish62_10\",\"transform\":{\"scX\":-1}},{\"name\":\"fish62_11\",\"transform\":{\"scX\":-1}},{\"name\":\"fish62_13\",\"transform\":{\"scX\":-1}},{\"name\":\"fish62_14\",\"transform\":{\"scX\":-1}},{\"name\":\"fish62_15\",\"transform\":{\"scX\":-1}}]}]}],\"animation\":[{\"duration\":12,\"playTimes\":0,\"name\":\"Sprite\",\"slot\":[{\"name\":\"sheetSlot\",\"displayFrame\":[{},{\"value\":1},{\"value\":2},{\"value\":3},{\"value\":4},{\"value\":5},{\"value\":6},{\"value\":7},{\"value\":8},{\"value\":9},{\"value\":10},{\"value\":11}]}]}],\"defaultActions\":[{\"gotoAndPlay\":\"Sprite\"}]}]}"}