{"__type__":"sp.SkeletonData","_name":"itjackpot","_skeletonJson":{"skeleton":{"hash":"fZ8PdITe4OzKk+h87YX4516EDtU","spine":"3.6.53","width":194,"height":171.9,"images":""},"bones":[{"name":"root"},{"name":"bg","parent":"root","x":-0.2,"y":0.89},{"name":"JAcKPOT copy","parent":"bg","x":1.41,"y":-51.12},{"name":"as","parent":"bg","length":79.25,"rotation":93.54,"x":7.62,"y":-60.65},{"name":"gg","parent":"bg","length":54.88,"rotation":90.98,"x":6.1,"y":-66.6}],"slots":[{"name":"bg","bone":"bg","attachment":"bg"},{"name":"as","bone":"as","attachment":"as"},{"name":"gg","bone":"gg","attachment":"gg"},{"name":"JAcKPOT copy","bone":"JAcKPOT copy","attachment":"JAcKPOT copy"}],"skins":{"default":{"JAcKPOT copy":{"JAcKPOT copy":{"x":-1.21,"y":-3.77,"width":169,"height":52}},"as":{"as":{"x":68.75,"y":7.39,"rotation":-93.54,"width":194,"height":167}},"bg":{"bg":{"x":0.2,"y":-0.89,"width":169,"height":146}},"gg":{"gg":{"x":65.8,"y":4.78,"rotation":-90.98,"width":169,"height":158}}}},"animations":{"animation":{"slots":{"as":{"color":[{"time":0,"color":"ffffffff","curve":[0.25,0,0.625,0.5]},{"time":0.0333,"color":"ffffff96","curve":[0.375,0.5,0.75,1]},{"time":0.0667,"color":"ffffffff","curve":[0.25,0,0.75,1]},{"time":0.1,"color":"ffffff96","curve":[0.375,0.5,0.75,1]},{"time":0.1333,"color":"ffffffff","curve":[0.25,0,0.75,1]},{"time":0.1667,"color":"ffffff96","curve":[0.375,0.5,0.75,1]},{"time":0.2,"color":"ffffffff","curve":[0.25,0,0.75,1]},{"time":0.2333,"color":"ffffff96","curve":[0.375,0.5,0.75,1]},{"time":0.2667,"color":"ffffffff","curve":[0.25,0,0.75,1]},{"time":0.3,"color":"ffffff96","curve":[0.375,0.5,0.75,1]},{"time":0.3333,"color":"ffffffff","curve":[0.25,0,0.75,1]},{"time":0.3667,"color":"ffffff96","curve":[0.375,0.5,0.75,1]},{"time":0.4,"color":"ffffffff","curve":[0.25,0,0.75,1]},{"time":0.4333,"color":"ffffff96","curve":[0.375,0.5,0.75,1]},{"time":0.4667,"color":"ffffffff","curve":[0.25,0,0.75,1]},{"time":0.5,"color":"ffffff96","curve":[0.375,0.5,0.75,1]},{"time":0.5333,"color":"ffffffff","curve":[0.25,0,0.75,1]},{"time":0.5667,"color":"ffffff96","curve":[0.375,0.5,0.75,1]},{"time":0.6,"color":"ffffffff","curve":[0.25,0,0.75,1]},{"time":0.6333,"color":"ffffff96","curve":[0.375,0.5,0.75,1]},{"time":0.6667,"color":"ffffffff","curve":[0.25,0,0.75,1]},{"time":0.7,"color":"ffffff96","curve":[0.375,0.5,0.75,1]},{"time":0.7333,"color":"ffffffff","curve":[0.25,0,0.75,1]},{"time":0.7667,"color":"ffffff96","curve":[0.375,0.5,0.75,1]},{"time":0.8,"color":"ffffffff","curve":[0.25,0,0.75,1]},{"time":0.8333,"color":"ffffff96","curve":[0.375,0.5,0.75,1]},{"time":0.8667,"color":"ffffffff","curve":[0.25,0,0.75,1]},{"time":0.9,"color":"ffffff96","curve":[0.375,0.5,0.75,1]},{"time":0.9333,"color":"ffffffff","curve":[0.25,0,0.75,1]},{"time":0.9667,"color":"ffffff96","curve":[0.375,0.5,0.75,1]},{"time":1,"color":"ffffffff","curve":[0.25,0,0.75,1]},{"time":1.0333,"color":"ffffff96","curve":[0.375,0.5,0.75,1]},{"time":1.0667,"color":"ffffffff","curve":[0.25,0,0.75,1]},{"time":1.1,"color":"ffffff96","curve":[0.375,0.5,0.75,1]},{"time":1.1333,"color":"ffffffff","curve":[0.25,0,0.75,1]},{"time":1.1667,"color":"ffffff96","curve":[0.375,0.5,0.75,1]},{"time":1.2,"color":"ffffffff","curve":[0.25,0,0.75,1]},{"time":1.2333,"color":"ffffff96","curve":[0.375,0.5,0.75,1]},{"time":1.2667,"color":"ffffffff","curve":[0.25,0,0.75,1]},{"time":1.3,"color":"ffffff96","curve":[0.375,0.5,0.75,1]},{"time":1.3333,"color":"ffffffff","curve":[0.25,0,0.75,1]},{"time":1.3667,"color":"ffffff96","curve":[0.375,0.5,0.75,1]},{"time":1.4,"color":"ffffffff","curve":[0.25,0,0.75,1]},{"time":1.4333,"color":"ffffff96","curve":[0.375,0.5,0.75,1]},{"time":1.4667,"color":"ffffffff","curve":[0.25,0,0.75,1]},{"time":1.5,"color":"ffffff96","curve":[0.375,0.5,0.75,1]},{"time":1.5333,"color":"ffffffff","curve":[0.25,0,0.75,1]},{"time":1.5667,"color":"ffffff96","curve":[0.375,0.5,0.75,1]},{"time":1.6,"color":"ffffffff"}]}},"bones":{"bg":{"rotate":[{"time":0,"angle":0,"curve":"stepped"},{"time":1.6,"angle":0}],"translate":[{"time":0,"x":0,"y":0,"curve":"stepped"},{"time":1.6,"x":0,"y":0}],"scale":[{"time":0,"x":1,"y":1,"curve":"stepped"},{"time":1.6,"x":1,"y":1}],"shear":[{"time":0,"x":0,"y":0,"curve":"stepped"},{"time":1.6,"x":0,"y":0}]},"gg":{"rotate":[{"time":0,"angle":0,"curve":"stepped"},{"time":1.6,"angle":0}],"translate":[{"time":0,"x":0,"y":0,"curve":"stepped"},{"time":1.6,"x":0,"y":0}],"scale":[{"time":0,"x":1,"y":1,"curve":[0.25,0,0.625,0.5]},{"time":0.8,"x":1.009,"y":1,"curve":[0.375,0.5,0.75,1]},{"time":1.6,"x":1,"y":1}],"shear":[{"time":0,"x":0,"y":0,"curve":"stepped"},{"time":1.6,"x":0,"y":0}]},"as":{"rotate":[{"time":0,"angle":0,"curve":"stepped"},{"time":1.6,"angle":0}],"translate":[{"time":0,"x":0,"y":0,"curve":"stepped"},{"time":1.6,"x":0,"y":0}],"scale":[{"time":0,"x":1,"y":1,"curve":[0.327,0,0.66,0.34]},{"time":0.0333,"x":1.033,"y":0.984,"curve":[0.327,0.22,0.661,0.56]},{"time":0.0667,"x":1,"y":1,"curve":[0.267,0.08,0.752,1]},{"time":0.1,"x":1.033,"y":0.984,"curve":[0.327,0.22,0.661,0.56]},{"time":0.1333,"x":1,"y":1,"curve":[0.267,0.08,0.752,1]},{"time":0.1667,"x":1.033,"y":0.984,"curve":[0.327,0.22,0.661,0.56]},{"time":0.2,"x":1,"y":1,"curve":[0.267,0.08,0.752,1]},{"time":0.2333,"x":1.033,"y":0.984,"curve":[0.327,0.22,0.661,0.56]},{"time":0.2667,"x":1,"y":1,"curve":[0.267,0.08,0.752,1]},{"time":0.3,"x":1.033,"y":0.984,"curve":[0.327,0.22,0.661,0.56]},{"time":0.3333,"x":1,"y":1,"curve":[0.267,0.08,0.752,1]},{"time":0.3667,"x":1.033,"y":0.984,"curve":[0.327,0.22,0.661,0.56]},{"time":0.4,"x":1,"y":1,"curve":[0.267,0.08,0.752,1]},{"time":0.4333,"x":1.033,"y":0.984,"curve":[0.327,0.22,0.661,0.56]},{"time":0.4667,"x":1,"y":1,"curve":[0.267,0.08,0.752,1]},{"time":0.5,"x":1.033,"y":0.984,"curve":[0.327,0.22,0.661,0.56]},{"time":0.5333,"x":1,"y":1,"curve":[0.267,0.08,0.752,1]},{"time":0.5667,"x":1.033,"y":0.984,"curve":[0.327,0.22,0.661,0.56]},{"time":0.6,"x":1,"y":1,"curve":[0.267,0.08,0.752,1]},{"time":0.6333,"x":1.033,"y":0.984,"curve":[0.327,0.22,0.661,0.56]},{"time":0.6667,"x":1,"y":1,"curve":[0.267,0.08,0.752,1]},{"time":0.7,"x":1.033,"y":0.984,"curve":[0.327,0.22,0.661,0.56]},{"time":0.7333,"x":1,"y":1,"curve":[0.267,0.08,0.752,1]},{"time":0.7667,"x":1.033,"y":0.984,"curve":[0.327,0.22,0.661,0.56]},{"time":0.8,"x":1,"y":1,"curve":[0.267,0.08,0.752,1]},{"time":0.8333,"x":1.033,"y":0.984,"curve":[0.327,0.22,0.661,0.56]},{"time":0.8667,"x":1,"y":1,"curve":[0.267,0.08,0.752,1]},{"time":0.9,"x":1.033,"y":0.984,"curve":[0.327,0.22,0.661,0.56]},{"time":0.9333,"x":1,"y":1,"curve":[0.267,0.08,0.752,1]},{"time":0.9667,"x":1.033,"y":0.984,"curve":[0.327,0.22,0.661,0.56]},{"time":1,"x":1,"y":1,"curve":[0.267,0.08,0.752,1]},{"time":1.0333,"x":1.033,"y":0.984,"curve":[0.327,0.22,0.661,0.56]},{"time":1.0667,"x":1,"y":1,"curve":[0.267,0.08,0.752,1]},{"time":1.1,"x":1.033,"y":0.984,"curve":[0.327,0.22,0.661,0.56]},{"time":1.1333,"x":1,"y":1,"curve":[0.267,0.08,0.752,1]},{"time":1.1667,"x":1.033,"y":0.984,"curve":[0.327,0.22,0.661,0.56]},{"time":1.2,"x":1,"y":1,"curve":[0.267,0.08,0.752,1]},{"time":1.2333,"x":1.033,"y":0.984,"curve":[0.327,0.22,0.661,0.56]},{"time":1.2667,"x":1,"y":1,"curve":[0.267,0.08,0.752,1]},{"time":1.3,"x":1.033,"y":0.984,"curve":[0.327,0.22,0.661,0.56]},{"time":1.3333,"x":1,"y":1,"curve":[0.267,0.08,0.752,1]},{"time":1.3667,"x":1.033,"y":0.984,"curve":[0.327,0.22,0.661,0.56]},{"time":1.4,"x":1,"y":1,"curve":[0.267,0.08,0.752,1]},{"time":1.4333,"x":1.033,"y":0.984,"curve":[0.327,0.22,0.661,0.56]},{"time":1.4667,"x":1,"y":1,"curve":[0.267,0.08,0.752,1]},{"time":1.5,"x":1.033,"y":0.984,"curve":[0.327,0.22,0.661,0.56]},{"time":1.5333,"x":1,"y":1,"curve":[0.267,0.08,0.752,1]},{"time":1.5667,"x":1.033,"y":0.984,"curve":[0.327,0.22,0.661,0.56]},{"time":1.6,"x":1,"y":1}],"shear":[{"time":0,"x":0,"y":0,"curve":"stepped"},{"time":1.6,"x":0,"y":0}]},"JAcKPOT copy":{"rotate":[{"time":0,"angle":0,"curve":"stepped"},{"time":1.6,"angle":0}],"translate":[{"time":0,"x":0,"y":0,"curve":[0.273,0,0.619,0.41]},{"time":0.8333,"x":0,"y":2.32,"curve":[0.317,0.28,0.66,0.64]},{"time":1.6,"x":0,"y":0}],"scale":[{"time":0,"x":1,"y":1,"curve":[0.249,0,0.627,0.51]},{"time":0.8333,"x":1,"y":0.895,"curve":[0.377,0.51,0.749,1]},{"time":1.6,"x":1,"y":1}],"shear":[{"time":0,"x":0,"y":0,"curve":"stepped"},{"time":1.6,"x":0,"y":0}]}}}}},"_atlasText":"\r\nitjackpot.png\r\nsize: 560,173\r\nformat: RGBA8888\r\nfilter: Linear,Linear\r\nrepeat: none\r\nJAcKPOT copy\r\n  rotate: true\r\n  xy: 506, 2\r\n  size: 169, 52\r\n  orig: 169, 52\r\n  offset: 0, 0\r\n  index: -1\r\nas\r\n  rotate: false\r\n  xy: 2, 4\r\n  size: 194, 167\r\n  orig: 194, 167\r\n  offset: 0, 0\r\n  index: -1\r\nbg\r\n  rotate: true\r\n  xy: 358, 2\r\n  size: 169, 146\r\n  orig: 169, 146\r\n  offset: 0, 0\r\n  index: -1\r\ngg\r\n  rotate: true\r\n  xy: 198, 2\r\n  size: 169, 158\r\n  orig: 169, 158\r\n  offset: 0, 0\r\n  index: -1\r\n","textures":[{"__uuid__":"a4RW7g835LVZcA46GTzb9V"}],"textureNames":["itjackpot.png"]}