{"__type__":"cc.AnimationClip","_name":"miniBigWin","_duration":5,"curveData":{"paths":{"bg_jackpot":{"props":{"angle":[{"frame":0,"value":0},{"frame":5,"value":100}]}},"bigwin":{"props":{"scale":[{"frame":0,"value":{"__type__":"cc.Vec2","x":0.2,"y":0.2}},{"frame":0.3333333333333333,"value":{"__type__":"cc.Vec2","x":1,"y":1}},{"frame":0.6666666666666666,"value":{"__type__":"cc.Vec2","x":0.92,"y":0.92}},{"frame":0.75,"value":{"__type__":"cc.Vec2","x":1,"y":1}},{"frame":1.0833333333333333,"value":{"__type__":"cc.Vec2","x":0.92,"y":0.92}},{"frame":1.1666666666666667,"value":{"__type__":"cc.Vec2","x":1,"y":1}},{"frame":2.5166666666666666,"value":{"__type__":"cc.Vec2","x":1,"y":1}},{"frame":2.8666666666666667,"value":{"__type__":"cc.Vec2","x":0.92,"y":0.92}},{"frame":2.95,"value":{"__type__":"cc.Vec2","x":1,"y":1}},{"frame":3.283333333333333,"value":{"__type__":"cc.Vec2","x":0.92,"y":0.92}},{"frame":3.3666666666666667,"value":{"__type__":"cc.Vec2","x":1,"y":1}}]}}}}}