{"__type__":"dragonBones.DragonBonesAtlasAsset","_name":"kyby_jinbi_tex","_atlasJson":"{\"width\":256,\"SubTexture\":[{\"frameWidth\":59,\"y\":1,\"frameHeight\":68,\"frameY\":-1,\"width\":23,\"frameX\":-17,\"height\":67,\"name\":\"kyby_common_gold_3\",\"x\":152},{\"frameWidth\":59,\"y\":1,\"frameHeight\":68,\"frameY\":-1,\"width\":23,\"frameX\":-18,\"height\":67,\"name\":\"kyby_common_gold_2\",\"x\":177},{\"width\":59,\"y\":1,\"height\":68,\"name\":\"kyby_common_gold_5\",\"x\":1},{\"frameWidth\":59,\"y\":1,\"frameHeight\":68,\"frameY\":0,\"width\":44,\"frameX\":-7,\"height\":68,\"name\":\"kyby_common_gold_4\",\"x\":62},{\"frameWidth\":59,\"y\":1,\"frameHeight\":68,\"frameY\":0,\"width\":42,\"frameX\":-8,\"height\":68,\"name\":\"kyby_common_gold_1\",\"x\":108}],\"imagePath\":\"kyby_jinbi_tex.png\",\"name\":\"kyby_jinbi\",\"height\":128}","_texture":{"__uuid__":"19kLyY4ANC+L9q/6LHHxm+"},"texture":{"__uuid__":"19kLyY4ANC+L9q/6LHHxm+"}}