{"__type__":"dragonBones.DragonBonesAtlasAsset","_name":"hetun_shadow_tex","_atlasJson":"{\"width\":256,\"imagePath\":\"hetun_shadow_tex.png\",\"height\":512,\"name\":\"hetun_shadow\",\"SubTexture\":[{\"y\":91,\"frameX\":-102,\"frameHeight\":300,\"frameY\":-104,\"width\":88,\"frameWidth\":300,\"height\":88,\"name\":\"00012\",\"x\":1},{\"y\":89,\"frameX\":-102,\"frameHeight\":300,\"frameY\":-105,\"width\":91,\"frameWidth\":300,\"height\":84,\"name\":\"00006\",\"x\":91},{\"y\":266,\"frameX\":-102,\"frameHeight\":300,\"frameY\":-109,\"width\":90,\"frameWidth\":300,\"height\":82,\"name\":\"00010\",\"x\":1},{\"y\":175,\"frameX\":-106,\"frameHeight\":300,\"frameY\":-109,\"width\":87,\"frameWidth\":300,\"height\":82,\"name\":\"00000\",\"x\":93},{\"y\":1,\"frameX\":-104,\"frameHeight\":300,\"frameY\":-106,\"width\":90,\"frameWidth\":300,\"height\":86,\"name\":\"00014\",\"x\":91},{\"y\":1,\"frameX\":-102,\"frameHeight\":300,\"frameY\":-102,\"width\":88,\"frameWidth\":300,\"height\":88,\"name\":\"00004\",\"x\":1},{\"y\":350,\"frameX\":-103,\"frameHeight\":300,\"frameY\":-107,\"width\":87,\"frameWidth\":300,\"height\":83,\"name\":\"00008\",\"x\":1},{\"y\":181,\"frameX\":-104,\"frameHeight\":300,\"frameY\":-107,\"width\":90,\"frameWidth\":300,\"height\":83,\"name\":\"00002\",\"x\":1}]}","_texture":{"__uuid__":"dbF+1ivn5F3pcbOejhGlaH"},"texture":{"__uuid__":"dbF+1ivn5F3pcbOejhGlaH"}}