{"__type__":"sp.SkeletonData","_name":"baucuaicon","_skeletonJson":{"skeleton":{"hash":"53NrrCYx0XdDhaugvj1b4S2N0RE","spine":"3.6.52","width":223,"height":236,"images":"./baucua/"},"bones":[{"name":"root"},{"name":"bone","parent":"root"},{"name":"bone2","parent":"root","x":-2.98,"y":2.27},{"name":"bone3","parent":"root","x":50.54,"y":65.58},{"name":"bone4","parent":"root","x":-51.28,"y":50.92},{"name":"bone5","parent":"root","x":-73.07,"y":85.28},{"name":"bone6","parent":"root","x":-73.07,"y":85.28},{"name":"bone7","parent":"root","x":-37.87,"y":-27.43},{"name":"bone8","parent":"root","x":-73.07,"y":85.28},{"name":"bone9","parent":"root","x":35.87,"y":-55.51},{"name":"bone10","parent":"root","x":-73.07,"y":85.28}],"slots":[{"name":"Flare 1","bone":"bone5","attachment":"Flare 1","blend":"additive"},{"name":"Flare 3","bone":"bone8","attachment":"Flare 1","blend":"additive"},{"name":"Flare 4","bone":"bone10","attachment":"Flare 1","blend":"additive"},{"name":"Flare 2","bone":"bone6","attachment":"Flare 1","blend":"additive"},{"name":"Dice 3","bone":"bone3","attachment":"Dice 3"},{"name":"Dice 2","bone":"bone4","attachment":"Dice 2"},{"name":"Dice 1","bone":"bone2","attachment":"Dice 1"},{"name":"bầu","bone":"bone7","attachment":"bầu"},{"name":"cua","bone":"bone9","attachment":"cua"}],"skins":{"default":{"Dice 1":{"Dice 1":{"x":1.87,"y":-2.38,"width":104,"height":104}},"Dice 2":{"Dice 2":{"x":1,"y":-2.07,"width":81,"height":80}},"Dice 3":{"Dice 3":{"x":-1.32,"y":-2.24,"width":72,"height":71}},"Flare 1":{"Flare 1":{"x":0.28,"y":1.07,"width":108,"height":107}},"Flare 2":{"Flare 1":{"x":0.28,"y":1.07,"width":108,"height":107}},"Flare 3":{"Flare 1":{"x":0.28,"y":1.07,"width":108,"height":107}},"Flare 4":{"Flare 1":{"x":0.28,"y":1.07,"width":108,"height":107}},"bầu":{"bầu":{"x":2.09,"y":7.78,"width":106,"height":67}},"cua":{"cua":{"x":-3.66,"y":-3.65,"width":100,"height":46}}}},"animations":{"Idle":{"slots":{"Flare 1":{"color":[{"time":0,"color":"ffffff00"},{"time":0.1667,"color":"ffffffff","curve":"stepped"},{"time":0.6667,"color":"ffffffff"},{"time":1,"color":"ffffff00","curve":"stepped"},{"time":1.5,"color":"ffffff00"},{"time":1.6667,"color":"ffffffff","curve":"stepped"},{"time":2.1667,"color":"ffffffff"},{"time":2.5,"color":"ffffff00","curve":"stepped"},{"time":3,"color":"ffffff00"}]},"Flare 2":{"color":[{"time":0,"color":"ffffff00","curve":"stepped"},{"time":0.1667,"color":"ffffff00"},{"time":0.3333,"color":"ffffffff","curve":"stepped"},{"time":0.8333,"color":"ffffffff"},{"time":1.1667,"color":"ffffff00","curve":"stepped"},{"time":1.6667,"color":"ffffff00"},{"time":1.8333,"color":"ffffffff","curve":"stepped"},{"time":2.3333,"color":"ffffffff"},{"time":2.6667,"color":"ffffff00","curve":"stepped"},{"time":3,"color":"ffffff00"}]},"Flare 3":{"color":[{"time":0,"color":"ffffff00"},{"time":0.1667,"color":"ffffffff","curve":"stepped"},{"time":0.6667,"color":"ffffffff"},{"time":1,"color":"ffffff00","curve":"stepped"},{"time":1.5,"color":"ffffff00"},{"time":1.6667,"color":"ffffffff","curve":"stepped"},{"time":2.1667,"color":"ffffffff"},{"time":2.5,"color":"ffffff00","curve":"stepped"},{"time":3,"color":"ffffff00"}]},"Flare 4":{"color":[{"time":0,"color":"ffffff00"},{"time":0.1667,"color":"ffffffff","curve":"stepped"},{"time":0.6667,"color":"ffffffff"},{"time":1,"color":"ffffff00","curve":"stepped"},{"time":1.5,"color":"ffffff00"},{"time":1.6667,"color":"ffffffff","curve":"stepped"},{"time":2.1667,"color":"ffffffff"},{"time":2.5,"color":"ffffff00","curve":"stepped"},{"time":3,"color":"ffffff00"}]}},"bones":{"bone4":{"rotate":[{"time":0,"angle":0.47,"curve":[0.25,0,0.75,1]},{"time":0.1667,"angle":4.44,"curve":[0.25,0,0.75,1]},{"time":0.6667,"angle":-7.47,"curve":[0.25,0,0.75,1]},{"time":1.1667,"angle":4.44,"curve":[0.25,0,0.75,1]},{"time":1.6667,"angle":-7.47,"curve":[0.25,0,0.75,1]},{"time":2.1667,"angle":4.44,"curve":[0.25,0,0.75,1]},{"time":2.6667,"angle":-7.47,"curve":[0.25,0,0.75,1]},{"time":3,"angle":0.47}],"translate":[{"time":0,"x":0,"y":-4.65,"curve":[0.25,0,0.75,1]},{"time":0.1,"x":0,"y":-6.4,"curve":[0.25,0,0.75,1]},{"time":0.6,"x":0,"y":2.36,"curve":[0.25,0,0.75,1]},{"time":1.1,"x":0,"y":-6.4,"curve":[0.25,0,0.75,1]},{"time":1.6,"x":0,"y":2.36,"curve":[0.25,0,0.75,1]},{"time":2.1,"x":0,"y":-6.4,"curve":[0.25,0,0.75,1]},{"time":2.6,"x":0,"y":2.36,"curve":[0.25,0,0.75,1]},{"time":3,"x":0,"y":-4.65}],"scale":[{"time":0,"x":1,"y":1,"curve":[0.25,0,0.75,1]},{"time":0.5,"x":1.02,"y":1.02,"curve":[0.25,0,0.75,1]},{"time":1,"x":1,"y":1,"curve":[0.25,0,0.75,1]},{"time":1.5,"x":1.02,"y":1.02,"curve":[0.25,0,0.75,1]},{"time":2,"x":1,"y":1,"curve":[0.25,0,0.75,1]},{"time":2.5,"x":1.02,"y":1.02,"curve":[0.25,0,0.75,1]},{"time":3,"x":1,"y":1}]},"bone2":{"rotate":[{"time":0,"angle":4.44,"curve":[0.25,0,0.75,1]},{"time":0.5,"angle":-7.47,"curve":[0.25,0,0.75,1]},{"time":1,"angle":4.44,"curve":[0.25,0,0.75,1]},{"time":1.5,"angle":-7.47,"curve":[0.25,0,0.75,1]},{"time":2,"angle":4.44,"curve":[0.25,0,0.75,1]},{"time":2.5,"angle":-7.47,"curve":[0.25,0,0.75,1]},{"time":3,"angle":4.44}],"translate":[{"time":0,"x":0,"y":-6.4,"curve":[0.25,0,0.75,1]},{"time":0.5,"x":0,"y":2.36,"curve":[0.25,0,0.75,1]},{"time":1,"x":0,"y":-6.4,"curve":[0.25,0,0.75,1]},{"time":1.5,"x":0,"y":2.36,"curve":[0.25,0,0.75,1]},{"time":2,"x":0,"y":-6.4,"curve":[0.25,0,0.75,1]},{"time":2.5,"x":0,"y":2.36,"curve":[0.25,0,0.75,1]},{"time":3,"x":0,"y":-6.4}],"scale":[{"time":0,"x":1,"y":1,"curve":[0.25,0,0.75,1]},{"time":0.5,"x":1.02,"y":1.02,"curve":[0.25,0,0.75,1]},{"time":1,"x":1,"y":1,"curve":[0.25,0,0.75,1]},{"time":1.5,"x":1.02,"y":1.02,"curve":[0.25,0,0.75,1]},{"time":2,"x":1,"y":1,"curve":[0.25,0,0.75,1]},{"time":2.5,"x":1.02,"y":1.02,"curve":[0.25,0,0.75,1]},{"time":3,"x":1,"y":1}]},"bone3":{"rotate":[{"time":0,"angle":2.06,"curve":[0.25,0,0.75,1]},{"time":0.1,"angle":4.44,"curve":[0.25,0,0.75,1]},{"time":0.6,"angle":-7.47,"curve":[0.25,0,0.75,1]},{"time":1.1,"angle":4.44,"curve":[0.25,0,0.75,1]},{"time":1.6,"angle":-7.47,"curve":[0.25,0,0.75,1]},{"time":2.1,"angle":4.44,"curve":[0.25,0,0.75,1]},{"time":2.6,"angle":-7.47,"curve":[0.25,0,0.75,1]},{"time":3,"angle":2.06}],"translate":[{"time":0,"x":0,"y":-3.48,"curve":[0.25,0,0.75,1]},{"time":0.1667,"x":0,"y":-6.4,"curve":[0.25,0,0.75,1]},{"time":0.6667,"x":0,"y":2.36,"curve":[0.25,0,0.75,1]},{"time":1.1667,"x":0,"y":-6.4,"curve":[0.25,0,0.75,1]},{"time":1.6667,"x":0,"y":2.36,"curve":[0.25,0,0.75,1]},{"time":2.1667,"x":0,"y":-6.4,"curve":[0.25,0,0.75,1]},{"time":2.6667,"x":0,"y":2.36,"curve":[0.25,0,0.75,1]},{"time":3,"x":0,"y":-3.48}],"scale":[{"time":0,"x":1,"y":1,"curve":[0.25,0,0.75,1]},{"time":0.5,"x":1.02,"y":1.02,"curve":[0.25,0,0.75,1]},{"time":1,"x":1,"y":1,"curve":[0.25,0,0.75,1]},{"time":1.5,"x":1.02,"y":1.02,"curve":[0.25,0,0.75,1]},{"time":2,"x":1,"y":1,"curve":[0.25,0,0.75,1]},{"time":2.5,"x":1.02,"y":1.02,"curve":[0.25,0,0.75,1]},{"time":3,"x":1,"y":1}]},"bone5":{"translate":[{"time":0,"x":-20.22,"y":-67.06,"curve":[0.25,0,0.75,1]},{"time":1,"x":64.7,"y":14.15,"curve":"stepped"},{"time":1.5,"x":-20.22,"y":-67.06,"curve":[0.25,0,0.75,1]},{"time":2.5,"x":64.7,"y":14.15,"curve":"stepped"},{"time":3,"x":-20.22,"y":-67.06}]},"bone6":{"translate":[{"time":0,"x":138.67,"y":14.15,"curve":"stepped"},{"time":0.1667,"x":-20.22,"y":-164.08,"curve":[0.25,0,0.75,1]},{"time":1.1667,"x":138.67,"y":14.15,"curve":"stepped"},{"time":1.6667,"x":-20.22,"y":-164.08,"curve":[0.25,0,0.75,1]},{"time":2.6667,"x":138.67,"y":14.15,"curve":"stepped"},{"time":3,"x":138.67,"y":14.15}]},"bone8":{"translate":[{"time":0,"x":160.95,"y":-151.21,"curve":[0.25,0,0.75,1]},{"time":1,"x":93.11,"y":-38.37,"curve":"stepped"},{"time":1.5,"x":160.95,"y":-151.21,"curve":[0.25,0,0.75,1]},{"time":2.5,"x":93.11,"y":-38.37,"curve":"stepped"},{"time":3,"x":160.95,"y":-151.21}]},"bone10":{"translate":[{"time":0,"x":56.96,"y":-169.44,"curve":[0.25,0,0.75,1]},{"time":1,"x":22.36,"y":-115.02,"curve":"stepped"},{"time":1.5,"x":56.96,"y":-169.44,"curve":[0.25,0,0.75,1]},{"time":2.5,"x":22.36,"y":-115.02,"curve":"stepped"},{"time":3,"x":56.96,"y":-169.44}]},"bone7":{"translate":[{"time":0,"x":0,"y":0,"curve":[0.25,0,0.75,1]},{"time":0.5,"x":0,"y":-4.82,"curve":[0.25,0,0.75,1]},{"time":1,"x":0,"y":0,"curve":[0.25,0,0.75,1]},{"time":1.5,"x":0,"y":-4.82,"curve":[0.25,0,0.75,1]},{"time":2,"x":0,"y":0,"curve":[0.25,0,0.75,1]},{"time":2.5,"x":0,"y":-4.82,"curve":[0.25,0,0.75,1]},{"time":3,"x":0,"y":0}],"scale":[{"time":0,"x":1,"y":1,"curve":[0.25,0,0.75,1]},{"time":0.5,"x":0.9,"y":0.9,"curve":[0.25,0,0.75,1]},{"time":1,"x":1,"y":1,"curve":[0.25,0,0.75,1]},{"time":1.5,"x":0.9,"y":0.9,"curve":[0.25,0,0.75,1]},{"time":2,"x":1,"y":1,"curve":[0.25,0,0.75,1]},{"time":2.5,"x":0.9,"y":0.9,"curve":[0.25,0,0.75,1]},{"time":3,"x":1,"y":1}]},"bone9":{"translate":[{"time":0,"x":0,"y":1.47,"curve":[0.378,0.52,0.748,1]},{"time":0.2333,"x":0,"y":0,"curve":[0.25,0,0.75,1]},{"time":0.7333,"x":0,"y":3.22,"curve":[0.25,0,0.75,1]},{"time":1.2333,"x":0,"y":0,"curve":[0.25,0,0.75,1]},{"time":1.7333,"x":0,"y":3.22,"curve":[0.25,0,0.75,1]},{"time":2.2333,"x":0,"y":0,"curve":[0.25,0,0.75,1]},{"time":2.7333,"x":0,"y":3.22,"curve":[0.248,0,0.628,0.52]},{"time":3,"x":0,"y":1.47}],"scale":[{"time":0,"x":0.954,"y":0.954,"curve":[0.378,0.52,0.748,1]},{"time":0.2333,"x":1,"y":1,"curve":[0.25,0,0.75,1]},{"time":0.7333,"x":0.9,"y":0.9,"curve":[0.25,0,0.75,1]},{"time":1.2333,"x":1,"y":1,"curve":[0.25,0,0.75,1]},{"time":1.7333,"x":0.9,"y":0.9,"curve":[0.25,0,0.75,1]},{"time":2.2333,"x":1,"y":1,"curve":[0.25,0,0.75,1]},{"time":2.7333,"x":0.9,"y":0.9,"curve":[0.248,0,0.628,0.52]},{"time":3,"x":0.954,"y":0.954}]}}}}},"_atlasText":"\r\nbaucuaicon.png\r\nsize: 512,128\r\nformat: RGBA8888\r\nfilter: Linear,Linear\r\nrepeat: none\r\nDice 1\r\n  rotate: false\r\n  xy: 112, 17\r\n  size: 104, 104\r\n  orig: 104, 104\r\n  offset: 0, 0\r\n  index: -1\r\nDice 2\r\n  rotate: false\r\n  xy: 326, 41\r\n  size: 81, 80\r\n  orig: 81, 80\r\n  offset: 0, 0\r\n  index: -1\r\nDice 3\r\n  rotate: false\r\n  xy: 409, 2\r\n  size: 72, 71\r\n  orig: 72, 71\r\n  offset: 0, 0\r\n  index: -1\r\nFlare 1\r\n  rotate: false\r\n  xy: 2, 14\r\n  size: 108, 107\r\n  orig: 108, 107\r\n  offset: 0, 0\r\n  index: -1\r\nbầu\r\n  rotate: false\r\n  xy: 218, 54\r\n  size: 106, 67\r\n  orig: 106, 67\r\n  offset: 0, 0\r\n  index: -1\r\ncua\r\n  rotate: false\r\n  xy: 409, 75\r\n  size: 100, 46\r\n  orig: 100, 46\r\n  offset: 0, 0\r\n  index: -1","textures":[{"__uuid__":"5dqbffmABC/qmhaP8G5BcC"}],"textureNames":["baucuaicon.png"]}