{"__type__":"dragonBones.DragonBonesAtlasAsset","_name":"haidaochuan_shadow_tex","_atlasJson":"{\"width\":927,\"SubTexture\":[{\"frameHeight\":235,\"y\":197,\"frameWidth\":256,\"frameX\":-7,\"width\":227,\"frameY\":-25,\"height\":182,\"name\":\"ying0001\",\"x\":464},{\"frameHeight\":235,\"y\":1,\"frameWidth\":256,\"frameX\":-11,\"width\":230,\"frameY\":-14,\"height\":194,\"name\":\"ying0013\",\"x\":464},{\"frameHeight\":235,\"y\":381,\"frameWidth\":256,\"frameX\":-17,\"width\":216,\"frameY\":-28,\"height\":162,\"name\":\"ying0002\",\"x\":438},{\"frameHeight\":235,\"y\":199,\"frameWidth\":256,\"frameX\":-10,\"width\":224,\"frameY\":-23,\"height\":178,\"name\":\"ying0016\",\"x\":232},{\"frameHeight\":235,\"y\":1,\"frameWidth\":256,\"frameX\":-17,\"width\":229,\"frameY\":-10,\"height\":197,\"name\":\"ying0008\",\"x\":1},{\"frameHeight\":235,\"y\":379,\"frameWidth\":256,\"frameX\":-15,\"width\":217,\"frameY\":-26,\"height\":173,\"name\":\"ying0004\",\"x\":219},{\"frameHeight\":235,\"y\":1,\"frameWidth\":256,\"frameX\":-17,\"width\":230,\"frameY\":-9,\"height\":196,\"name\":\"ying0010\",\"x\":232},{\"frameHeight\":235,\"y\":189,\"frameWidth\":256,\"frameX\":-16,\"width\":226,\"frameY\":-14,\"height\":185,\"name\":\"ying0007\",\"x\":696},{\"frameHeight\":235,\"y\":200,\"frameWidth\":256,\"frameX\":-18,\"width\":219,\"frameY\":-14,\"height\":176,\"name\":\"ying0014\",\"x\":1},{\"frameHeight\":235,\"y\":1,\"frameWidth\":256,\"frameX\":-17,\"width\":229,\"frameY\":-10,\"height\":186,\"name\":\"ying0011\",\"x\":696},{\"frameHeight\":235,\"y\":376,\"frameWidth\":256,\"frameX\":-17,\"width\":216,\"frameY\":-24,\"height\":178,\"name\":\"ying0005\",\"x\":693},{\"frameHeight\":235,\"y\":378,\"frameWidth\":256,\"frameX\":-18,\"width\":216,\"frameY\":-25,\"height\":178,\"name\":\"ying0017\",\"x\":1}],\"height\":558,\"name\":\"haidaochuan_shadow\",\"imagePath\":\"haidaochuan_shadow_tex.png\"}","_texture":{"__uuid__":"a1EmK1vTBFd6iiVtInzjb5"},"texture":{"__uuid__":"a1EmK1vTBFd6iiVtInzjb5"}}