{"__type__":"dragonBones.DragonBonesAsset","_name":"baolongwang_shadow_ske","_dragonBonesJson":"{\"frameRate\":24,\"name\":\"baolongwang_shadow\",\"version\":\"5.5\",\"compatibleVersion\":\"5.5\",\"armature\":[{\"type\":\"Sheet\",\"frameRate\":24,\"name\":\"baolongwang_shadow\",\"aabb\":{\"x\":-510,\"y\":-382.5,\"width\":1020,\"height\":765},\"bone\":[{\"name\":\"root\"}],\"slot\":[{\"displayIndex\":5,\"name\":\"sheetSlot\",\"parent\":\"root\"}],\"skin\":[{\"slot\":[{\"name\":\"sheetSlot\",\"display\":[{\"name\":\"00000\"},{\"name\":\"00001\"},{\"name\":\"00002\"},{\"name\":\"00003\"},{\"name\":\"00004\"},{\"name\":\"00005\"},{\"name\":\"00006\"},{\"name\":\"00007\"},{\"name\":\"00008\"},{\"name\":\"00009\"},{\"name\":\"00010\"},{\"name\":\"00011\"},{\"name\":\"00012\"},{\"name\":\"00013\"},{\"name\":\"00014\"},{\"name\":\"00015\"}]}]}],\"animation\":[{\"duration\":16,\"playTimes\":0,\"name\":\"baolongwang_shadow\",\"slot\":[{\"name\":\"sheetSlot\",\"displayFrame\":[{},{\"value\":1},{\"value\":2},{\"value\":3},{\"value\":4},{\"value\":5},{\"value\":6},{\"value\":7},{\"value\":8},{\"value\":9},{\"value\":10},{\"value\":11},{\"value\":12},{\"value\":13},{\"value\":14},{\"value\":15}]}]}],\"defaultActions\":[{\"gotoAndPlay\":\"baolongwang_shadow\"}],\"canvas\":{\"width\":1280,\"height\":720}}]}"}