[{"__type__":"cc.SpriteFrame","content":{"name":"big-r","texture":"8ed1cUWCRHk7i0rTwjPYGY","rect":[39,1,36,583],"offset":[0,0],"originalSize":[36,583],"capInsets":[0,0,0,0]}},{"__type__":"cc.SpriteAtlas","_name":"bg_dialog.plist","_spriteFrames":{"bg-c":{"__uuid__":"e8FvNwwFlHHKb6nCYmUaSO"},"big-l":{"__uuid__":"d0Gc6Xgu9Ny7ANUGV/lgkz"},"big-r":{"__uuid__":"07Bq3TnXtB1Z7QHBuaQ2n3"}}},{"__type__":"cc.SpriteFrame","content":{"name":"big-l","texture":"8ed1cUWCRHk7i0rTwjPYGY","rect":[1,1,36,583],"offset":[0,0],"originalSize":[36,583],"capInsets":[0,0,0,0]}},{"__type__":"cc.SpriteFrame","content":{"name":"bg-c","texture":"8ed1cUWCRHk7i0rTwjPYGY","rect":[77,1,1,583],"offset":[0,0],"originalSize":[1,583],"capInsets":[0,0,0,0]}}]