[[{"__type__":"cc.Prefab","_name":"x4_3","data":{"__id__":1}},{"__type__":"cc.Node","_name":"x4_3","_children":[{"__id__":2},{"__id__":4},{"__id__":6},{"__id__":7},{"__id__":8},{"__id__":9}],"_components":[{"__type__":"655c6/MZdJNZo/YxgAvEk8A","node":{"__id__":1},"fish":{"__id__":5},"shadow":{"__id__":3},"collider":{"__id__":10},"anim":{"__id__":11},"head":{"__id__":6},"end":{"__id__":7},"suoMe":{"__id__":9},"suoOther":{"__id__":8}},{"__id__":11},{"__id__":10}],"_prefab":{"__type__":"cc.PrefabInfo","root":{"__id__":1},"asset":{"__uuid__":"6czroJ7lJD9Zs+yjvJtv5p"},"fileId":"debZi9aV1PIbytqUotiF58"},"_trs":{"__type__":"TypedArray","ctor":"Float64Array","array":[0,0,0,0,0,0,1,1,1,1]},"_groupIndex":6,"groupIndex":6},{"__type__":"cc.Node","_name":"shadow","_parent":{"__id__":1},"_components":[{"__id__":3}],"_prefab":{"__type__":"cc.PrefabInfo","root":{"__id__":1},"asset":{"__uuid__":"6czroJ7lJD9Zs+yjvJtv5p"},"fileId":"6eHR9iXF9HEKQo+vuy7jMQ"},"_trs":{"__type__":"TypedArray","ctor":"Float64Array","array":[-12,-12,0,0,0,0,1,1,1,1]},"_groupIndex":6,"groupIndex":6},{"__type__":"dragonBones.ArmatureDisplay","node":{"__id__":2},"_materials":[{"__uuid__":"ecpdLyjvZBwrvm+cedCcQy"}],"_armatureName":"shiziyu_shadow","_animationName":"shiziyu_shadow","_preCacheMode":0,"_armatureKey":"5dac73d0-394d-4475-b932-b0eb9988614f#5d800269-0905-46e6-b66c-7e0118f13bab","_N$dragonAsset":{"__uuid__":"5drHPQOU1EdbkysOuZiGFP"},"_N$dragonAtlasAsset":{"__uuid__":"5dgAJpCQVG5rZsfgEY8Tur"},"_N$timeScale":0.5},{"__type__":"cc.Node","_name":"fish","_parent":{"__id__":1},"_components":[{"__id__":5}],"_prefab":{"__type__":"cc.PrefabInfo","root":{"__id__":1},"asset":{"__uuid__":"6czroJ7lJD9Zs+yjvJtv5p"},"fileId":"5doClX3vRNSqLFjmSepZBq"},"_trs":{"__type__":"TypedArray","ctor":"Float64Array","array":[0,0,0,0,0,0,1,1,1,1]}},{"__type__":"dragonBones.ArmatureDisplay","node":{"__id__":4},"_materials":[{"__uuid__":"ecpdLyjvZBwrvm+cedCcQy"}],"_armatureName":"shiziyu","_animationName":"shiziyu","_preCacheMode":0,"_armatureKey":"bac73f02-2615-451d-be1b-a0d470eb330c#122487c1-6411-4861-9e34-4235e89901f6","_N$dragonAsset":{"__uuid__":"baxz8CJhVFHb4boNRw6zMM"},"_N$dragonAtlasAsset":{"__uuid__":"12JIfBZBFIYZ40QjXomQH2"},"_N$timeScale":0.5},{"__type__":"cc.Node","_name":"head","_parent":{"__id__":1},"_prefab":{"__type__":"cc.PrefabInfo","root":{"__id__":1},"asset":{"__uuid__":"6czroJ7lJD9Zs+yjvJtv5p"},"fileId":"a3W5hZholGK4HlI1hmbMqj"},"_trs":{"__type__":"TypedArray","ctor":"Float64Array","array":[-37.101,0.113,0,0,0,0,1,1,1,1]}},{"__type__":"cc.Node","_name":"end","_parent":{"__id__":1},"_prefab":{"__type__":"cc.PrefabInfo","root":{"__id__":1},"asset":{"__uuid__":"6czroJ7lJD9Zs+yjvJtv5p"},"fileId":"dbuyiE9yBH+rmWPrXOK1cP"},"_trs":{"__type__":"TypedArray","ctor":"Float64Array","array":[1.629,2.705,0,0,0,0,1,1,1,1]}},{"__type__":"cc.Node","_name":"fish_suoding_other","_parent":{"__id__":1},"_active":false,"_components":[{"__type__":"cc.Sprite","node":{"__id__":8},"_materials":[{"__uuid__":"ecpdLyjvZBwrvm+cedCcQy"}],"_spriteFrame":{"__uuid__":"d6GNvieS9K8pqo+oyuZNkc"}},{"__type__":"cc.Animation","node":{"__id__":8},"_defaultClip":{"__uuid__":"41C/GXlRNOjLlgy6YN7juw"},"_clips":[{"__uuid__":"41C/GXlRNOjLlgy6YN7juw"}],"playOnLoad":true}],"_prefab":{"__type__":"cc.PrefabInfo","root":{"__id__":1},"asset":{"__uuid__":"6czroJ7lJD9Zs+yjvJtv5p"},"fileId":"2d15akQGtFQq5KDTmX7fLL"},"_opacity":97,"_contentSize":{"__type__":"cc.Size","width":169,"height":169},"_trs":{"__type__":"TypedArray","ctor":"Float64Array","array":[1.355,10.355,0,0,0,0,1,0.85,0.85,1]}},{"__type__":"cc.Node","_name":"fish_suoding_me","_parent":{"__id__":1},"_active":false,"_components":[{"__type__":"cc.Sprite","node":{"__id__":9},"_materials":[{"__uuid__":"ecpdLyjvZBwrvm+cedCcQy"}],"_spriteFrame":{"__uuid__":"d6GNvieS9K8pqo+oyuZNkc"}},{"__type__":"cc.Animation","node":{"__id__":9},"_defaultClip":{"__uuid__":"41C/GXlRNOjLlgy6YN7juw"},"_clips":[{"__uuid__":"41C/GXlRNOjLlgy6YN7juw"}],"playOnLoad":true}],"_prefab":{"__type__":"cc.PrefabInfo","root":{"__id__":1},"asset":{"__uuid__":"6czroJ7lJD9Zs+yjvJtv5p"},"fileId":"ee91RVxI9OMKaj7e9mrcRl"},"_contentSize":{"__type__":"cc.Size","width":169,"height":169},"_trs":{"__type__":"TypedArray","ctor":"Float64Array","array":[1.355,10.355,0,0,0,0,1,1,1,1]}},{"__type__":"cc.PolygonCollider","node":{"__id__":1},"_offset":{"__type__":"cc.Vec2","x":-2.2,"y":-14.3},"points":[{"__type__":"cc.Vec2","x":-1.7,"y":-15.8},{"__type__":"cc.Vec2","x":35,"y":-5.9},{"__type__":"cc.Vec2","x":21.5,"y":3.2},{"__type__":"cc.Vec2","x":56.5,"y":19.4},{"__type__":"cc.Vec2","x":62,"y":40.7},{"__type__":"cc.Vec2","x":27,"y":41.6},{"__type__":"cc.Vec2","x":27.7,"y":57.8},{"__type__":"cc.Vec2","x":-8.5,"y":46.3},{"__type__":"cc.Vec2","x":-40.6,"y":17.1},{"__type__":"cc.Vec2","x":-34.1,"y":5.1}]},{"__type__":"cc.Animation","node":{"__id__":1},"_clips":[{"__uuid__":"722fwp6HVLHr1thN1KCS4W"},{"__uuid__":"7dX9yj98JIcZl+rTkgcZrZ"},{"__uuid__":"0fOCsMjPFCUYqbjE4Qvylw"},{"__uuid__":"f2+j4+h9xMlo5TteY4FLTF"},{"__uuid__":"7fHxPDT1tFkb9Sav5l5uYB"}]}],{"__type__":"cc.SpriteFrame","content":{"name":"fish_game_pic_suoding1","texture":"bclyb1CdFAXZK7vE6k7C0V","rect":[0,0,169,169],"offset":[-0.5,0.5],"originalSize":[170,170],"capInsets":[0,0,0,0]}}]