{"__type__":"dragonBones.DragonBonesAtlasAsset","_name":"kyby_hall_bj_renyugangkou_tex","_atlasJson":"{\"width\":1024,\"imagePath\":\"kyby_hall_bj_renyugangkou_tex.png\",\"height\":1024,\"name\":\"kyby_hall_bj_renyugangkou\",\"SubTexture\":[{\"frameWidth\":41,\"y\":209,\"frameHeight\":41,\"width\":30,\"frameX\":-6,\"height\":28,\"name\":\"qipao\",\"frameY\":-7,\"x\":952},{\"width\":351,\"y\":247,\"height\":196,\"name\":\"houfa\",\"x\":432},{\"width\":87,\"y\":0,\"height\":162,\"name\":\"hailang2\",\"x\":913},{\"width\":119,\"y\":475,\"height\":139,\"name\":\"hailang1\",\"x\":0},{\"width\":70,\"y\":162,\"height\":47,\"name\":\"beihou_sidai\",\"x\":913},{\"width\":181,\"y\":247,\"height\":206,\"name\":\"zuoshou\",\"x\":783},{\"width\":432,\"y\":0,\"height\":370,\"name\":\"shenti\",\"x\":0},{\"frameWidth\":274,\"y\":370,\"frameHeight\":110,\"width\":271,\"frameX\":0,\"height\":105,\"name\":\"jinbi\",\"frameY\":-5,\"x\":0},{\"frameWidth\":34,\"y\":736,\"frameHeight\":86,\"width\":26,\"frameX\":0,\"height\":82,\"name\":\"haicao0004\",\"frameY\":0,\"x\":443},{\"frameWidth\":34,\"y\":535,\"frameHeight\":86,\"width\":26,\"frameX\":-1,\"height\":81,\"name\":\"haicao0005\",\"frameY\":-1,\"x\":774},{\"frameWidth\":34,\"y\":669,\"frameHeight\":86,\"width\":29,\"frameX\":0,\"height\":79,\"name\":\"haicao0012\",\"frameY\":-3,\"x\":388},{\"frameWidth\":34,\"y\":550,\"frameHeight\":86,\"width\":23,\"frameX\":0,\"height\":81,\"name\":\"haicao0019\",\"frameY\":-1,\"x\":712},{\"frameWidth\":34,\"y\":614,\"frameHeight\":86,\"width\":23,\"frameX\":0,\"height\":82,\"name\":\"haicao0020\",\"frameY\":0,\"x\":96},{\"frameWidth\":34,\"y\":400,\"frameHeight\":86,\"width\":27,\"frameX\":-1,\"height\":80,\"name\":\"haicao0006\",\"frameY\":-2,\"x\":992},{\"frameWidth\":34,\"y\":162,\"frameHeight\":86,\"width\":28,\"frameX\":0,\"height\":80,\"name\":\"haicao0013\",\"frameY\":-2,\"x\":983},{\"frameWidth\":34,\"y\":321,\"frameHeight\":86,\"width\":28,\"frameX\":-1,\"height\":79,\"name\":\"haicao0007\",\"frameY\":-3,\"x\":964},{\"frameWidth\":34,\"y\":475,\"frameHeight\":86,\"width\":27,\"frameX\":0,\"height\":81,\"name\":\"haicao0014\",\"frameY\":-1,\"x\":244},{\"frameWidth\":34,\"y\":644,\"frameHeight\":86,\"width\":24,\"frameX\":0,\"height\":82,\"name\":\"haicao0021\",\"frameY\":0,\"x\":606},{\"frameWidth\":34,\"y\":736,\"frameHeight\":86,\"width\":26,\"frameX\":0,\"height\":82,\"name\":\"haicao0003\",\"frameY\":0,\"x\":469},{\"frameWidth\":34,\"y\":453,\"frameHeight\":86,\"width\":26,\"frameX\":0,\"height\":82,\"name\":\"haicao0015\",\"frameY\":0,\"x\":774},{\"frameWidth\":34,\"y\":644,\"frameHeight\":86,\"width\":24,\"frameX\":0,\"height\":82,\"name\":\"haicao0022\",\"frameY\":0,\"x\":582},{\"frameWidth\":34,\"y\":400,\"frameHeight\":86,\"width\":28,\"frameX\":-1,\"height\":79,\"name\":\"haicao0008\",\"frameY\":-3,\"x\":964},{\"frameWidth\":34,\"y\":644,\"frameHeight\":86,\"width\":25,\"frameX\":0,\"height\":82,\"name\":\"haicao0023\",\"frameY\":0,\"x\":532},{\"frameWidth\":34,\"y\":550,\"frameHeight\":86,\"width\":25,\"frameX\":0,\"height\":82,\"name\":\"haicao0016\",\"frameY\":0,\"x\":663},{\"frameWidth\":34,\"y\":242,\"frameHeight\":86,\"width\":28,\"frameX\":-1,\"height\":79,\"name\":\"haicao0009\",\"frameY\":-3,\"x\":983},{\"frameWidth\":34,\"y\":736,\"frameHeight\":86,\"width\":26,\"frameX\":0,\"height\":82,\"name\":\"haicao0002\",\"frameY\":0,\"x\":417},{\"frameWidth\":34,\"y\":619,\"frameHeight\":86,\"width\":25,\"frameX\":0,\"height\":82,\"name\":\"haicao0024\",\"frameY\":0,\"x\":634},{\"frameWidth\":34,\"y\":550,\"frameHeight\":86,\"width\":24,\"frameX\":0,\"height\":82,\"name\":\"haicao0017\",\"frameY\":0,\"x\":688},{\"frameWidth\":34,\"y\":321,\"frameHeight\":86,\"width\":28,\"frameX\":-1,\"height\":79,\"name\":\"haicao0010\",\"frameY\":-3,\"x\":992},{\"frameWidth\":34,\"y\":0,\"frameHeight\":86,\"width\":24,\"frameX\":0,\"height\":82,\"name\":\"haicao0018\",\"frameY\":0,\"x\":1000},{\"frameWidth\":34,\"y\":644,\"frameHeight\":86,\"width\":25,\"frameX\":0,\"height\":82,\"name\":\"haicao0001\",\"frameY\":0,\"x\":557},{\"frameWidth\":34,\"y\":541,\"frameHeight\":86,\"width\":29,\"frameX\":0,\"height\":78,\"name\":\"haicao0011\",\"frameY\":-4,\"x\":634},{\"width\":481,\"y\":0,\"height\":247,\"name\":\"paizi\",\"x\":432},{\"width\":98,\"y\":443,\"height\":107,\"name\":\"tou\",\"x\":676},{\"width\":40,\"y\":942,\"height\":64,\"name\":\"touying\",\"x\":56},{\"width\":168,\"y\":443,\"height\":125,\"name\":\"youshou\",\"x\":271},{\"width\":73,\"y\":667,\"height\":130,\"name\":\"pangfa02\",\"x\":217},{\"width\":127,\"y\":443,\"height\":89,\"name\":\"pangfa\",\"x\":439},{\"width\":110,\"y\":443,\"height\":98,\"name\":\"qianfa\",\"x\":566},{\"width\":122,\"y\":768,\"height\":77,\"name\":\"touding\",\"x\":0},{\"width\":85,\"y\":937,\"height\":54,\"name\":\"biyan\",\"x\":96},{\"width\":78,\"y\":614,\"height\":47,\"name\":\"banbiyan\",\"x\":0},{\"frameWidth\":54,\"y\":370,\"frameHeight\":43,\"width\":49,\"frameX\":-5,\"height\":42,\"name\":\"jinbi1\",\"frameY\":0,\"x\":271},{\"frameWidth\":97,\"y\":937,\"frameHeight\":23,\"width\":9,\"frameX\":-88,\"height\":22,\"name\":\"saoguang0023\",\"frameY\":-1,\"x\":181},{\"frameWidth\":97,\"y\":991,\"frameHeight\":23,\"width\":19,\"frameX\":-78,\"height\":22,\"name\":\"saoguang0021\",\"frameY\":-1,\"x\":162},{\"frameWidth\":97,\"y\":937,\"frameHeight\":23,\"width\":4,\"frameX\":-93,\"height\":21,\"name\":\"saoguang0024\",\"frameY\":-2,\"x\":190},{\"frameWidth\":97,\"y\":614,\"frameHeight\":23,\"width\":18,\"frameX\":0,\"height\":23,\"name\":\"saoguang0003\",\"frameY\":0,\"x\":78},{\"frameWidth\":97,\"y\":991,\"frameHeight\":23,\"width\":33,\"frameX\":-6,\"height\":23,\"name\":\"saoguang0007\",\"frameY\":0,\"x\":129},{\"frameWidth\":97,\"y\":412,\"frameHeight\":23,\"width\":32,\"frameX\":-12,\"height\":23,\"name\":\"saoguang0008\",\"frameY\":0,\"x\":271},{\"frameWidth\":97,\"y\":983,\"frameHeight\":23,\"width\":33,\"frameX\":-57,\"height\":23,\"name\":\"saoguang0017\",\"frameY\":0,\"x\":181},{\"frameWidth\":97,\"y\":1001,\"frameHeight\":23,\"width\":34,\"frameX\":-62,\"height\":23,\"name\":\"saoguang0018\",\"frameY\":0,\"x\":0},{\"frameWidth\":97,\"y\":370,\"frameHeight\":23,\"width\":31,\"frameX\":-16,\"height\":23,\"name\":\"saoguang0009\",\"frameY\":0,\"x\":320},{\"frameWidth\":97,\"y\":804,\"frameHeight\":23,\"width\":34,\"frameX\":-36,\"height\":23,\"name\":\"saoguang0013\",\"frameY\":0,\"x\":156},{\"frameWidth\":97,\"y\":983,\"frameHeight\":23,\"width\":33,\"frameX\":-47,\"height\":23,\"name\":\"saoguang0015\",\"frameY\":0,\"x\":214},{\"frameWidth\":97,\"y\":804,\"frameHeight\":23,\"width\":34,\"frameX\":-21,\"height\":23,\"name\":\"saoguang0010\",\"frameY\":0,\"x\":122},{\"frameWidth\":97,\"y\":393,\"frameHeight\":23,\"width\":30,\"frameX\":-67,\"height\":22,\"name\":\"saoguang0019\",\"frameY\":-1,\"x\":335},{\"frameWidth\":97,\"y\":765,\"frameHeight\":23,\"width\":29,\"frameX\":0,\"height\":23,\"name\":\"saoguang0005\",\"frameY\":0,\"x\":290},{\"frameWidth\":97,\"y\":804,\"frameHeight\":23,\"width\":25,\"frameX\":-72,\"height\":22,\"name\":\"saoguang0020\",\"frameY\":-1,\"x\":190},{\"frameWidth\":97,\"y\":983,\"frameHeight\":23,\"width\":14,\"frameX\":0,\"height\":23,\"name\":\"saoguang0002\",\"frameY\":0,\"x\":280},{\"frameWidth\":97,\"y\":991,\"frameHeight\":23,\"width\":33,\"frameX\":-1,\"height\":23,\"name\":\"saoguang0006\",\"frameY\":0,\"x\":96},{\"frameWidth\":97,\"y\":393,\"frameHeight\":23,\"width\":9,\"frameX\":0,\"height\":19,\"name\":\"saoguang0001\",\"frameY\":-4,\"x\":320},{\"frameWidth\":97,\"y\":855,\"frameHeight\":23,\"width\":34,\"frameX\":-26,\"height\":23,\"name\":\"saoguang0011\",\"frameY\":0,\"x\":353},{\"frameWidth\":97,\"y\":983,\"frameHeight\":23,\"width\":33,\"frameX\":-52,\"height\":23,\"name\":\"saoguang0016\",\"frameY\":0,\"x\":247},{\"frameWidth\":97,\"y\":855,\"frameHeight\":23,\"width\":34,\"frameX\":-31,\"height\":23,\"name\":\"saoguang0012\",\"frameY\":0,\"x\":319},{\"frameWidth\":97,\"y\":1001,\"frameHeight\":23,\"width\":21,\"frameX\":0,\"height\":23,\"name\":\"saoguang0004\",\"frameY\":0,\"x\":34},{\"frameWidth\":97,\"y\":637,\"frameHeight\":23,\"width\":15,\"frameX\":-82,\"height\":22,\"name\":\"saoguang0022\",\"frameY\":-1,\"x\":78},{\"frameWidth\":97,\"y\":412,\"frameHeight\":23,\"width\":32,\"frameX\":-42,\"height\":23,\"name\":\"saoguang0014\",\"frameY\":0,\"x\":303},{\"frameWidth\":153,\"y\":475,\"frameHeight\":159,\"width\":125,\"frameX\":-14,\"height\":131,\"name\":\"12222\",\"frameY\":-14,\"x\":119},{\"frameWidth\":128,\"y\":890,\"frameHeight\":112,\"width\":98,\"frameX\":-22,\"height\":93,\"name\":\"shuiqiu0001\",\"frameY\":-9,\"x\":198},{\"frameWidth\":128,\"y\":669,\"frameHeight\":112,\"width\":98,\"frameX\":-22,\"height\":96,\"name\":\"shuiqiu0010\",\"frameY\":-9,\"x\":290},{\"frameWidth\":128,\"y\":797,\"frameHeight\":112,\"width\":102,\"frameX\":-19,\"height\":93,\"name\":\"shuiqiu0012\",\"frameY\":-19,\"x\":217},{\"frameWidth\":128,\"y\":532,\"frameHeight\":112,\"width\":99,\"frameX\":-16,\"height\":103,\"name\":\"shuiqiu0016\",\"frameY\":-7,\"x\":439},{\"frameWidth\":128,\"y\":845,\"frameHeight\":112,\"width\":96,\"frameX\":-14,\"height\":97,\"name\":\"shuiqiu0005\",\"frameY\":-13,\"x\":0},{\"frameWidth\":128,\"y\":667,\"frameHeight\":112,\"width\":96,\"frameX\":-14,\"height\":101,\"name\":\"shuiqiu0014\",\"frameY\":-11,\"x\":0},{\"frameWidth\":128,\"y\":635,\"frameHeight\":112,\"width\":94,\"frameX\":-19,\"height\":101,\"name\":\"shuiqiu0015\",\"frameY\":-9,\"x\":438},{\"frameWidth\":128,\"y\":541,\"frameHeight\":112,\"width\":96,\"frameX\":-19,\"height\":103,\"name\":\"shuiqiu0007\",\"frameY\":-7,\"x\":538},{\"frameWidth\":128,\"y\":606,\"frameHeight\":112,\"width\":98,\"frameX\":-16,\"height\":100,\"name\":\"shuiqiu0008\",\"frameY\":-10,\"x\":119},{\"frameWidth\":128,\"y\":845,\"frameHeight\":112,\"width\":102,\"frameX\":-19,\"height\":92,\"name\":\"shuiqiu0003\",\"frameY\":-19,\"x\":96},{\"frameWidth\":128,\"y\":568,\"frameHeight\":112,\"width\":95,\"frameX\":-16,\"height\":101,\"name\":\"shuiqiu0006\",\"frameY\":-11,\"x\":343},{\"frameWidth\":128,\"y\":890,\"frameHeight\":112,\"width\":92,\"frameX\":-16,\"height\":97,\"name\":\"shuiqiu0013\",\"frameY\":-13,\"x\":296},{\"frameWidth\":128,\"y\":765,\"frameHeight\":112,\"width\":98,\"frameX\":-21,\"height\":90,\"name\":\"shuiqiu0011\",\"frameY\":-21,\"x\":319},{\"frameWidth\":128,\"y\":568,\"frameHeight\":112,\"width\":99,\"frameX\":-23,\"height\":99,\"name\":\"shuiqiu0002\",\"frameY\":-7,\"x\":244},{\"frameWidth\":128,\"y\":706,\"frameHeight\":112,\"width\":95,\"frameX\":-23,\"height\":98,\"name\":\"shuiqiu0009\",\"frameY\":-11,\"x\":122},{\"frameWidth\":128,\"y\":855,\"frameHeight\":112,\"width\":89,\"frameX\":-17,\"height\":95,\"name\":\"shuiqiu0004\",\"frameY\":-17,\"x\":388},{\"width\":56,\"y\":942,\"height\":59,\"name\":\"qiu\",\"x\":0},{\"frameWidth\":40,\"y\":209,\"frameHeight\":40,\"width\":39,\"frameX\":-1,\"height\":38,\"name\":\"xing\",\"frameY\":-1,\"x\":913}]}","_texture":{"__uuid__":"bfxL1Kn/NFH6SCom/8Nrxj"},"texture":{"__uuid__":"bfxL1Kn/NFH6SCom/8Nrxj"}}