{"__type__":"sp.SkeletonData","_name":"Line-2","_skeletonJson":{"skeleton":{"hash":"u9gQl1EY39vAOIPVYiUZz6dEEhg","spine":"3.6.53","width":266,"height":125,"images":"C:/Users/Dragon-X/Desktop"},"bones":[{"name":"root"}],"slots":[{"name":"Line-2","bone":"root","attachment":"Line-2/0"}],"skins":{"default":{"Line-2":{"Line-2/0":{"width":266,"height":125},"Line-2/1":{"width":266,"height":125},"Line-2/2":{"width":266,"height":125},"Line-2/3":{"width":266,"height":125},"Line-2/4":{"width":266,"height":125},"Line-2/5":{"width":266,"height":125},"Line-2/6":{"width":266,"height":125},"Line-2/7":{"width":266,"height":125},"Line-2/8":{"width":266,"height":125},"Line-2/9":{"width":266,"height":125},"Line-2/10":{"width":266,"height":125},"Line-2/11":{"width":266,"height":125},"Line-2/12":{"width":266,"height":125},"Line-2/13":{"width":266,"height":125},"Line-2/14":{"width":266,"height":125},"Line-2/15":{"width":266,"height":125},"Line-2/16":{"width":266,"height":125},"Line-2/17":{"width":266,"height":125},"Line-2/18":{"width":266,"height":125},"Line-2/19":{"width":266,"height":125},"Line-2/20":{"width":266,"height":125},"Line-2/21":{"width":266,"height":125},"Line-2/22":{"width":266,"height":125},"Line-2/23":{"width":266,"height":125},"Line-2/24":{"width":266,"height":125},"Line-2/25":{"width":266,"height":125}}}},"animations":{"Idle":{"slots":{"Line-2":{"attachment":[{"time":0,"name":"Line-2/0"},{"time":0.0333,"name":"Line-2/1"},{"time":0.0667,"name":"Line-2/2"},{"time":0.1,"name":"Line-2/3"},{"time":0.1333,"name":"Line-2/4"},{"time":0.1667,"name":"Line-2/5"},{"time":0.2,"name":"Line-2/6"},{"time":0.2333,"name":"Line-2/7"},{"time":0.2667,"name":"Line-2/8"},{"time":0.3,"name":"Line-2/9"},{"time":0.3333,"name":"Line-2/10"},{"time":0.3667,"name":"Line-2/11"},{"time":0.4,"name":"Line-2/12"},{"time":0.4333,"name":"Line-2/13"},{"time":0.4667,"name":"Line-2/14"},{"time":0.5,"name":"Line-2/15"},{"time":0.5333,"name":"Line-2/16"},{"time":0.5667,"name":"Line-2/17"},{"time":0.6,"name":"Line-2/18"},{"time":0.6333,"name":"Line-2/19"},{"time":0.6667,"name":"Line-2/20"},{"time":0.7,"name":"Line-2/21"},{"time":0.7333,"name":"Line-2/22"},{"time":0.7667,"name":"Line-2/23"},{"time":0.8,"name":"Line-2/24"},{"time":0.8333,"name":"Line-2/25"}]}}}}},"_atlasText":"\nLine-2.png\nsize: 1024,1024\nformat: RGBA8888\nfilter: Linear,Linear\nrepeat: none\nLine-2/0\n  rotate: true\n  xy: 121, 44\n  size: 224, 124\n  orig: 266, 125\n  offset: 21, 0\n  index: -1\nLine-2/25\n  rotate: true\n  xy: 121, 44\n  size: 224, 124\n  orig: 266, 125\n  offset: 21, 0\n  index: -1\nLine-2/1\n  rotate: false\n  xy: 520, 385\n  size: 171, 124\n  orig: 266, 125\n  offset: 48, 0\n  index: -1\nLine-2/10\n  rotate: false\n  xy: 2, 889\n  size: 265, 124\n  orig: 266, 125\n  offset: 0, 0\n  index: -1\nLine-2/11\n  rotate: false\n  xy: 536, 763\n  size: 262, 124\n  orig: 266, 125\n  offset: 2, 0\n  index: -1\nLine-2/12\n  rotate: false\n  xy: 269, 385\n  size: 249, 124\n  orig: 266, 125\n  offset: 8, 0\n  index: -1\nLine-2/13\n  rotate: false\n  xy: 800, 763\n  size: 197, 124\n  orig: 266, 125\n  offset: 35, 0\n  index: -1\nLine-2/14\n  rotate: false\n  xy: 693, 385\n  size: 145, 124\n  orig: 266, 125\n  offset: 61, 0\n  index: -1\nLine-2/15\n  rotate: false\n  xy: 269, 259\n  size: 127, 124\n  orig: 266, 125\n  offset: 69, 0\n  index: -1\nLine-2/16\n  rotate: false\n  xy: 796, 637\n  size: 179, 124\n  orig: 266, 125\n  offset: 43, 0\n  index: -1\nLine-2/17\n  rotate: false\n  xy: 531, 511\n  size: 236, 124\n  orig: 266, 125\n  offset: 15, 0\n  index: -1\nLine-2/18\n  rotate: false\n  xy: 2, 763\n  size: 265, 124\n  orig: 266, 125\n  offset: 1, 0\n  index: -1\nLine-2/19\n  rotate: false\n  xy: 269, 637\n  size: 264, 124\n  orig: 266, 125\n  offset: 1, 0\n  index: -1\nLine-2/2\n  rotate: false\n  xy: 398, 259\n  size: 120, 124\n  orig: 266, 125\n  offset: 73, 0\n  index: -1\nLine-2/20\n  rotate: false\n  xy: 2, 390\n  size: 265, 120\n  orig: 266, 125\n  offset: 0, 2\n  index: -1\nLine-2/21\n  rotate: true\n  xy: 2, 2\n  size: 266, 117\n  orig: 266, 125\n  offset: 0, 4\n  index: -1\nLine-2/22\n  rotate: false\n  xy: 269, 889\n  size: 265, 124\n  orig: 266, 125\n  offset: 0, 0\n  index: -1\nLine-2/23\n  rotate: false\n  xy: 2, 637\n  size: 265, 124\n  orig: 266, 125\n  offset: 0, 0\n  index: -1\nLine-2/24\n  rotate: false\n  xy: 269, 511\n  size: 260, 124\n  orig: 266, 125\n  offset: 3, 0\n  index: -1\nLine-2/3\n  rotate: false\n  xy: 769, 511\n  size: 153, 124\n  orig: 266, 125\n  offset: 56, 0\n  index: -1\nLine-2/4\n  rotate: false\n  xy: 802, 889\n  size: 205, 124\n  orig: 266, 125\n  offset: 30, 0\n  index: -1\nLine-2/5\n  rotate: false\n  xy: 535, 637\n  size: 259, 124\n  orig: 266, 125\n  offset: 4, 0\n  index: -1\nLine-2/6\n  rotate: false\n  xy: 536, 889\n  size: 264, 124\n  orig: 266, 125\n  offset: 1, 0\n  index: -1\nLine-2/7\n  rotate: false\n  xy: 2, 512\n  size: 265, 123\n  orig: 266, 125\n  offset: 0, 0\n  index: -1\nLine-2/8\n  rotate: false\n  xy: 2, 270\n  size: 265, 118\n  orig: 266, 125\n  offset: 0, 3\n  index: -1\nLine-2/9\n  rotate: false\n  xy: 269, 763\n  size: 265, 124\n  orig: 266, 125\n  offset: 0, 0\n  index: -1\n","textures":[{"__uuid__":"3bLSnMalJOWKxV19EFM6wS"}],"textureNames":["Line-2.png"]}