{"__type__":"sp.SkeletonData","_name":"Minipoker","_skeletonJson":{"skeleton":{"hash":"kgKtHVIx+DwHxoO/sbwSHCvHYNg","spine":"3.6.52","width":206,"height":184,"images":"./7Icon/"},"bones":[{"name":"root"},{"name":"bone2","parent":"root","color":"0aff00ff"},{"name":"bone13","parent":"bone2","x":-0.1,"y":-53.22,"color":"0aff00ff"},{"name":"bone14","parent":"bone2","x":-66.34,"y":57.53,"color":"0aff00ff"},{"name":"bone15","parent":"bone2","x":-78.76,"y":-16.99,"color":"0aff00ff"},{"name":"bone16","parent":"bone2","x":82.7,"y":45.11,"color":"0aff00ff"},{"name":"bone56","parent":"bone2","x":-1.36,"y":-88.68,"color":"0aff00ff"},{"name":"bone17","parent":"bone56","x":83.02,"y":53.06,"color":"0aff00ff"},{"name":"bone57","parent":"bone56","length":87.31,"rotation":133.53,"x":24.56,"y":70.02,"color":"0aff00ff"},{"name":"bone58","parent":"bone56","length":101.44,"rotation":111.6,"x":28.35,"y":69.39,"color":"0aff00ff"},{"name":"bone59","parent":"bone56","length":94.62,"rotation":85.4,"x":29.62,"y":70.66,"color":"0aff00ff"}],"slots":[{"name":"Card 3","bone":"bone59","attachment":"Card 3"},{"name":"Card 2","bone":"bone58","attachment":"Card 2"},{"name":"Card 1","bone":"bone57","attachment":"Card 1"},{"name":"Rollet","bone":"bone56","attachment":"Rollet"},{"name":"Rollet CTL","bone":"bone17","attachment":"Rollet CTL"},{"name":"Coin 3","bone":"bone16","attachment":"Coin 3"},{"name":"Coin 2","bone":"bone14","attachment":"Coin 2"},{"name":"Coin","bone":"bone15","attachment":"Coin"},{"name":"Mini Pocker","bone":"bone13","attachment":"Mini Pocker"}],"skins":{"default":{"Card 1":{"Card 1":{"x":55.67,"y":-15.83,"rotation":-133.53,"width":132,"height":89}},"Card 2":{"Card 2":{"x":62.55,"y":-2.01,"rotation":-111.6,"width":113,"height":103}},"Card 3":{"Card 3":{"x":55.36,"y":-0.63,"rotation":-85.4,"width":72,"height":90}},"Coin":{"Coin":{"x":-6.4,"y":4.6,"width":51,"height":47}},"Coin 2":{"Coin 2":{"x":2.18,"y":-0.42,"width":43,"height":42}},"Coin 3":{"Coin 3":{"x":-2.36,"width":30,"height":36}},"Mini Pocker":{"Mini Pocker":{"x":2.94,"y":5.32,"width":165,"height":74}},"Rollet":{"Rollet":{"x":3.2,"y":71.79,"width":187,"height":152}},"Rollet CTL":{"Rollet CTL":{"x":0.68,"y":21.73,"width":26,"height":52}}}},"animations":{"Idle":{"bones":{"bone17":{"translate":[{"time":0,"x":0,"y":0,"curve":[0.25,0,0.75,1]},{"time":0.0667,"x":0.74,"y":-6.68,"curve":[0.25,0,0.75,1]},{"time":0.1667,"x":0,"y":0,"curve":"stepped"},{"time":2,"x":0,"y":0}],"scale":[{"time":0,"x":1,"y":1,"curve":[0.25,0,0.75,1]},{"time":0.0667,"x":1,"y":0.12,"curve":[0.25,0,0.75,1]},{"time":0.1667,"x":1,"y":1,"curve":"stepped"},{"time":2,"x":1,"y":1}]},"bone13":{"scale":[{"time":0,"x":1,"y":1,"curve":[0.25,0,0.75,1]},{"time":0.3333,"x":0.8,"y":0.8,"curve":[0.25,0,0.75,1]},{"time":0.6667,"x":1,"y":1,"curve":[0.25,0,0.75,1]},{"time":1,"x":0.8,"y":0.8,"curve":[0.25,0,0.75,1]},{"time":1.3333,"x":1,"y":1,"curve":[0.25,0,0.75,1]},{"time":1.6667,"x":0.8,"y":0.8,"curve":[0.25,0,0.75,1]},{"time":2,"x":1,"y":1}]},"bone56":{"scale":[{"time":0,"x":1,"y":1,"curve":"stepped"},{"time":0.2,"x":1,"y":1,"curve":[0.25,0,0.75,1]},{"time":0.3333,"x":1,"y":0.8,"curve":[0.25,0,0.75,1]},{"time":0.4667,"x":1,"y":1,"curve":[0.25,0,0.75,1]},{"time":0.6,"x":1,"y":0.8,"curve":[0.25,0,0.75,1]},{"time":0.7,"x":1,"y":1,"curve":[0.25,0,0.75,1]},{"time":0.8333,"x":1,"y":0.8,"curve":[0.25,0,0.75,1]},{"time":0.9667,"x":1,"y":1,"curve":[0.25,0,0.75,1]},{"time":1.1,"x":1,"y":0.8,"curve":[0.25,0,0.75,1]},{"time":1.2333,"x":1,"y":1,"curve":[0.25,0,0.75,1]},{"time":1.3667,"x":1,"y":0.8,"curve":[0.25,0,0.75,1]},{"time":1.5,"x":1,"y":1,"curve":[0.25,0,0.75,1]},{"time":1.6333,"x":1,"y":0.8,"curve":[0.25,0,0.75,1]},{"time":1.7667,"x":1,"y":1,"curve":[0.25,0,0.75,1]},{"time":1.8667,"x":1,"y":0.8,"curve":[0.25,0,0.75,1]},{"time":2,"x":1,"y":1}]},"bone15":{"translate":[{"time":0,"x":0,"y":0,"curve":[0.25,0,0.75,1]},{"time":0.3333,"x":0,"y":-8.33,"curve":[0.25,0,0.75,1]},{"time":0.6667,"x":0,"y":0,"curve":[0.25,0,0.75,1]},{"time":1,"x":0,"y":-8.33,"curve":[0.25,0,0.75,1]},{"time":1.3333,"x":0,"y":0,"curve":[0.25,0,0.75,1]},{"time":1.6667,"x":0,"y":-8.33,"curve":[0.25,0,0.75,1]},{"time":2,"x":0,"y":0}]},"bone14":{"translate":[{"time":0,"x":0,"y":-3.33,"curve":[0.25,0,0.75,1]},{"time":0.1333,"x":0,"y":0,"curve":[0.25,0,0.75,1]},{"time":0.4667,"x":0,"y":-8.33,"curve":[0.25,0,0.75,1]},{"time":0.8,"x":0,"y":0,"curve":[0.25,0,0.75,1]},{"time":1.1333,"x":0,"y":-8.33,"curve":[0.25,0,0.75,1]},{"time":1.4667,"x":0,"y":0,"curve":[0.25,0,0.75,1]},{"time":1.8,"x":0,"y":-8.33,"curve":[0.25,0,0.75,1]},{"time":2,"x":0,"y":-3.33}]},"bone16":{"translate":[{"time":0,"x":0,"y":-2.5,"curve":[0.25,0,0.75,1]},{"time":0.1,"x":0,"y":0,"curve":[0.25,0,0.75,1]},{"time":0.4333,"x":0,"y":-8.33,"curve":[0.25,0,0.75,1]},{"time":0.7667,"x":0,"y":0,"curve":[0.25,0,0.75,1]},{"time":1.1,"x":0,"y":-8.33,"curve":[0.25,0,0.75,1]},{"time":1.4333,"x":0,"y":0,"curve":[0.25,0,0.75,1]},{"time":1.7667,"x":0,"y":-8.33,"curve":[0.25,0,0.75,1]},{"time":2,"x":0,"y":-2.5}]},"bone57":{"rotate":[{"time":0,"angle":6.28,"curve":[0.25,0,0.75,1]},{"time":0.3333,"angle":-10.31,"curve":[0.25,0,0.75,1]},{"time":0.6667,"angle":6.28,"curve":[0.25,0,0.75,1]},{"time":1,"angle":-10.31,"curve":[0.25,0,0.75,1]},{"time":1.3333,"angle":6.28,"curve":[0.25,0,0.75,1]},{"time":1.6667,"angle":-10.31,"curve":[0.25,0,0.75,1]},{"time":2,"angle":6.28}]},"bone58":{"rotate":[{"time":0,"angle":1.3,"curve":[0.25,0,0.75,1]},{"time":0.1,"angle":6.28,"curve":[0.25,0,0.75,1]},{"time":0.4333,"angle":-10.31,"curve":[0.25,0,0.75,1]},{"time":0.7667,"angle":6.28,"curve":[0.25,0,0.75,1]},{"time":1.1,"angle":-10.31,"curve":[0.25,0,0.75,1]},{"time":1.4333,"angle":6.28,"curve":[0.25,0,0.75,1]},{"time":1.7667,"angle":-10.31,"curve":[0.25,0,0.75,1]},{"time":2,"angle":1.3}]},"bone59":{"rotate":[{"time":0,"angle":-3.68,"curve":[0.25,0,0.75,1]},{"time":0.2,"angle":6.28,"curve":[0.25,0,0.75,1]},{"time":0.5333,"angle":-10.31,"curve":[0.25,0,0.75,1]},{"time":0.8667,"angle":6.28,"curve":[0.25,0,0.75,1]},{"time":1.2,"angle":-10.31,"curve":[0.25,0,0.75,1]},{"time":1.5333,"angle":6.28,"curve":[0.25,0,0.75,1]},{"time":1.8667,"angle":-10.31,"curve":[0.25,0,0.75,1]},{"time":2,"angle":-3.68}]}}}}},"_atlasText":"\r\nMinipoker.png\r\nsize: 512,256\r\nformat: RGBA8888\r\nfilter: Linear,Linear\r\nrepeat: none\r\nCard 1\r\n  rotate: false\r\n  xy: 191, 141\r\n  size: 132, 89\r\n  orig: 132, 89\r\n  offset: 0, 0\r\n  index: -1\r\nCard 2\r\n  rotate: false\r\n  xy: 325, 127\r\n  size: 113, 103\r\n  orig: 113, 103\r\n  offset: 0, 0\r\n  index: -1\r\nCard 3\r\n  rotate: true\r\n  xy: 191, 67\r\n  size: 72, 90\r\n  orig: 72, 90\r\n  offset: 0, 0\r\n  index: -1\r\nCoin\r\n  rotate: false\r\n  xy: 440, 183\r\n  size: 51, 47\r\n  orig: 51, 47\r\n  offset: 0, 0\r\n  index: -1\r\nCoin 2\r\n  rotate: false\r\n  xy: 440, 139\r\n  size: 43, 42\r\n  orig: 43, 42\r\n  offset: 0, 0\r\n  index: -1\r\nCoin 3\r\n  rotate: false\r\n  xy: 311, 89\r\n  size: 30, 36\r\n  orig: 30, 36\r\n  offset: 0, 0\r\n  index: -1\r\nMini Pocker\r\n  rotate: false\r\n  xy: 2, 2\r\n  size: 165, 74\r\n  orig: 165, 74\r\n  offset: 0, 0\r\n  index: -1\r\nRollet\r\n  rotate: false\r\n  xy: 2, 78\r\n  size: 187, 152\r\n  orig: 187, 152\r\n  offset: 0, 0\r\n  index: -1\r\nRollet CTL\r\n  rotate: false\r\n  xy: 283, 87\r\n  size: 26, 52\r\n  orig: 26, 52\r\n  offset: 0, 0\r\n  index: -1","textures":[{"__uuid__":"b9WijufzNA0oseoOOJaCQq"}],"textureNames":["Minipoker.png"]}