{"__type__":"dragonBones.DragonBonesAsset","_name":"xiaochouyu_shadow_ske","_dragonBonesJson":"{\"frameRate\":24,\"name\":\"xiaochouyu_shadow\",\"version\":\"5.5\",\"compatibleVersion\":\"5.5\",\"armature\":[{\"type\":\"Sheet\",\"frameRate\":24,\"name\":\"xiaochouyu_shadow\",\"aabb\":{\"x\":-128,\"y\":-128,\"width\":256,\"height\":256},\"bone\":[{\"name\":\"root\"}],\"slot\":[{\"displayIndex\":7,\"name\":\"sheetSlot\",\"parent\":\"root\"}],\"skin\":[{\"slot\":[{\"name\":\"sheetSlot\",\"display\":[{\"name\":\"00000\"},{\"name\":\"00003\"},{\"name\":\"00006\"},{\"name\":\"00009\"},{\"name\":\"00012\"},{\"name\":\"00015\"},{\"name\":\"00018\"},{\"name\":\"00021\"},{\"name\":\"00024\"},{\"name\":\"00027\"}]}]}],\"animation\":[{\"duration\":10,\"playTimes\":0,\"name\":\"xiaochouyu_shadow\",\"slot\":[{\"name\":\"sheetSlot\",\"displayFrame\":[{},{\"value\":1},{\"value\":2},{\"value\":3},{\"value\":4},{\"value\":5},{\"value\":6},{\"value\":7},{\"value\":8},{\"value\":9}]}]}],\"defaultActions\":[{\"gotoAndPlay\":\"xiaochouyu_shadow\"}]}]}"}