[{"__type__":"cc.Prefab","_name":"freespin","data":{"__id__":1}},{"__type__":"cc.Node","_name":"freespin","_components":[{"__type__":"sp.Skeleton","node":{"__id__":1},"_materials":[{"__uuid__":"7a/QZLET9IDreTiBfRn2PD"}],"defaultAnimation":"animation","_preCacheMode":0,"_animationName":"animation","_N$skeletonData":{"__uuid__":"02xyCu7hVAkrBsuorIUb7q"}}],"_prefab":{"__type__":"cc.PrefabInfo","root":{"__id__":1},"asset":{"__uuid__":"30teUNjGhFCoPcwEU+nDc4"},"fileId":"86HpucxOJD77xIiTGLDQ45"},"_contentSize":{"__type__":"cc.Size","width":201,"height":160},"_trs":{"__type__":"TypedArray","ctor":"Float64Array","array":[0,-15,0,0,0,0,1,0.8,0.8,1]}}]