{"__type__":"dragonBones.DragonBonesAsset","_name":"kyby_paotai6_ske","_dragonBonesJson":"{\"frameRate\":24,\"name\":\"kyby_paotai6\",\"version\":\"5.5\",\"compatibleVersion\":\"5.5\",\"armature\":[{\"type\":\"Armature\",\"frameRate\":24,\"name\":\"kyby_paotai6\",\"aabb\":{\"x\":-74,\"y\":-166.98,\"width\":148,\"height\":224.22},\"bone\":[{\"name\":\"root\",\"transform\":{\"y\":61.1562}},{\"length\":78,\"name\":\"paotai6_paoshen\",\"parent\":\"root\",\"transform\":{\"x\":0.9,\"y\":-24.75,\"skX\":-91.3102,\"skY\":-91.3102}},{\"length\":20,\"name\":\"paotai6_youyi\",\"parent\":\"paotai6_paoshen\",\"transform\":{\"x\":7.5289,\"y\":38.1821,\"skX\":-2.2747,\"skY\":-2.2747}},{\"length\":26,\"name\":\"paotai6_zuoyi\",\"parent\":\"paotai6_paoshen\",\"transform\":{\"x\":9.808,\"y\":-41.7867,\"skX\":2.2668,\"skY\":2.2668}},{\"length\":71,\"name\":\"paotai6_zuofupao\",\"parent\":\"paotai6_paoshen\",\"transform\":{\"x\":43.9203,\"y\":-46.3078,\"skX\":3.0689,\"skY\":3.0689}},{\"length\":69,\"name\":\"paotai6_youfupao\",\"parent\":\"paotai6_paoshen\",\"transform\":{\"x\":40.5182,\"y\":45.5884,\"skX\":-1.2309,\"skY\":-1.2309}},{\"length\":43,\"name\":\"paotai6_paotong\",\"parent\":\"paotai6_paoshen\",\"transform\":{\"x\":104.7535,\"y\":1.0455,\"skX\":0.1869,\"skY\":0.1869}},{\"name\":\"number\",\"parent\":\"paotai6_paoshen\",\"transform\":{\"x\":35.5062,\"y\":-1.4596,\"skX\":91.31,\"skY\":91.31}},{\"length\":31,\"name\":\"paotai6_shuangyi\",\"parent\":\"paotai6_paotong\",\"transform\":{\"x\":13.1837,\"y\":29.014,\"skX\":-0.5211,\"skY\":-0.5211}},{\"name\":\"pao0001\",\"parent\":\"paotai6_paotong\",\"transform\":{\"x\":31.6453,\"y\":0.3185,\"skX\":93.0587,\"skY\":93.0587}}],\"slot\":[{\"displayIndex\":2,\"name\":\"pao0001\",\"parent\":\"pao0001\"},{\"name\":\"paotai6_youfupao\",\"parent\":\"paotai6_youfupao\"},{\"name\":\"paotai6_zuofupao\",\"parent\":\"paotai6_zuofupao\"},{\"name\":\"paotai6_shuangyi\",\"parent\":\"paotai6_shuangyi\"},{\"name\":\"paotai6_paotong\",\"parent\":\"paotai6_paotong\"},{\"name\":\"paotai6_paoshen\",\"parent\":\"paotai6_paoshen\"},{\"name\":\"paotai6_zuoyi\",\"parent\":\"paotai6_zuoyi\"},{\"name\":\"paotai6_youyi\",\"parent\":\"paotai6_youyi\"},{\"displayIndex\":-1,\"name\":\"number\",\"parent\":\"number\"}],\"skin\":[{\"slot\":[{\"name\":\"paotai6_shuangyi\",\"display\":[{\"name\":\"shuangyi\",\"transform\":{\"x\":10.49,\"y\":-28.51,\"skX\":91.64,\"skY\":91.64},\"path\":\"paotai6_shuangyi\"}]},{\"name\":\"paotai6_youyi\",\"display\":[{\"name\":\"youyi\",\"transform\":{\"x\":7.72,\"y\":1.08,\"skX\":93.58,\"skY\":93.58},\"path\":\"paotai6_youyi\"}]},{\"name\":\"paotai6_zuoyi\",\"display\":[{\"name\":\"zuoyi\",\"transform\":{\"x\":6.82,\"y\":-0.01,\"skX\":89.04,\"skY\":89.04},\"path\":\"paotai6_zuoyi\"}]},{\"name\":\"paotai6_zuofupao\",\"display\":[{\"name\":\"zuofupao\",\"transform\":{\"x\":31.18,\"y\":-5.06,\"skX\":88.24,\"skY\":88.24},\"path\":\"paotai6_zuofupao\"}]},{\"name\":\"paotai6_paotong\",\"display\":[{\"name\":\"paotong\",\"transform\":{\"x\":22.01,\"y\":-4.12,\"skX\":91.12,\"skY\":91.12},\"path\":\"paotai6_paotong\"}]},{\"name\":\"paotai6_paoshen\",\"display\":[{\"name\":\"paoshen\",\"transform\":{\"x\":41.69,\"y\":-0.45,\"skX\":91.31,\"skY\":91.31},\"path\":\"paotai6_paoshen\"}]},{\"name\":\"paotai6_youfupao\",\"display\":[{\"name\":\"youfupao\",\"transform\":{\"x\":32.37,\"y\":6.39,\"skX\":92.54,\"skY\":92.54},\"path\":\"paotai6_youfupao\"}]},{\"name\":\"pao0001\",\"display\":[{\"name\":\"pao0003\",\"transform\":{\"x\":-0.3,\"y\":-26}},{\"name\":\"pao0002\",\"transform\":{\"x\":-0.3,\"y\":-26}},{\"name\":\"pao0001\",\"transform\":{\"x\":-0.3,\"y\":-26}}]}]}],\"animation\":[{\"duration\":4,\"name\":\"fire\",\"bone\":[{\"name\":\"paotai6_paoshen\",\"translateFrame\":[{\"tweenEasing\":0},{\"duration\":3,\"tweenEasing\":0,\"y\":25.28},{\"duration\":0}]},{\"name\":\"paotai6_youyi\",\"rotateFrame\":[{\"tweenEasing\":0},{\"duration\":3,\"tweenEasing\":0,\"rotate\":80},{\"duration\":0}]},{\"name\":\"paotai6_zuoyi\",\"rotateFrame\":[{\"tweenEasing\":0},{\"duration\":3,\"tweenEasing\":0,\"rotate\":-88},{\"duration\":0}]},{\"name\":\"paotai6_zuofupao\",\"translateFrame\":[{\"tweenEasing\":0},{\"duration\":3,\"tweenEasing\":0,\"x\":-13.48,\"y\":-2.87},{\"duration\":0}]},{\"name\":\"paotai6_youfupao\",\"translateFrame\":[{\"tweenEasing\":0},{\"duration\":3,\"tweenEasing\":0,\"x\":-13.57,\"y\":1.23},{\"duration\":0}]},{\"name\":\"paotai6_paotong\",\"translateFrame\":[{\"tweenEasing\":0},{\"duration\":3,\"tweenEasing\":0,\"x\":-27.88,\"y\":-0.64},{\"duration\":0}]},{\"name\":\"pao0001\",\"translateFrame\":[{\"duration\":4,\"x\":3.69,\"y\":0.07}],\"rotateFrame\":[{\"duration\":3},{\"rotate\":1.66}]}],\"slot\":[{\"name\":\"pao0001\",\"displayFrame\":[{\"value\":2},{\"duration\":2,\"value\":1},{},{\"duration\":0,\"value\":-1}]}]},{\"duration\":0,\"playTimes\":0,\"name\":\"stand\",\"slot\":[{\"name\":\"pao0001\",\"displayFrame\":[{\"duration\":0,\"value\":-1}]}]},{\"duration\":6,\"name\":\"appear\",\"bone\":[{\"name\":\"paotai6_paoshen\",\"scaleFrame\":[{\"duration\":3,\"tweenEasing\":0,\"x\":0.8,\"y\":0.8},{\"duration\":3}]},{\"name\":\"paotai6_youyi\",\"rotateFrame\":[{\"duration\":2,\"tweenEasing\":0,\"rotate\":81},{\"tweenEasing\":0,\"rotate\":81},{\"duration\":3}]},{\"name\":\"paotai6_zuoyi\",\"rotateFrame\":[{\"duration\":2,\"tweenEasing\":0,\"rotate\":-81},{\"tweenEasing\":0,\"rotate\":-81},{\"duration\":3}]},{\"name\":\"paotai6_zuofupao\",\"translateFrame\":[{\"duration\":2,\"tweenEasing\":0,\"x\":-19},{\"duration\":2,\"tweenEasing\":0,\"x\":-19},{\"duration\":2}]},{\"name\":\"paotai6_youfupao\",\"translateFrame\":[{\"duration\":2,\"tweenEasing\":0,\"x\":-19.03,\"y\":-0.44},{\"duration\":2,\"tweenEasing\":0,\"x\":-19.03,\"y\":-0.44},{\"duration\":2}]},{\"name\":\"paotai6_paotong\",\"translateFrame\":[{\"duration\":4,\"tweenEasing\":0,\"x\":-15},{\"duration\":2,\"tweenEasing\":0,\"x\":-15},{\"duration\":0}]}],\"slot\":[{\"name\":\"paotai6_youfupao\",\"colorFrame\":[{\"duration\":3,\"tweenEasing\":0,\"value\":{\"aM\":0}},{\"duration\":3}]},{\"name\":\"paotai6_zuofupao\",\"colorFrame\":[{\"duration\":3,\"tweenEasing\":0,\"value\":{\"aM\":0}},{\"duration\":3}]},{\"name\":\"paotai6_shuangyi\",\"colorFrame\":[{\"duration\":3,\"tweenEasing\":0,\"value\":{\"aM\":0}},{\"duration\":3}]},{\"name\":\"paotai6_paotong\",\"colorFrame\":[{\"duration\":3,\"tweenEasing\":0,\"value\":{\"aM\":0}},{\"duration\":3}]},{\"name\":\"paotai6_paoshen\",\"colorFrame\":[{\"duration\":3,\"tweenEasing\":0,\"value\":{\"aM\":0}},{\"duration\":3}]},{\"name\":\"paotai6_zuoyi\",\"colorFrame\":[{\"duration\":3,\"tweenEasing\":0,\"value\":{\"aM\":0}},{\"duration\":3}]},{\"name\":\"paotai6_youyi\",\"colorFrame\":[{\"duration\":3,\"tweenEasing\":0,\"value\":{\"aM\":0}},{\"duration\":3}]},{\"name\":\"pao0001\",\"displayFrame\":[{\"duration\":6,\"value\":-1}]}]},{\"duration\":6,\"name\":\"disappear\",\"bone\":[{\"name\":\"paotai6_paoshen\",\"scaleFrame\":[{\"duration\":3},{\"duration\":3,\"tweenEasing\":0},{\"duration\":0,\"x\":0.8,\"y\":0.8}]},{\"name\":\"paotai6_youyi\",\"rotateFrame\":[{\"duration\":3},{\"tweenEasing\":0},{\"duration\":2,\"rotate\":81}]},{\"name\":\"paotai6_zuoyi\",\"rotateFrame\":[{\"duration\":3},{\"tweenEasing\":0},{\"duration\":2,\"rotate\":-81}]},{\"name\":\"paotai6_zuofupao\",\"translateFrame\":[{\"duration\":2},{\"duration\":2,\"tweenEasing\":0},{\"duration\":2,\"x\":-19}]},{\"name\":\"paotai6_youfupao\",\"translateFrame\":[{\"duration\":2},{\"duration\":2,\"tweenEasing\":0},{\"duration\":2,\"x\":-19.03,\"y\":-0.44}]},{\"name\":\"paotai6_paotong\",\"translateFrame\":[{\"duration\":2,\"tweenEasing\":0},{\"duration\":4,\"x\":-15}]}],\"slot\":[{\"name\":\"paotai6_youfupao\",\"colorFrame\":[{\"duration\":3},{\"duration\":3,\"tweenEasing\":0},{\"duration\":0,\"value\":{\"aM\":0}}]},{\"name\":\"paotai6_zuofupao\",\"colorFrame\":[{\"duration\":3},{\"duration\":3,\"tweenEasing\":0},{\"duration\":0,\"value\":{\"aM\":0}}]},{\"name\":\"paotai6_shuangyi\",\"colorFrame\":[{\"duration\":3},{\"duration\":3,\"tweenEasing\":0},{\"duration\":0,\"value\":{\"aM\":0}}]},{\"name\":\"paotai6_paotong\",\"colorFrame\":[{\"duration\":3,\"tweenEasing\":0},{\"duration\":3,\"tweenEasing\":0},{\"duration\":0,\"value\":{\"aM\":0}}]},{\"name\":\"paotai6_paoshen\",\"colorFrame\":[{\"duration\":3},{\"duration\":3,\"tweenEasing\":0},{\"duration\":0,\"value\":{\"aM\":0}}]},{\"name\":\"paotai6_zuoyi\",\"colorFrame\":[{\"duration\":3},{\"duration\":3,\"tweenEasing\":0},{\"duration\":0,\"value\":{\"aM\":0}}]},{\"name\":\"paotai6_youyi\",\"colorFrame\":[{\"duration\":3},{\"duration\":3,\"tweenEasing\":0},{\"duration\":0,\"value\":{\"aM\":0}}]},{\"name\":\"pao0001\",\"displayFrame\":[{\"duration\":6,\"value\":-1}]}]}],\"defaultActions\":[{\"gotoAndPlay\":\"fire\"}]}]}"}