{"__type__":"dragonBones.DragonBonesAtlasAsset","_name":"hbby_shuimu_tex","_atlasJson":"{\"imagePath\":\"hbby_shuimu_tex.png\",\"width\":291,\"height\":222,\"name\":\"hbby_shuimu\",\"SubTexture\":[{\"width\":96,\"y\":0,\"height\":104,\"name\":\"fish12_03\",\"x\":0},{\"width\":72,\"y\":0,\"height\":104,\"name\":\"fish12_04\",\"x\":96},{\"width\":70,\"y\":104,\"height\":118,\"name\":\"fish12_05\",\"x\":93},{\"frameX\":0,\"y\":0,\"frameY\":-1,\"frameWidth\":64,\"width\":64,\"frameHeight\":108,\"height\":107,\"name\":\"fish12_01\",\"x\":227},{\"frameX\":0,\"y\":104,\"frameY\":-1,\"frameWidth\":64,\"width\":64,\"frameHeight\":116,\"height\":115,\"name\":\"fish12_06\",\"x\":163},{\"frameX\":-1,\"y\":104,\"frameY\":-1,\"frameWidth\":94,\"width\":93,\"frameHeight\":108,\"height\":107,\"name\":\"fish12_02\",\"x\":0}]}","_texture":{"__uuid__":"9absTQWKlDBpU0YMAo0Jw5"},"texture":{"__uuid__":"9absTQWKlDBpU0YMAo0Jw5"}}