{"__type__":"dragonBones.DragonBonesAtlasAsset","_name":"kyby_paotai3_tex","_atlasJson":"{\"SubTexture\":[{\"frameY\":-14,\"y\":451,\"frameWidth\":53,\"frameX\":-11,\"frameHeight\":82,\"width\":30,\"height\":56,\"name\":\"pao0001\",\"x\":243},{\"frameY\":-24,\"y\":451,\"frameWidth\":53,\"frameX\":-16,\"frameHeight\":82,\"width\":22,\"height\":51,\"name\":\"pao0003\",\"x\":275},{\"frameY\":-6,\"y\":422,\"frameWidth\":53,\"frameX\":-4,\"frameHeight\":82,\"width\":43,\"height\":70,\"name\":\"pao0002\",\"x\":424},{\"frameY\":-1,\"y\":273,\"frameWidth\":179,\"frameX\":0,\"frameHeight\":165,\"width\":179,\"height\":164,\"name\":\"paotai3＿lyrdi\",\"x\":243},{\"frameY\":0,\"y\":273,\"frameWidth\":78,\"frameX\":0,\"frameHeight\":140,\"width\":78,\"height\":139,\"name\":\"paotai3＿lyrtou\",\"x\":871},{\"frameY\":-2,\"y\":273,\"frameWidth\":99,\"frameX\":-1,\"frameHeight\":178,\"width\":97,\"height\":176,\"name\":\"paotai3＿lyrzhong\",\"x\":598},{\"width\":172,\"y\":273,\"height\":147,\"name\":\"paotai3＿lyrzhong2\",\"x\":424},{\"width\":172,\"y\":273,\"height\":94,\"name\":\"paotai3＿lyrzhong3\",\"x\":697},{\"width\":255,\"y\":1,\"height\":270,\"name\":\"paotai3＿lyrdi1\",\"x\":1},{\"width\":240,\"y\":273,\"height\":182,\"name\":\"paotai3＿lyrding1\",\"x\":1}],\"width\":1024,\"imagePath\":\"kyby_paotai3_tex.png\",\"name\":\"kyby_paotai3\",\"height\":512}","_texture":{"__uuid__":"4d7MIDigRGDI0QNr7ezCEW"},"texture":{"__uuid__":"4d7MIDigRGDI0QNr7ezCEW"}}