{"__type__":"dragonBones.DragonBonesAtlasAsset","_name":"jinlongwang_tex","_atlasJson":"{\"imagePath\":\"jinlongwang_tex.png\",\"width\":1884,\"height\":1460,\"name\":\"jinlongwang\",\"SubTexture\":[{\"frameX\":-370,\"y\":0,\"frameY\":-213,\"frameWidth\":1280,\"width\":623,\"frameHeight\":720,\"height\":275,\"name\":\"jinlongwang_00007\",\"x\":625},{\"frameX\":-368,\"y\":1041,\"frameY\":-258,\"frameWidth\":1280,\"width\":627,\"frameHeight\":720,\"height\":220,\"name\":\"jinlongwang_00014\",\"x\":0},{\"frameX\":-372,\"y\":1037,\"frameY\":-272,\"frameWidth\":1280,\"width\":624,\"frameHeight\":720,\"height\":223,\"name\":\"jinlongwang_00002\",\"x\":1253},{\"frameX\":-369,\"y\":792,\"frameY\":-251,\"frameWidth\":1280,\"width\":625,\"frameHeight\":720,\"height\":245,\"name\":\"jinlongwang_00004\",\"x\":1253},{\"frameX\":-371,\"y\":802,\"frameY\":-263,\"frameWidth\":1280,\"width\":623,\"frameHeight\":720,\"height\":236,\"name\":\"jinlongwang_00003\",\"x\":630},{\"frameX\":-369,\"y\":275,\"frameY\":-238,\"frameWidth\":1280,\"width\":621,\"frameHeight\":720,\"height\":258,\"name\":\"jinlongwang_00005\",\"x\":622},{\"frameX\":-370,\"y\":539,\"frameY\":-234,\"frameWidth\":1280,\"width\":631,\"frameHeight\":720,\"height\":253,\"name\":\"jinlongwang_00012\",\"x\":1253},{\"frameX\":-371,\"y\":1253,\"frameY\":-275,\"frameWidth\":1280,\"width\":624,\"frameHeight\":720,\"height\":202,\"name\":\"jinlongwang_00000\",\"x\":627},{\"frameX\":-369,\"y\":1261,\"frameY\":-269,\"frameWidth\":1280,\"width\":624,\"frameHeight\":720,\"height\":199,\"name\":\"jinlongwang_00015\",\"x\":0},{\"frameX\":-373,\"y\":0,\"frameY\":-213,\"frameWidth\":1280,\"width\":630,\"frameHeight\":720,\"height\":271,\"name\":\"jinlongwang_00010\",\"x\":1248},{\"frameX\":-373,\"y\":271,\"frameY\":-207,\"frameWidth\":1280,\"width\":627,\"frameHeight\":720,\"height\":268,\"name\":\"jinlongwang_00009\",\"x\":1248},{\"frameX\":-372,\"y\":1041,\"frameY\":-276,\"frameWidth\":1280,\"width\":625,\"frameHeight\":720,\"height\":212,\"name\":\"jinlongwang_00001\",\"x\":627},{\"frameX\":-372,\"y\":0,\"frameY\":-207,\"frameWidth\":1280,\"width\":625,\"frameHeight\":720,\"height\":275,\"name\":\"jinlongwang_00008\",\"x\":0},{\"frameX\":-372,\"y\":539,\"frameY\":-222,\"frameWidth\":1280,\"width\":631,\"frameHeight\":720,\"height\":263,\"name\":\"jinlongwang_00011\",\"x\":622},{\"frameX\":-368,\"y\":802,\"frameY\":-246,\"frameWidth\":1280,\"width\":630,\"frameHeight\":720,\"height\":239,\"name\":\"jinlongwang_00013\",\"x\":0},{\"frameX\":-369,\"y\":275,\"frameY\":-225,\"frameWidth\":1280,\"width\":622,\"frameHeight\":720,\"height\":268,\"name\":\"jinlongwang_00006\",\"x\":0}]}","_texture":{"__uuid__":"8eeSuYj5pOVaRwbWs5wXgt"},"texture":{"__uuid__":"8eeSuYj5pOVaRwbWs5wXgt"}}