{"__type__":"dragonBones.DragonBonesAtlasAsset","_name":"longliyu_tex","_atlasJson":"{\"width\":1024,\"imagePath\":\"longliyu_tex.png\",\"height\":1024,\"name\":\"longliyu\",\"SubTexture\":[{\"y\":88,\"frameX\":-401,\"frameHeight\":765,\"frameY\":-362,\"width\":284,\"frameWidth\":1020,\"height\":85,\"name\":\"kyby_lly_04\",\"x\":571},{\"y\":264,\"frameX\":-401,\"frameHeight\":765,\"frameY\":-366,\"width\":283,\"frameWidth\":1020,\"height\":80,\"name\":\"kyby_lly_12\",\"x\":1},{\"y\":1,\"frameX\":-401,\"frameHeight\":765,\"frameY\":-364,\"width\":285,\"frameWidth\":1020,\"height\":85,\"name\":\"kyby_lly_11\",\"x\":571},{\"y\":177,\"frameX\":-402,\"frameHeight\":765,\"frameY\":-369,\"width\":280,\"frameWidth\":1020,\"height\":85,\"name\":\"kyby_lly_09\",\"x\":281},{\"y\":348,\"frameX\":-400,\"frameHeight\":765,\"frameY\":-371,\"width\":279,\"frameWidth\":1020,\"height\":72,\"name\":\"kyby_lly_13\",\"x\":562},{\"y\":89,\"frameX\":-400,\"frameHeight\":765,\"frameY\":-365,\"width\":279,\"frameWidth\":1020,\"height\":86,\"name\":\"kyby_lly_06\",\"x\":286},{\"y\":1,\"frameX\":-400,\"frameHeight\":765,\"frameY\":-364,\"width\":283,\"frameWidth\":1020,\"height\":86,\"name\":\"kyby_lly_05\",\"x\":286},{\"y\":178,\"frameX\":-402,\"frameHeight\":765,\"frameY\":-364,\"width\":277,\"frameWidth\":1020,\"height\":77,\"name\":\"kyby_lly_01\",\"x\":1},{\"y\":263,\"frameX\":-402,\"frameHeight\":765,\"frameY\":-361,\"width\":283,\"frameWidth\":1020,\"height\":83,\"name\":\"kyby_lly_03\",\"x\":563},{\"y\":175,\"frameX\":-400,\"frameHeight\":765,\"frameY\":-367,\"width\":277,\"frameWidth\":1020,\"height\":86,\"name\":\"kyby_lly_07\",\"x\":567},{\"y\":1,\"frameX\":-402,\"frameHeight\":765,\"frameY\":-365,\"width\":283,\"frameWidth\":1020,\"height\":87,\"name\":\"kyby_lly_10\",\"x\":1},{\"y\":346,\"frameX\":-400,\"frameHeight\":765,\"frameY\":-367,\"width\":277,\"frameWidth\":1020,\"height\":74,\"name\":\"kyby_lly_14\",\"x\":283},{\"y\":346,\"frameX\":-402,\"frameHeight\":765,\"frameY\":-362,\"width\":280,\"frameWidth\":1020,\"height\":80,\"name\":\"kyby_lly_02\",\"x\":1},{\"y\":90,\"frameX\":-401,\"frameHeight\":765,\"frameY\":-368,\"width\":278,\"frameWidth\":1020,\"height\":86,\"name\":\"kyby_lly_08\",\"x\":1}]}","_texture":{"__uuid__":"38rgmJUxdFjqK53/LE5Dzz"},"texture":{"__uuid__":"38rgmJUxdFjqK53/LE5Dzz"}}