[{"__type__":"cc.SpriteFrame","content":{"name":"res-Minigame-ResMiniPoker-CanGat-cangat3","texture":"12RuSgRi5IVryHBFVTAj27","rect":[123,1,59,87],"offset":[0,-55],"originalSize":[59,334],"rotated":1,"capInsets":[0,0,0,0]}},{"__type__":"cc.SpriteFrame","content":{"name":"res-Minigame-ResMiniPoker-CanGat-cangat2","texture":"12RuSgRi5IVryHBFVTAj27","rect":[143,123,59,61],"offset":[0,1],"originalSize":[59,334],"rotated":1,"capInsets":[0,0,0,0]}},{"__type__":"cc.SpriteFrame","content":{"name":"res-Minigame-ResMiniPoker-CanGat-cangat4","texture":"12RuSgRi5IVryHBFVTAj27","rect":[1,1,59,142],"offset":[0,-96],"originalSize":[59,334],"capInsets":[0,0,0,0]}},{"__type__":"cc.SpriteFrame","content":{"name":"res-Minigame-ResMiniPoker-CanGat-cangat1","texture":"12RuSgRi5IVryHBFVTAj27","rect":[123,62,59,85],"offset":[0,58],"originalSize":[59,334],"rotated":1,"capInsets":[0,0,0,0]}},{"__type__":"cc.SpriteFrame","content":{"name":"res-Minigame-ResMiniPoker-CanGat-cangat0","texture":"12RuSgRi5IVryHBFVTAj27","rect":[1,145,59,140],"offset":[0,97],"originalSize":[59,334],"rotated":1,"capInsets":[0,0,0,0]}},{"__type__":"cc.SpriteFrame","content":{"name":"res-Minigame-ResMiniPoker-CanGat-cangat5","texture":"12RuSgRi5IVryHBFVTAj27","rect":[62,1,59,140],"offset":[0,97],"originalSize":[59,334],"capInsets":[0,0,0,0]}},{"__type__":"cc.SpriteAtlas","_name":"CanGatAnimation.plist","_spriteFrames":{"res-Minigame-ResMiniPoker-CanGat-cangat0":{"__uuid__":"9emnoToQhHTLFg9QznsCpB"},"res-Minigame-ResMiniPoker-CanGat-cangat1":{"__uuid__":"85Mqt8Op9JeorYEXGWJ26c"},"res-Minigame-ResMiniPoker-CanGat-cangat2":{"__uuid__":"43nhhTERpMT4RdzZzcsxBo"},"res-Minigame-ResMiniPoker-CanGat-cangat3":{"__uuid__":"2bS9sNltdAAIdJtNaNY6HC"},"res-Minigame-ResMiniPoker-CanGat-cangat4":{"__uuid__":"45B7Z4zvxKKKgLcZCWnUmi"},"res-Minigame-ResMiniPoker-CanGat-cangat5":{"__uuid__":"f3n51ugHBDMaqFOEli8FJF"}}}]