[{"__type__":"cc.SpriteFrame","content":{"name":"gold","texture":"67N/E6ahRHaJcELVqjV9l7","rect":[273,212,34,22],"offset":[0,0],"originalSize":[34,22],"rotated":1,"capInsets":[0,0,0,0]}},{"__type__":"cc.SpriteFrame","content":{"name":"box_bonus","texture":"67N/E6ahRHaJcELVqjV9l7","rect":[403,1,111,124],"offset":[0,0],"originalSize":[111,124],"capInsets":[0,0,0,0]}},{"__type__":"cc.SpriteFrame","content":{"name":"free-spinEF","texture":"67N/E6ahRHaJcELVqjV9l7","rect":[362,1,38,144],"offset":[0,0],"originalSize":[38,144],"capInsets":[0,0,0,0]}},{"__type__":"cc.SpriteFrame","content":{"name":"wind_2","texture":"67N/E6ahRHaJcELVqjV9l7","rect":[208,1,104,150],"offset":[0,0],"originalSize":[104,150],"capInsets":[0,0,0,0]}},{"__type__":"cc.SpriteFrame","content":{"name":"light","texture":"67N/E6ahRHaJcELVqjV9l7","rect":[123,1,82,159],"offset":[0,0],"originalSize":[82,159],"capInsets":[0,0,0,0]}},{"__type__":"cc.SpriteFrame","content":{"name":"lo","texture":"67N/E6ahRHaJcELVqjV9l7","rect":[1,167,67,80],"offset":[0,2],"originalSize":[67,84],"capInsets":[0,0,0,0]}},{"__type__":"cc.SpriteFrame","content":{"name":"dap_hu2","texture":"67N/E6ahRHaJcELVqjV9l7","rect":[465,151,122,46],"offset":[0,0],"originalSize":[122,46],"capInsets":[0,0,0,0]}},{"__type__":"cc.SpriteFrame","content":{"name":"bonus","texture":"67N/E6ahRHaJcELVqjV9l7","rect":[425,128,109,37],"offset":[-1,0],"originalSize":[111,37],"rotated":1,"capInsets":[0,0,0,0]}},{"__type__":"cc.SpriteFrame","content":{"name":"free-spin","texture":"67N/E6ahRHaJcELVqjV9l7","rect":[315,1,44,146],"offset":[0,0],"originalSize":[44,146],"capInsets":[0,0,0,0]}},{"__type__":"cc.SpriteFrame","content":{"name":"icon_d2","texture":"67N/E6ahRHaJcELVqjV9l7","rect":[140,163,64,87],"offset":[0,0],"originalSize":[64,87],"rotated":1,"capInsets":[0,0,0,0]}},{"__type__":"cc.SpriteFrame","content":{"name":"lo2","texture":"67N/E6ahRHaJcELVqjV9l7","rect":[71,167,69,66],"offset":[0,1],"originalSize":[69,68],"rotated":1,"capInsets":[0,0,0,0]}},{"__type__":"cc.SpriteFrame","content":{"name":"gold1","texture":"67N/E6ahRHaJcELVqjV9l7","rect":[517,109,102,39],"offset":[0,0],"originalSize":[102,39],"capInsets":[0,0,0,0]}},{"__type__":"cc.SpriteFrame","content":{"name":"dap_hu1","texture":"67N/E6ahRHaJcELVqjV9l7","rect":[465,200,122,45],"offset":[0,0],"originalSize":[122,45],"capInsets":[0,0,0,0]}},{"__type__":"cc.SpriteFrame","content":{"name":"cr","texture":"67N/E6ahRHaJcELVqjV9l7","rect":[273,154,55,55],"offset":[0,0],"originalSize":[55,55],"capInsets":[0,0,0,0]}},{"__type__":"cc.SpriteFrame","content":{"name":"wind_1","texture":"67N/E6ahRHaJcELVqjV9l7","rect":[230,154,93,40],"offset":[0,0],"originalSize":[93,40],"rotated":1,"capInsets":[0,0,0,0]}},{"__type__":"cc.SpriteFrame","content":{"name":"star","texture":"67N/E6ahRHaJcELVqjV9l7","rect":[331,150,52,50],"offset":[0,-1],"originalSize":[52,52],"rotated":1,"capInsets":[0,0,0,0]}},{"__type__":"cc.SpriteFrame","content":{"name":"gold2","texture":"67N/E6ahRHaJcELVqjV9l7","rect":[384,148,100,38],"offset":[0,0],"originalSize":[100,38],"rotated":1,"capInsets":[0,0,0,0]}},{"__type__":"cc.SpriteAtlas","_name":"animation.plist","_spriteFrames":{"bonus":{"__uuid__":"41C9h1YgVLsbm9tJSFsGC5"},"box_bonus":{"__uuid__":"0ec6WAX2NHD7aPI41Wx7DS"},"cr":{"__uuid__":"b4kS5pE1FAtJH4D2i8RQet"},"dap_hu":{"__uuid__":"eaxXoaG+FIkq0UD+si0l/r"},"dap_hu1":{"__uuid__":"8fNmDKyIFMuLTqcQWkDX7k"},"dap_hu2":{"__uuid__":"3bzg5W1W9DKaxjI+CGMETB"},"free-spin":{"__uuid__":"4347xStERFXoAL224HSD58"},"free-spinEF":{"__uuid__":"10ZlFVhHtCHrkqcl+Q5Bop"},"gold":{"__uuid__":"01Jfo4gMxLh5Psh36eZ0nx"},"gold1":{"__uuid__":"84XkXD3bNKnrRKWrfytZI2"},"gold2":{"__uuid__":"caiGQ8hPhLOYgkXIELi9Px"},"icon_d1":{"__uuid__":"d394m34JFCS7yBmSt8a8qM"},"icon_d2":{"__uuid__":"47Eg0DP4pB75qks/UBRW9V"},"light":{"__uuid__":"19KsavVU1PgL2Rt+ymXNc1"},"lo":{"__uuid__":"3aFOK2Tx1CRLJc+UbFQDyJ"},"lo2":{"__uuid__":"5bP0r84blBrpGHaZiQYrgh"},"star":{"__uuid__":"beMGW7JYFF24QZFpfKzv22"},"wind_1":{"__uuid__":"bclAM2kJtHGpwHgtWHdZtr"},"wind_2":{"__uuid__":"11QyGICM9CjaxSUU5hXOzH"}}},{"__type__":"cc.SpriteFrame","content":{"name":"icon_d1","texture":"67N/E6ahRHaJcELVqjV9l7","rect":[517,1,102,105],"offset":[0,-2],"originalSize":[102,109],"capInsets":[0,0,0,0]}},{"__type__":"cc.SpriteFrame","content":{"name":"dap_hu","texture":"67N/E6ahRHaJcELVqjV9l7","rect":[1,1,163,119],"offset":[0,0],"originalSize":[163,119],"rotated":1,"capInsets":[0,0,0,0]}}]