{"__type__":"dragonBones.DragonBonesAsset","_name":"haitun_ske","_dragonBonesJson":"{\"frameRate\":24,\"name\":\"haitun\",\"version\":\"5.5\",\"compatibleVersion\":\"5.5\",\"armature\":[{\"type\":\"Sheet\",\"frameRate\":24,\"name\":\"haitun\",\"aabb\":{\"x\":-256,\"y\":-256,\"width\":512,\"height\":512},\"bone\":[{\"name\":\"root\"}],\"slot\":[{\"displayIndex\":9,\"name\":\"sheetSlot\",\"parent\":\"root\"}],\"skin\":[{\"slot\":[{\"name\":\"sheetSlot\",\"display\":[{\"name\":\"kyby_hait_01\"},{\"name\":\"kyby_hait_02\"},{\"name\":\"kyby_hait_03\"},{\"name\":\"kyby_hait_04\"},{\"name\":\"kyby_hait_05\"},{\"name\":\"kyby_hait_06\"},{\"name\":\"kyby_hait_07\"},{\"name\":\"kyby_hait_08\"},{\"name\":\"kyby_hait_09\"},{\"name\":\"kyby_hait_10\"},{\"name\":\"kyby_hait_11\"},{\"name\":\"kyby_hait_12\"}]}]}],\"animation\":[{\"duration\":12,\"playTimes\":0,\"name\":\"haitun\",\"slot\":[{\"name\":\"sheetSlot\",\"displayFrame\":[{},{\"value\":1},{\"value\":2},{\"value\":3},{\"value\":4},{\"value\":5},{\"value\":6},{\"value\":7},{\"value\":8},{\"value\":9},{\"value\":10},{\"value\":11}]}]}],\"defaultActions\":[{\"gotoAndPlay\":\"haitun\"}]}]}"}