{"__type__":"dragonBones.DragonBonesAtlasAsset","_name":"kyby_paotai2_tex","_atlasJson":"{\"SubTexture\":[{\"frameY\":-6,\"y\":318,\"frameWidth\":53,\"frameX\":-4,\"frameHeight\":82,\"width\":43,\"height\":70,\"name\":\"pao0002\",\"x\":100},{\"frameY\":-24,\"y\":448,\"frameWidth\":53,\"frameX\":-16,\"frameHeight\":82,\"width\":22,\"height\":51,\"name\":\"pao0003\",\"x\":100},{\"frameY\":-14,\"y\":390,\"frameWidth\":53,\"frameX\":-11,\"frameHeight\":82,\"width\":30,\"height\":56,\"name\":\"pao0001\",\"x\":100},{\"frameY\":0,\"y\":318,\"frameWidth\":99,\"frameX\":-1,\"frameHeight\":169,\"width\":97,\"height\":169,\"name\":\"paotong\",\"x\":1},{\"width\":267,\"y\":1,\"height\":315,\"name\":\"paoshen\",\"x\":1}],\"imagePath\":\"kyby_paotai2_tex.png\",\"name\":\"kyby_paotai2\",\"height\":512,\"width\":512}","_texture":{"__uuid__":"f6B+gjGu5MYbgKvQMOuraI"},"texture":{"__uuid__":"f6B+gjGu5MYbgKvQMOuraI"}}