{"__type__":"dragonBones.DragonBonesAsset","_name":"kyby_paotai1_ske","_dragonBonesJson":"{\"frameRate\":24,\"name\":\"kyby_paotai1\",\"version\":\"5.5\",\"compatibleVersion\":\"5.5\",\"armature\":[{\"type\":\"Armature\",\"frameRate\":24,\"name\":\"kyby_paotai1\",\"aabb\":{\"x\":-49,\"y\":-175.97,\"width\":98,\"height\":218.82},\"bone\":[{\"name\":\"root\",\"transform\":{\"y\":42.9961}},{\"length\":76,\"name\":\"paitai1_paoshen\",\"parent\":\"root\",\"transform\":{\"x\":0.55,\"y\":-20.8,\"skX\":-90.4144,\"skY\":-90.4144}},{\"length\":36,\"name\":\"paitai1_paotong\",\"parent\":\"paitai1_paoshen\",\"transform\":{\"x\":99.509,\"y\":-0.8804,\"skX\":1.2788,\"skY\":1.2788}},{\"name\":\"number\",\"parent\":\"paitai1_paoshen\",\"transform\":{\"x\":22.7523,\"y\":-1.094,\"skX\":90,\"skY\":90}},{\"name\":\"pao0001\",\"parent\":\"paitai1_paotong\",\"transform\":{\"x\":31.6591,\"y\":-0.383,\"skX\":89.1356,\"skY\":89.1356}}],\"slot\":[{\"displayIndex\":2,\"name\":\"pao0001\",\"parent\":\"pao0001\"},{\"name\":\"paitai1_paotong\",\"parent\":\"paitai1_paotong\"},{\"name\":\"paitai1_paoshen\",\"parent\":\"paitai1_paoshen\"},{\"displayIndex\":-1,\"name\":\"number\",\"parent\":\"number\"}],\"skin\":[{\"slot\":[{\"name\":\"paitai1_paoshen\",\"display\":[{\"name\":\"paitai1_paoshen\",\"transform\":{\"x\":37.84,\"y\":-0.28,\"skX\":90.41,\"skY\":90.41},\"path\":\"paotai1_paoshen\"}]},{\"name\":\"pao0001\",\"display\":[{\"name\":\"pao0003\",\"transform\":{\"x\":-0.3,\"y\":-26}},{\"name\":\"pao0002\",\"transform\":{\"x\":-0.3,\"y\":-26}},{\"name\":\"pao0001\",\"transform\":{\"x\":-0.3,\"y\":-26}}]},{\"name\":\"paitai1_paotong\",\"display\":[{\"name\":\"paitai1_paotong\",\"transform\":{\"x\":8.36,\"y\":0.92,\"skX\":89.14,\"skY\":89.14},\"path\":\"paotai1_paotou\"}]}]}],\"animation\":[{\"duration\":4,\"name\":\"fire\",\"bone\":[{\"name\":\"paitai1_paoshen\",\"translateFrame\":[{\"tweenEasing\":0},{\"duration\":3,\"tweenEasing\":0,\"y\":21.49},{\"duration\":0}]},{\"name\":\"paitai1_paotong\",\"translateFrame\":[{\"tweenEasing\":0},{\"duration\":3,\"tweenEasing\":0,\"x\":-26.65,\"y\":-0.19},{\"duration\":0}]}],\"slot\":[{\"name\":\"pao0001\",\"displayFrame\":[{\"value\":2},{\"duration\":2,\"value\":1},{},{\"duration\":0,\"value\":-1}]}]},{\"duration\":6,\"name\":\"appear\",\"bone\":[{\"name\":\"paitai1_paoshen\",\"scaleFrame\":[{\"duration\":3,\"tweenEasing\":0,\"x\":0.8,\"y\":0.8},{\"duration\":3}]},{\"name\":\"paitai1_paotong\",\"translateFrame\":[{\"duration\":3,\"tweenEasing\":0,\"x\":-26},{\"duration\":3,\"tweenEasing\":0,\"x\":-26},{\"duration\":0}]}],\"slot\":[{\"name\":\"paitai1_paotong\",\"colorFrame\":[{\"duration\":3,\"tweenEasing\":0,\"value\":{\"aM\":0}},{\"duration\":3}]},{\"name\":\"paitai1_paoshen\",\"colorFrame\":[{\"duration\":3,\"tweenEasing\":0,\"value\":{\"aM\":0}},{\"duration\":3}]},{\"name\":\"pao0001\",\"displayFrame\":[{\"duration\":6,\"value\":-1}]}]},{\"duration\":6,\"name\":\"disappear\",\"bone\":[{\"name\":\"paitai1_paoshen\",\"scaleFrame\":[{\"duration\":3},{\"duration\":3,\"tweenEasing\":0},{\"duration\":0,\"x\":0.8,\"y\":0.8}]},{\"name\":\"paitai1_paotong\",\"translateFrame\":[{\"duration\":3,\"tweenEasing\":0},{\"duration\":3,\"x\":-26}]}],\"slot\":[{\"name\":\"paitai1_paotong\",\"colorFrame\":[{\"duration\":3,\"tweenEasing\":0},{\"duration\":3,\"tweenEasing\":0},{\"duration\":0,\"value\":{\"aM\":0}}]},{\"name\":\"paitai1_paoshen\",\"colorFrame\":[{\"duration\":3,\"tweenEasing\":0},{\"duration\":3,\"tweenEasing\":0},{\"duration\":0,\"value\":{\"aM\":0}}]},{\"name\":\"pao0001\",\"displayFrame\":[{\"duration\":6,\"value\":-1}]}]},{\"duration\":0,\"playTimes\":0,\"name\":\"stand\",\"slot\":[{\"name\":\"pao0001\",\"displayFrame\":[{\"duration\":0,\"value\":-1}]}]}],\"defaultActions\":[{\"gotoAndPlay\":\"fire\"}]}]}"}