[{"__type__":"cc.SpriteFrame","content":{"name":"line13","texture":"6fNWKxf8dPb5wg5IHXCUeg","rect":[1,1,136,80],"offset":[0,0],"originalSize":[136,80],"capInsets":[0,0,0,0]}},{"__type__":"cc.SpriteFrame","content":{"name":"line02","texture":"6fNWKxf8dPb5wg5IHXCUeg","rect":[167,440,125,74],"offset":[-4,0],"originalSize":[133,74],"rotated":1,"capInsets":[0,0,0,0]}},{"__type__":"cc.SpriteFrame","content":{"name":"line19","texture":"6fNWKxf8dPb5wg5IHXCUeg","rect":[1,167,134,78],"offset":[0,0],"originalSize":[134,78],"rotated":1,"capInsets":[0,0,0,0]}},{"__type__":"cc.SpriteFrame","content":{"name":"line03","texture":"6fNWKxf8dPb5wg5IHXCUeg","rect":[244,438,123,73],"offset":[-5,0],"originalSize":[133,73],"rotated":1,"capInsets":[0,0,0,0]}},{"__type__":"cc.SpriteFrame","content":{"name":"line21","texture":"6fNWKxf8dPb5wg5IHXCUeg","rect":[82,306,131,78],"offset":[-1,0],"originalSize":[133,78],"rotated":1,"capInsets":[0,0,0,0]}},{"__type__":"cc.SpriteFrame","content":{"name":"line04","texture":"6fNWKxf8dPb5wg5IHXCUeg","rect":[396,162,121,81],"offset":[-3,0],"originalSize":[127,81],"rotated":1,"capInsets":[0,0,0,0]}},{"__type__":"cc.SpriteFrame","content":{"name":"line06","texture":"6fNWKxf8dPb5wg5IHXCUeg","rect":[319,300,123,79],"offset":[-5,0],"originalSize":[133,79],"rotated":1,"capInsets":[0,0,0,0]}},{"__type__":"cc.SpriteFrame","content":{"name":"line22","texture":"6fNWKxf8dPb5wg5IHXCUeg","rect":[159,167,134,77],"offset":[0,0],"originalSize":[134,77],"rotated":1,"capInsets":[0,0,0,0]}},{"__type__":"cc.SpriteFrame","content":{"name":"line07","texture":"6fNWKxf8dPb5wg5IHXCUeg","rect":[320,426,122,79],"offset":[-5,0],"originalSize":[132,79],"rotated":1,"capInsets":[0,0,0,0]}},{"__type__":"cc.SpriteFrame","content":{"name":"line23","texture":"6fNWKxf8dPb5wg5IHXCUeg","rect":[1,304,134,78],"offset":[0,0],"originalSize":[134,78],"rotated":1,"capInsets":[0,0,0,0]}},{"__type__":"cc.SpriteFrame","content":{"name":"line15","texture":"6fNWKxf8dPb5wg5IHXCUeg","rect":[82,167,136,74],"offset":[0,0],"originalSize":[136,74],"rotated":1,"capInsets":[0,0,0,0]}},{"__type__":"cc.SpriteFrame","content":{"name":"line09","texture":"6fNWKxf8dPb5wg5IHXCUeg","rect":[401,286,121,79],"offset":[-2,0],"originalSize":[125,79],"rotated":1,"capInsets":[0,0,0,0]}},{"__type__":"cc.SpriteFrame","content":{"name":"line17","texture":"6fNWKxf8dPb5wg5IHXCUeg","rect":[242,300,135,74],"offset":[0,0],"originalSize":[135,74],"rotated":1,"capInsets":[0,0,0,0]}},{"__type__":"cc.SpriteAtlas","_name":"line_select.plist","_spriteFrames":{"line01":{"__uuid__":"b4ru4vYSNEfJP+JZkAdPTr"},"line02":{"__uuid__":"29ouJXvlZFgbyaxq5dQ5mh"},"line03":{"__uuid__":"3cCZsD8xVE6qZpdIFfxprR"},"line04":{"__uuid__":"54ymprsXRNJJwECEWXYJJ2"},"line05":{"__uuid__":"c5lyLmh59O06qUNbAPr5ym"},"line06":{"__uuid__":"5fWQZDYAJA5rJGecgAUjBF"},"line07":{"__uuid__":"65L/zIi6hLyp30IHHQ1HT6"},"line08":{"__uuid__":"dbV6fLoHRMeoXIRZUkev1a"},"line09":{"__uuid__":"aetW8LoZ9DkrKwFeugDCSn"},"line10":{"__uuid__":"cfA8tmcNZIYIUp0B6zWIRf"},"line11":{"__uuid__":"c9PQE2+RJCCpkJyBQiIcUw"},"line12":{"__uuid__":"efa9PB78RFIondN7QUwxJN"},"line13":{"__uuid__":"24TMPZgyZO1J+jc70CFB9D"},"line14":{"__uuid__":"fbzcR2Xv9OUY+My2ewJ6tz"},"line15":{"__uuid__":"97k2KFGedCIrZ5y6Bjg/Rl"},"line16":{"__uuid__":"d9JjmBFFtMBLpWu+AaCcrT"},"line17":{"__uuid__":"ae8bN7+NxB36dii3sgacTS"},"line18":{"__uuid__":"ffeh7bAc1Bj5TRGAzAS69k"},"line19":{"__uuid__":"3bIFJvJv1N0p341ALMaqed"},"line20":{"__uuid__":"df3ZGrN91L7I/Ed6GYSPm6"},"line21":{"__uuid__":"508UQMZ7ZEK4/vxMSkk9Ad"},"line22":{"__uuid__":"5f9tAvtodPYKwR+yS4/hFo"},"line23":{"__uuid__":"935JUw+LlKw5sdgd3dxfRo"},"line24":{"__uuid__":"c05ALaJLhIDKHmBnJWwlMK"},"line25":{"__uuid__":"e5VTu3ZSlB+5XNiR+BY49P"}}},{"__type__":"cc.SpriteFrame","content":{"name":"line01","texture":"6fNWKxf8dPb5wg5IHXCUeg","rect":[402,410,119,73],"offset":[-4,0],"originalSize":[127,73],"rotated":1,"capInsets":[0,0,0,0]}},{"__type__":"cc.SpriteFrame","content":{"name":"line24","texture":"6fNWKxf8dPb5wg5IHXCUeg","rect":[163,304,133,76],"offset":[0,0],"originalSize":[133,76],"rotated":1,"capInsets":[0,0,0,0]}},{"__type__":"cc.SpriteFrame","content":{"name":"line05","texture":"6fNWKxf8dPb5wg5IHXCUeg","rect":[140,82,121,82],"offset":[-3,0],"originalSize":[127,82],"capInsets":[0,0,0,0]}},{"__type__":"cc.SpriteFrame","content":{"name":"line11","texture":"6fNWKxf8dPb5wg5IHXCUeg","rect":[1,441,126,80],"offset":[0,0],"originalSize":[126,80],"rotated":1,"capInsets":[0,0,0,0]}},{"__type__":"cc.SpriteFrame","content":{"name":"line10","texture":"6fNWKxf8dPb5wg5IHXCUeg","rect":[1,84,133,80],"offset":[0,0],"originalSize":[133,80],"capInsets":[0,0,0,0]}},{"__type__":"cc.SpriteFrame","content":{"name":"line16","texture":"6fNWKxf8dPb5wg5IHXCUeg","rect":[320,162,135,73],"offset":[0,0],"originalSize":[135,73],"rotated":1,"capInsets":[0,0,0,0]}},{"__type__":"cc.SpriteFrame","content":{"name":"line08","texture":"6fNWKxf8dPb5wg5IHXCUeg","rect":[84,440,125,80],"offset":[-4,0],"originalSize":[133,80],"rotated":1,"capInsets":[0,0,0,0]}},{"__type__":"cc.SpriteFrame","content":{"name":"line20","texture":"6fNWKxf8dPb5wg5IHXCUeg","rect":[277,1,134,78],"offset":[0,0],"originalSize":[134,78],"capInsets":[0,0,0,0]}},{"__type__":"cc.SpriteFrame","content":{"name":"line25","texture":"6fNWKxf8dPb5wg5IHXCUeg","rect":[264,82,133,77],"offset":[0,0],"originalSize":[133,77],"capInsets":[0,0,0,0]}},{"__type__":"cc.SpriteFrame","content":{"name":"line12","texture":"6fNWKxf8dPb5wg5IHXCUeg","rect":[239,167,130,78],"offset":[0,0],"originalSize":[130,78],"rotated":1,"capInsets":[0,0,0,0]}},{"__type__":"cc.SpriteFrame","content":{"name":"line14","texture":"6fNWKxf8dPb5wg5IHXCUeg","rect":[414,1,136,73],"offset":[0,0],"originalSize":[136,73],"rotated":1,"capInsets":[0,0,0,0]}},{"__type__":"cc.SpriteFrame","content":{"name":"line18","texture":"6fNWKxf8dPb5wg5IHXCUeg","rect":[140,1,134,78],"offset":[0,0],"originalSize":[134,78],"capInsets":[0,0,0,0]}}]