{"__type__":"sp.SkeletonData","_name":"BAUCUA","_skeletonJson":{"skeleton":{"hash":"Bem0dy3/lSO5k3QwSt4copo+i5w","spine":"3.7.94","width":310,"height":278.64,"images":"./images/","audio":""},"bones":[{"name":"root"},{"name":"1","parent":"root","x":-17.9,"y":46.68},{"name":"3","parent":"1","x":117.99,"y":5.59},{"name":"4","parent":"1","x":117.99,"y":5.59},{"name":"bone","parent":"root","y":53.26,"scaleX":0.695,"scaleY":0.695}],"slots":[{"name":"3","bone":"root","attachment":"3"},{"name":"2","bone":"3","attachment":"2"},{"name":"4","bone":"4","color":"ffffff71","attachment":"2"},{"name":"1","bone":"1","attachment":"1"},{"name":"Layer 723 copy_00000","bone":"bone","color":"96ddffff","attachment":"17","blend":"additive"}],"skins":{"default":{"1":{"1":{"x":-9.52,"y":1.5,"width":171,"height":75}},"2":{"2":{"x":4.49,"y":1.41,"width":97,"height":82}},"3":{"3":{"x":11.08,"y":71.68,"width":310,"height":174}},"4":{"2":{"x":4.49,"y":1.41,"width":97,"height":82}},"Layer 723 copy_00000":{"5":{"x":0.5,"y":0.5,"width":269,"height":401},"6":{"x":0.5,"y":0.5,"width":269,"height":401},"7":{"x":0.5,"y":0.5,"width":269,"height":401},"8":{"x":0.5,"y":0.5,"width":269,"height":401},"9":{"x":0.5,"y":0.5,"width":269,"height":401},"10":{"x":0.5,"y":0.5,"width":269,"height":401},"11":{"x":0.5,"y":0.5,"width":269,"height":401},"12":{"x":0.5,"y":0.5,"width":269,"height":401},"13":{"x":0.5,"y":0.5,"width":269,"height":401},"14":{"x":0.5,"y":0.5,"width":269,"height":401},"15":{"x":0.5,"y":0.5,"width":269,"height":401},"16":{"x":0.5,"y":0.5,"width":269,"height":401},"17":{"x":0.5,"y":0.5,"width":269,"height":401},"18":{"x":0.5,"y":0.5,"width":269,"height":401},"19":{"x":0.5,"y":0.5,"width":269,"height":401},"20":{"x":0.5,"y":0.5,"width":269,"height":401},"21":{"x":0.5,"y":0.5,"width":269,"height":401},"22":{"x":0.5,"y":0.5,"width":269,"height":401},"23":{"x":0.5,"y":0.5,"width":269,"height":401}}}},"animations":{"animation":{"slots":{"4":{"color":[{"time":1.5667,"color":"ffffff71"},{"time":2,"color":"ffffff00"},{"time":3.5667,"color":"ffffff71"},{"time":4,"color":"ffffff00"}]},"Layer 723 copy_00000":{"attachment":[{"time":0,"name":"5"},{"time":0.0667,"name":"6"},{"time":0.1333,"name":"7"},{"time":0.2,"name":"8"},{"time":0.2667,"name":"9"},{"time":0.3333,"name":"10"},{"time":0.4,"name":"11"},{"time":0.4667,"name":"12"},{"time":0.5333,"name":"13"},{"time":0.6,"name":"14"},{"time":0.6667,"name":"15"},{"time":0.7333,"name":"16"},{"time":0.8,"name":"17"},{"time":0.8667,"name":"18"},{"time":0.9333,"name":"19"},{"time":1,"name":"20"},{"time":1.0667,"name":"21"},{"time":1.1333,"name":"22"},{"time":1.2,"name":"23"},{"time":1.2667,"name":null}]}},"bones":{"1":{"scale":[{"time":0,"x":1,"y":1},{"time":0.1667,"x":1.081,"y":1.081},{"time":0.3,"x":1,"y":1},{"time":0.4667,"x":1.081,"y":1.081},{"time":0.6333,"x":1,"y":1,"curve":"stepped"},{"time":2,"x":1,"y":1},{"time":2.1667,"x":1.081,"y":1.081},{"time":2.3,"x":1,"y":1},{"time":2.4667,"x":1.081,"y":1.081},{"time":2.6333,"x":1,"y":1}]},"4":{"scale":[{"time":1.3333,"x":1,"y":1},{"time":2,"x":1.442,"y":1.442},{"time":3.3333,"x":1,"y":1},{"time":4,"x":1.442,"y":1.442}]}}}}},"_atlasText":"\nBAUCUA.png\nsize: 2048,2048\nformat: RGBA8888\nfilter: Linear,Linear\nrepeat: none\n1\n  rotate: false\n  xy: 544, 328\n  size: 171, 75\n  orig: 171, 75\n  offset: 0, 0\n  index: -1\n10\n  rotate: false\n  xy: 544, 1614\n  size: 269, 401\n  orig: 269, 401\n  offset: 0, 0\n  index: -1\n11\n  rotate: false\n  xy: 2, 405\n  size: 269, 401\n  orig: 269, 401\n  offset: 0, 0\n  index: -1\n12\n  rotate: false\n  xy: 273, 808\n  size: 269, 401\n  orig: 269, 401\n  offset: 0, 0\n  index: -1\n13\n  rotate: false\n  xy: 544, 1211\n  size: 269, 401\n  orig: 269, 401\n  offset: 0, 0\n  index: -1\n14\n  rotate: false\n  xy: 815, 1614\n  size: 269, 401\n  orig: 269, 401\n  offset: 0, 0\n  index: -1\n15\n  rotate: false\n  xy: 2, 2\n  size: 269, 401\n  orig: 269, 401\n  offset: 0, 0\n  index: -1\n16\n  rotate: false\n  xy: 273, 405\n  size: 269, 401\n  orig: 269, 401\n  offset: 0, 0\n  index: -1\n17\n  rotate: false\n  xy: 544, 808\n  size: 269, 401\n  orig: 269, 401\n  offset: 0, 0\n  index: -1\n18\n  rotate: false\n  xy: 815, 1211\n  size: 269, 401\n  orig: 269, 401\n  offset: 0, 0\n  index: -1\n19\n  rotate: false\n  xy: 1086, 1614\n  size: 269, 401\n  orig: 269, 401\n  offset: 0, 0\n  index: -1\n2\n  rotate: false\n  xy: 815, 724\n  size: 97, 82\n  orig: 97, 82\n  offset: 0, 0\n  index: -1\n20\n  rotate: false\n  xy: 273, 2\n  size: 269, 401\n  orig: 269, 401\n  offset: 0, 0\n  index: -1\n21\n  rotate: false\n  xy: 544, 405\n  size: 269, 401\n  orig: 269, 401\n  offset: 0, 0\n  index: -1\n22\n  rotate: false\n  xy: 815, 808\n  size: 269, 401\n  orig: 269, 401\n  offset: 0, 0\n  index: -1\n23\n  rotate: false\n  xy: 1086, 1211\n  size: 269, 401\n  orig: 269, 401\n  offset: 0, 0\n  index: -1\n3\n  rotate: false\n  xy: 1357, 1841\n  size: 310, 174\n  orig: 310, 174\n  offset: 0, 0\n  index: -1\n5\n  rotate: false\n  xy: 2, 1614\n  size: 269, 401\n  orig: 269, 401\n  offset: 0, 0\n  index: -1\n6\n  rotate: false\n  xy: 2, 1211\n  size: 269, 401\n  orig: 269, 401\n  offset: 0, 0\n  index: -1\n7\n  rotate: false\n  xy: 273, 1614\n  size: 269, 401\n  orig: 269, 401\n  offset: 0, 0\n  index: -1\n8\n  rotate: false\n  xy: 2, 808\n  size: 269, 401\n  orig: 269, 401\n  offset: 0, 0\n  index: -1\n9\n  rotate: false\n  xy: 273, 1211\n  size: 269, 401\n  orig: 269, 401\n  offset: 0, 0\n  index: -1\n","textures":[{"__uuid__":"61CI+uuHpJdbTcVg+npKc/"}],"textureNames":["BAUCUA.png"]}