{"__type__":"dragonBones.DragonBonesAtlasAsset","_name":"kyby_chibang6_tex","_atlasJson":"{\"SubTexture\":[{\"width\":201,\"y\":1,\"height\":279,\"name\":\"6chibang1\",\"x\":1},{\"frameWidth\":201,\"y\":242,\"frameX\":-19,\"frameHeight\":279,\"frameY\":-6,\"width\":180,\"height\":265,\"name\":\"6chibang1_00001\",\"x\":233},{\"frameWidth\":201,\"y\":405,\"frameX\":-2,\"frameHeight\":279,\"frameY\":-16,\"width\":109,\"height\":212,\"name\":\"6chibang1_00003\",\"x\":666},{\"frameWidth\":201,\"y\":647,\"frameX\":-66,\"frameHeight\":279,\"frameY\":-9,\"width\":133,\"height\":258,\"name\":\"6chibang1_00000\",\"x\":464},{\"frameWidth\":201,\"y\":647,\"frameX\":-8,\"frameHeight\":279,\"frameY\":-11,\"width\":152,\"height\":255,\"name\":\"6chibang1_00002\",\"x\":629},{\"frameWidth\":80,\"y\":907,\"frameX\":-9,\"frameHeight\":64,\"frameY\":-4,\"width\":61,\"height\":59,\"name\":\"light22\",\"x\":464},{\"frameWidth\":234,\"y\":766,\"frameX\":0,\"frameHeight\":240,\"frameY\":-5,\"width\":234,\"height\":226,\"name\":\"chibang6xiaoguo_00007\",\"x\":1},{\"frameWidth\":234,\"y\":756,\"frameX\":-7,\"frameHeight\":240,\"frameY\":0,\"width\":225,\"height\":231,\"name\":\"chibang6xiaoguo_00006\",\"x\":237},{\"frameWidth\":234,\"y\":524,\"frameX\":-8,\"frameHeight\":240,\"frameY\":-10,\"width\":226,\"height\":230,\"name\":\"chibang6xiaoguo_00008\",\"x\":226},{\"frameWidth\":234,\"y\":1,\"frameX\":-7,\"frameHeight\":240,\"frameY\":-25,\"width\":210,\"height\":200,\"name\":\"chibang6xiaoguo_00005\",\"x\":644},{\"frameWidth\":234,\"y\":242,\"frameX\":-7,\"frameHeight\":240,\"frameY\":-25,\"width\":212,\"height\":201,\"name\":\"chibang6xiaoguo_00001\",\"x\":415},{\"frameWidth\":234,\"y\":1,\"frameX\":-4,\"frameHeight\":240,\"frameY\":0,\"width\":226,\"height\":239,\"name\":\"chibang6xiaoguo_00010\",\"x\":204},{\"frameWidth\":234,\"y\":203,\"frameX\":-7,\"frameHeight\":240,\"frameY\":-25,\"width\":210,\"height\":200,\"name\":\"chibang6xiaoguo_00002\",\"x\":629},{\"frameWidth\":234,\"y\":524,\"frameX\":-8,\"frameHeight\":240,\"frameY\":0,\"width\":223,\"height\":240,\"name\":\"chibang6xiaoguo_00009\",\"x\":1},{\"frameWidth\":234,\"y\":1,\"frameX\":-7,\"frameHeight\":240,\"frameY\":-25,\"width\":210,\"height\":200,\"name\":\"chibang6xiaoguo_00004\",\"x\":432},{\"frameWidth\":234,\"y\":282,\"frameX\":-4,\"frameHeight\":240,\"frameY\":0,\"width\":230,\"height\":240,\"name\":\"chibang6xiaoguo_00011\",\"x\":1},{\"frameWidth\":234,\"y\":445,\"frameX\":-7,\"frameHeight\":240,\"frameY\":-25,\"width\":210,\"height\":200,\"name\":\"chibang6xiaoguo_00003\",\"x\":454},{\"frameWidth\":234,\"y\":904,\"frameX\":-66,\"frameHeight\":240,\"frameY\":-75,\"width\":75,\"height\":78,\"name\":\"chibang6xiaoguo_00000\",\"x\":599}],\"width\":1024,\"imagePath\":\"kyby_chibang6_tex.png\",\"height\":1024,\"name\":\"kyby_chibang6\"}","_texture":{"__uuid__":"a0Vck0tl1KOryy9eciJw7D"},"texture":{"__uuid__":"a0Vck0tl1KOryy9eciJw7D"}}