[{"__type__":"cc.BitmapFont","_name":"mnpk_fnt_tien1","spriteFrame":{"__uuid__":"71X1nbZ5xJgKxUCdnkS0XL"},"fontSize":32,"_fntConfig":{"commonHeight":37,"fontSize":32,"atlasName":"mnpk_fnt_tien1.png","fontDefDictionary":{"9":{"rect":{"x":0,"y":0,"width":0,"height":0},"xOffset":0,"yOffset":0,"xAdvance":4},"32":{"rect":{"x":0,"y":0,"width":0,"height":0},"xOffset":0,"yOffset":0,"xAdvance":2},"44":{"rect":{"x":80,"y":35,"width":16,"height":23},"xOffset":0,"yOffset":20,"xAdvance":9},"46":{"rect":{"x":81,"y":0,"width":15,"height":17},"xOffset":0,"yOffset":20,"xAdvance":8},"48":{"rect":{"x":0,"y":0,"width":28,"height":34},"xOffset":0,"yOffset":3,"xAdvance":21},"49":{"rect":{"x":79,"y":69,"width":17,"height":32},"xOffset":0,"yOffset":4,"xAdvance":10},"50":{"rect":{"x":54,"y":35,"width":25,"height":33},"xOffset":0,"yOffset":3,"xAdvance":18},"51":{"rect":{"x":55,"y":0,"width":25,"height":34},"xOffset":0,"yOffset":3,"xAdvance":18},"52":{"rect":{"x":0,"y":70,"width":26,"height":32},"xOffset":0,"yOffset":4,"xAdvance":19},"53":{"rect":{"x":54,"y":69,"width":24,"height":33},"xOffset":0,"yOffset":4,"xAdvance":17},"54":{"rect":{"x":0,"y":35,"width":26,"height":34},"xOffset":0,"yOffset":3,"xAdvance":19},"55":{"rect":{"x":27,"y":70,"width":25,"height":32},"xOffset":0,"yOffset":4,"xAdvance":18},"56":{"rect":{"x":29,"y":0,"width":25,"height":34},"xOffset":0,"yOffset":3,"xAdvance":18},"57":{"rect":{"x":27,"y":35,"width":26,"height":34},"xOffset":0,"yOffset":3,"xAdvance":19}},"kerningDict":{}}},{"__type__":"cc.SpriteFrame","content":{"name":"mnpk_fnt_tien1","texture":"fcCHW4TFhE37nDcIfny+hM","rect":[0,0,96,102],"offset":[-0.5,0.5],"originalSize":[97,103],"capInsets":[0,0,0,0]}}]