[{"__type__":"cc.SpriteFrame","content":{"name":"item7","texture":"e6K3csepZCNKTEuMmBhaI1","rect":[2,3,149,157],"offset":[-1,0],"originalSize":[155,163],"capInsets":[0,0,0,0]}},[{"__type__":"cc.Prefab","_name":"item7","data":{"__id__":1}},{"__type__":"cc.Node","_name":"item7","_components":[{"__type__":"cc.Sprite","node":{"__id__":1},"_materials":[{"__uuid__":"ecpdLyjvZBwrvm+cedCcQy"}],"_spriteFrame":{"__uuid__":"2dx/5wqWdNFYXXzuyAthMU"}}],"_prefab":{"__type__":"cc.PrefabInfo","root":{"__id__":1},"asset":{"__uuid__":"31BgsGJf9JrrIWu5LkBSgM"},"fileId":"0dE3Jb+nlP2ZOlKAIeCjgb"},"_contentSize":{"__type__":"cc.Size","width":149,"height":157},"_trs":{"__type__":"TypedArray","ctor":"Float64Array","array":[0,0,0,0,0,0,1,0.8,0.8,1]}}]]