[{"__type__":"cc.SpriteFrame","content":{"name":"AD","texture":"b700esaW1NobQa6pW5jXa0","rect":[691,816,113,161],"offset":[0,0],"originalSize":[113,161],"capInsets":[0,0,0,0]}},{"__type__":"cc.SpriteFrame","content":{"name":"KB","texture":"b700esaW1NobQa6pW5jXa0","rect":[806,816,113,161],"offset":[0,0],"originalSize":[113,161],"capInsets":[0,0,0,0]}},{"__type__":"cc.SpriteFrame","content":{"name":"7C","texture":"b700esaW1NobQa6pW5jXa0","rect":[461,653,113,161],"offset":[0,0],"originalSize":[113,161],"capInsets":[0,0,0,0]}},{"__type__":"cc.SpriteFrame","content":{"name":"5C","texture":"b700esaW1NobQa6pW5jXa0","rect":[348,164,113,161],"offset":[0,0],"originalSize":[113,161],"capInsets":[0,0,0,0]}},{"__type__":"cc.SpriteFrame","content":{"name":"BACK_1","texture":"b700esaW1NobQa6pW5jXa0","rect":[1,1,115,163],"offset":[0,0],"originalSize":[115,163],"capInsets":[0,0,0,0]}},{"__type__":"cc.SpriteFrame","content":{"name":"AA","texture":"b700esaW1NobQa6pW5jXa0","rect":[693,164,113,161],"offset":[0,0],"originalSize":[113,161],"capInsets":[0,0,0,0]}},{"__type__":"cc.SpriteFrame","content":{"name":"10D","texture":"b700esaW1NobQa6pW5jXa0","rect":[1,820,113,161],"offset":[0,0],"originalSize":[113,161],"capInsets":[0,0,0,0]}},{"__type__":"cc.SpriteFrame","content":{"name":"4C","texture":"b700esaW1NobQa6pW5jXa0","rect":[231,653,113,161],"offset":[0,0],"originalSize":[113,161],"capInsets":[0,0,0,0]}},{"__type__":"cc.SpriteFrame","content":{"name":"9D","texture":"b700esaW1NobQa6pW5jXa0","rect":[693,1,113,161],"offset":[0,0],"originalSize":[113,161],"capInsets":[0,0,0,0]}},{"__type__":"cc.SpriteFrame","content":{"name":"5B","texture":"b700esaW1NobQa6pW5jXa0","rect":[348,1,113,161],"offset":[0,0],"originalSize":[113,161],"capInsets":[0,0,0,0]}},{"__type__":"cc.SpriteFrame","content":{"name":"JB","texture":"b700esaW1NobQa6pW5jXa0","rect":[808,1,113,161],"offset":[0,0],"originalSize":[113,161],"capInsets":[0,0,0,0]}},{"__type__":"cc.SpriteFrame","content":{"name":"QB","texture":"b700esaW1NobQa6pW5jXa0","rect":[921,490,113,161],"offset":[0,0],"originalSize":[113,161],"capInsets":[0,0,0,0]}},{"__type__":"cc.SpriteFrame","content":{"name":"QA","texture":"b700esaW1NobQa6pW5jXa0","rect":[923,164,113,161],"offset":[0,0],"originalSize":[113,161],"capInsets":[0,0,0,0]}},{"__type__":"cc.SpriteFrame","content":{"name":"3B","texture":"b700esaW1NobQa6pW5jXa0","rect":[116,820,113,161],"offset":[0,0],"originalSize":[113,161],"capInsets":[0,0,0,0]}},{"__type__":"cc.SpriteFrame","content":{"name":"JA","texture":"b700esaW1NobQa6pW5jXa0","rect":[806,327,113,161],"offset":[0,0],"originalSize":[113,161],"capInsets":[0,0,0,0]}},{"__type__":"cc.SpriteFrame","content":{"name":"3A","texture":"b700esaW1NobQa6pW5jXa0","rect":[116,657,113,161],"offset":[0,0],"originalSize":[113,161],"capInsets":[0,0,0,0]}},{"__type__":"cc.SpriteFrame","content":{"name":"4B","texture":"b700esaW1NobQa6pW5jXa0","rect":[231,490,113,161],"offset":[0,0],"originalSize":[113,161],"capInsets":[0,0,0,0]}},{"__type__":"cc.SpriteFrame","content":{"name":"10B","texture":"b700esaW1NobQa6pW5jXa0","rect":[1,494,113,161],"offset":[0,0],"originalSize":[113,161],"capInsets":[0,0,0,0]}},{"__type__":"cc.SpriteFrame","content":{"name":"AB","texture":"b700esaW1NobQa6pW5jXa0","rect":[691,490,113,161],"offset":[0,0],"originalSize":[113,161],"capInsets":[0,0,0,0]}},{"__type__":"cc.SpriteFrame","content":{"name":"KC","texture":"b700esaW1NobQa6pW5jXa0","rect":[921,327,113,161],"offset":[0,0],"originalSize":[113,161],"capInsets":[0,0,0,0]}},{"__type__":"cc.SpriteFrame","content":{"name":"10C","texture":"b700esaW1NobQa6pW5jXa0","rect":[1,657,113,161],"offset":[0,0],"originalSize":[113,161],"capInsets":[0,0,0,0]}},{"__type__":"cc.SpriteFrame","content":{"name":"KD","texture":"b700esaW1NobQa6pW5jXa0","rect":[923,1,113,161],"offset":[0,0],"originalSize":[113,161],"capInsets":[0,0,0,0]}},{"__type__":"cc.SpriteFrame","content":{"name":"3C","texture":"b700esaW1NobQa6pW5jXa0","rect":[231,327,113,161],"offset":[0,0],"originalSize":[113,161],"capInsets":[0,0,0,0]}},{"__type__":"cc.SpriteFrame","content":{"name":"QD","texture":"b700esaW1NobQa6pW5jXa0","rect":[921,816,113,161],"offset":[0,0],"originalSize":[113,161],"capInsets":[0,0,0,0]}},{"__type__":"cc.SpriteFrame","content":{"name":"2D","texture":"b700esaW1NobQa6pW5jXa0","rect":[116,494,113,161],"offset":[0,0],"originalSize":[113,161],"capInsets":[0,0,0,0]}},{"__type__":"cc.SpriteFrame","content":{"name":"4D","texture":"b700esaW1NobQa6pW5jXa0","rect":[231,816,113,161],"offset":[0,0],"originalSize":[113,161],"capInsets":[0,0,0,0]}},{"__type__":"cc.SpriteFrame","content":{"name":"8A","texture":"b700esaW1NobQa6pW5jXa0","rect":[576,327,113,161],"offset":[0,0],"originalSize":[113,161],"capInsets":[0,0,0,0]}},{"__type__":"cc.SpriteFrame","content":{"name":"2B","texture":"b700esaW1NobQa6pW5jXa0","rect":[118,1,113,161],"offset":[0,0],"originalSize":[113,161],"capInsets":[0,0,0,0]}},{"__type__":"cc.SpriteFrame","content":{"name":"9A","texture":"b700esaW1NobQa6pW5jXa0","rect":[576,653,113,161],"offset":[0,0],"originalSize":[113,161],"capInsets":[0,0,0,0]}},{"__type__":"cc.SpriteFrame","content":{"name":"JD","texture":"b700esaW1NobQa6pW5jXa0","rect":[806,490,113,161],"offset":[0,0],"originalSize":[113,161],"capInsets":[0,0,0,0]}},{"__type__":"cc.SpriteFrame","content":{"name":"9C","texture":"b700esaW1NobQa6pW5jXa0","rect":[691,327,113,161],"offset":[0,0],"originalSize":[113,161],"capInsets":[0,0,0,0]}},{"__type__":"cc.SpriteFrame","content":{"name":"7D","texture":"b700esaW1NobQa6pW5jXa0","rect":[461,816,113,161],"offset":[0,0],"originalSize":[113,161],"capInsets":[0,0,0,0]}},{"__type__":"cc.SpriteFrame","content":{"name":"9B","texture":"b700esaW1NobQa6pW5jXa0","rect":[576,816,113,161],"offset":[0,0],"originalSize":[113,161],"capInsets":[0,0,0,0]}},{"__type__":"cc.SpriteFrame","content":{"name":"5D","texture":"b700esaW1NobQa6pW5jXa0","rect":[346,490,113,161],"offset":[0,0],"originalSize":[113,161],"capInsets":[0,0,0,0]}},{"__type__":"cc.SpriteFrame","content":{"name":"7A","texture":"b700esaW1NobQa6pW5jXa0","rect":[463,164,113,161],"offset":[0,0],"originalSize":[113,161],"capInsets":[0,0,0,0]}},{"__type__":"cc.SpriteFrame","content":{"name":"10A","texture":"b700esaW1NobQa6pW5jXa0","rect":[1,331,113,161],"offset":[0,0],"originalSize":[113,161],"capInsets":[0,0,0,0]}},[{"__type__":"cc.Prefab","_name":"Card","data":{"__id__":1}},{"__type__":"cc.Node","_name":"Card","_components":[{"__type__":"550c9nAtbJCb6ippMUD/2+b","node":{"__id__":1},"card1":[{"__uuid__":"15VcAOCaVLUIak3L0p9uAX"},{"__uuid__":"54mnG16fxOAYTISJKyoe5i"},{"__uuid__":"e910PG+P9NnbP6LlZ5H/N3"},{"__uuid__":"01fJ9wHmFPbKVJ0wISbvgp"}],"card2":[{"__uuid__":"9eFMC3gOdNT7yg9ONmKoEP"},{"__uuid__":"6c/wcp/P9A0ZugytDLXkLa"},{"__uuid__":"c69at6c7BNzah0y6ckRKkD"},{"__uuid__":"672uRA+wlFhItseYohdWGj"}],"card3":[{"__uuid__":"49aBw3yPFGg5rNi7FEFomI"},{"__uuid__":"43FXQ3pxJEOoXy7fFC5ipM"},{"__uuid__":"65v6r9RQJMzbbRvwP4vYwD"},{"__uuid__":"fdIrROT2hEeoDogrUtv/Wm"}],"card4":[{"__uuid__":"datq9thuhE5r4lzXkaCrJK"},{"__uuid__":"4dZG08R0VAhZ3CAe6y6+t3"},{"__uuid__":"2dS+Psd/9PFKsoo4WsHaCv"},{"__uuid__":"69SNmX9wJCcbKV8cXAKrbJ"}],"card5":[{"__uuid__":"e9EIuqxv5HZ4bpnNbU4llx"},{"__uuid__":"32+oGAY3JGE6h0Hue4KEV/"},{"__uuid__":"05ZzEAMWhHlqOiCydcZR/y"},{"__uuid__":"86IuunPF9Ms5fvxmlabmbV"}],"card6":[{"__uuid__":"e4NcWS23JBHKyExhPSl/06"},{"__uuid__":"ae8DXoxW1Pnp01D+aFzYp9"},{"__uuid__":"9awTBUY/tMeYNJ+tC8QhfZ"},{"__uuid__":"cet0AT8KNCN7nBP3TvqtOy"}],"card7":[{"__uuid__":"8ctFPWHylKEIyPl6q4NwO6"},{"__uuid__":"a2Uw8q2jFEEqK4EI3xp3fW"},{"__uuid__":"05LLeKpWtBNYNyy14DJzg8"},{"__uuid__":"7du7R1dmlMdrUKh9mCOoWv"}],"card8":[{"__uuid__":"6cTQ2BietIk4PjeJm8lyw7"},{"__uuid__":"d7klul1IVNlLc23gkAujwK"},{"__uuid__":"f5FFvtYxZCTaNb4RdH8okI"},{"__uuid__":"c1ofyzqApLLLNsb9sKyahI"}],"card9":[{"__uuid__":"6dTGQlBQhMiLgelYM2IBFP"},{"__uuid__":"83NuC2EFtPdox5CL21Vpch"},{"__uuid__":"7a98JbfYZBxYMk+u3oHwpX"},{"__uuid__":"2e5uGbYtJMA60oHbAYDdrK"}],"card10":[{"__uuid__":"8c53Oe7slBuLh2VOTSVU7d"},{"__uuid__":"4fNNm4vYtOcqBwA6xarcFw"},{"__uuid__":"5clw8UQ+pEUbfRxvX9AoDD"},{"__uuid__":"28Ui9tdZJAz6yrUiTTOclF"}],"card11":[{"__uuid__":"48WgPio9hAWa8jNrRGbl+L"},{"__uuid__":"33M9OTmwtH4a0EX8CEt5iC"},{"__uuid__":"efAThceehAgZG2q22YvzH/"},{"__uuid__":"72Ij7/vnRACr1kzWkTk8Xq"}],"card12":[{"__uuid__":"40t93mDhZBQJk7VvptjgR9"},{"__uuid__":"3d3vVtDyRPEb/DxAtGD05L"},{"__uuid__":"b0YbwhGwZCG5vXIADNUHPY"},{"__uuid__":"67ciOqDblOmKoazC1bdzYu"}],"card13":[{"__uuid__":"93OqAGqGtHZZN/SyACdqsp"},{"__uuid__":"04CJYfYo5NQbTmoiVGjw8b"},{"__uuid__":"5ary5DCYBKS7kM9eLjnTYB"},{"__uuid__":"62A0KfZgRMrbv5iA5rmmu/"}],"cardB1":{"__uuid__":"12SVncq9VBYLko/mZ9f78T"},"cardB2":{"__uuid__":"95ozo16oJBKZ+zgMmaF6Jn"}}],"_prefab":{"__type__":"cc.PrefabInfo","root":{"__id__":1},"asset":{"__id__":0},"fileId":"4eJrA3pC9K5Yln2qHRv3T9"},"_trs":{"__type__":"TypedArray","ctor":"Float64Array","array":[0,0,0,0,0,0,1,1,1,1]},"_zIndex":0}],{"__type__":"cc.SpriteFrame","content":{"name":"KA","texture":"b700esaW1NobQa6pW5jXa0","rect":[806,653,113,161],"offset":[0,0],"originalSize":[113,161],"capInsets":[0,0,0,0]}},{"__type__":"cc.SpriteFrame","content":{"name":"BACK_2","texture":"b700esaW1NobQa6pW5jXa0","rect":[1,166,115,163],"offset":[0,0],"originalSize":[115,163],"capInsets":[0,0,0,0]}},{"__type__":"cc.SpriteFrame","content":{"name":"6C","texture":"b700esaW1NobQa6pW5jXa0","rect":[461,327,113,161],"offset":[0,0],"originalSize":[113,161],"capInsets":[0,0,0,0]}},{"__type__":"cc.SpriteFrame","content":{"name":"2A","texture":"b700esaW1NobQa6pW5jXa0","rect":[116,331,113,161],"offset":[0,0],"originalSize":[113,161],"capInsets":[0,0,0,0]}},{"__type__":"cc.SpriteFrame","content":{"name":"7B","texture":"b700esaW1NobQa6pW5jXa0","rect":[461,490,113,161],"offset":[0,0],"originalSize":[113,161],"capInsets":[0,0,0,0]}},{"__type__":"cc.SpriteFrame","content":{"name":"6B","texture":"b700esaW1NobQa6pW5jXa0","rect":[346,816,113,161],"offset":[0,0],"originalSize":[113,161],"capInsets":[0,0,0,0]}},{"__type__":"cc.SpriteFrame","content":{"name":"QC","texture":"b700esaW1NobQa6pW5jXa0","rect":[921,653,113,161],"offset":[0,0],"originalSize":[113,161],"capInsets":[0,0,0,0]}},{"__type__":"cc.SpriteFrame","content":{"name":"8D","texture":"b700esaW1NobQa6pW5jXa0","rect":[576,490,113,161],"offset":[0,0],"originalSize":[113,161],"capInsets":[0,0,0,0]}},{"__type__":"cc.SpriteFrame","content":{"name":"2C","texture":"b700esaW1NobQa6pW5jXa0","rect":[118,164,113,161],"offset":[0,0],"originalSize":[113,161],"capInsets":[0,0,0,0]}},{"__type__":"cc.SpriteFrame","content":{"name":"6D","texture":"b700esaW1NobQa6pW5jXa0","rect":[463,1,113,161],"offset":[0,0],"originalSize":[113,161],"capInsets":[0,0,0,0]}},{"__type__":"cc.SpriteFrame","content":{"name":"8B","texture":"b700esaW1NobQa6pW5jXa0","rect":[578,1,113,161],"offset":[0,0],"originalSize":[113,161],"capInsets":[0,0,0,0]}},{"__type__":"cc.SpriteFrame","content":{"name":"4A","texture":"b700esaW1NobQa6pW5jXa0","rect":[233,164,113,161],"offset":[0,0],"originalSize":[113,161],"capInsets":[0,0,0,0]}},{"__type__":"cc.SpriteFrame","content":{"name":"6A","texture":"b700esaW1NobQa6pW5jXa0","rect":[346,653,113,161],"offset":[0,0],"originalSize":[113,161],"capInsets":[0,0,0,0]}},{"__type__":"cc.SpriteFrame","content":{"name":"5A","texture":"b700esaW1NobQa6pW5jXa0","rect":[346,327,113,161],"offset":[0,0],"originalSize":[113,161],"capInsets":[0,0,0,0]}},{"__type__":"cc.SpriteFrame","content":{"name":"AC","texture":"b700esaW1NobQa6pW5jXa0","rect":[691,653,113,161],"offset":[0,0],"originalSize":[113,161],"capInsets":[0,0,0,0]}},{"__type__":"cc.SpriteFrame","content":{"name":"JC","texture":"b700esaW1NobQa6pW5jXa0","rect":[808,164,113,161],"offset":[0,0],"originalSize":[113,161],"capInsets":[0,0,0,0]}},{"__type__":"cc.SpriteFrame","content":{"name":"8C","texture":"b700esaW1NobQa6pW5jXa0","rect":[578,164,113,161],"offset":[0,0],"originalSize":[113,161],"capInsets":[0,0,0,0]}},{"__type__":"cc.SpriteFrame","content":{"name":"3D","texture":"b700esaW1NobQa6pW5jXa0","rect":[233,1,113,161],"offset":[0,0],"originalSize":[113,161],"capInsets":[0,0,0,0]}}]