{"__type__":"dragonBones.DragonBonesAsset","_name":"baoxiang_ske","_dragonBonesJson":"{\"frameRate\":24,\"name\":\"baoxiang\",\"version\":\"5.5\",\"compatibleVersion\":\"5.5\",\"armature\":[{\"type\":\"Sheet\",\"frameRate\":12,\"name\":\"Sprite\",\"aabb\":{\"x\":-113.78,\"y\":-118.27,\"width\":224,\"height\":240.1},\"bone\":[{\"name\":\"root\"}],\"slot\":[{\"displayIndex\":3,\"name\":\"sheetSlot\",\"parent\":\"root\"}],\"skin\":[{\"slot\":[{\"name\":\"sheetSlot\",\"display\":[{\"name\":\"fish63_2\"},{\"name\":\"fish63_4\"},{\"name\":\"fish63_6\"},{\"name\":\"fish63_8\",\"transform\":{\"x\":-1.78,\"y\":1.78}},{\"name\":\"fish63_10\"}]}]}],\"animation\":[{\"duration\":5,\"playTimes\":0,\"name\":\"Sprite\",\"slot\":[{\"name\":\"sheetSlot\",\"displayFrame\":[{},{\"value\":1},{\"value\":2},{\"value\":3},{\"value\":4}]}]}],\"defaultActions\":[{\"gotoAndPlay\":\"Sprite\"}]}]}"}