[{"__type__":"cc.SpriteFrame","content":{"name":"light-3","texture":"52dKTZkr5OuLn98qpSIQoK","rect":[1350,861,675,445],"offset":[0,0],"originalSize":[675,445],"capInsets":[0,0,0,0]}},{"__type__":"cc.AnimationClip","_name":"Fire","_duration":0.25,"speed":0.8,"wrapMode":"2","curveData":{"comps":{"cc.Sprite":{"spriteFrame":[{"frame":0,"value":{"__uuid__":"4cWNVuzFVJaIsFsm7//YdN"}},{"frame":0.06666666666666667,"value":{"__uuid__":"f8WX9Mh99PvbPJGydw4DaZ"}},{"frame":0.15,"value":{"__uuid__":"0dNkdkrj9IsIc9+kx3acO6"}},{"frame":0.23333333333333334,"value":{"__uuid__":"4cWNVuzFVJaIsFsm7//YdN"}}]}}}},{"__type__":"cc.SpriteFrame","content":{"name":"light-1","texture":"52dKTZkr5OuLn98qpSIQoK","rect":[0,861,675,445],"offset":[0,0],"originalSize":[675,445],"capInsets":[0,0,0,0]}},{"__type__":"cc.SpriteFrame","content":{"name":"light-2","texture":"52dKTZkr5OuLn98qpSIQoK","rect":[675,861,675,445],"offset":[0,0],"originalSize":[675,445],"capInsets":[0,0,0,0]}}]