[{"__type__":"cc.SpriteFrame","content":{"name":"button-next-preview","texture":"47PkBhw9dGZYydJwK3/Fm9","rect":[87,60,25,39],"offset":[0,0],"originalSize":[25,39],"rotated":1,"capInsets":[0,0,0,0]}},{"__type__":"cc.SpriteFrame","content":{"name":"icon-chip-bg","texture":"47PkBhw9dGZYydJwK3/Fm9","rect":[146,1,50,50],"offset":[0,0],"originalSize":[50,50],"capInsets":[0,0,0,0]}},{"__type__":"cc.SpriteFrame","content":{"name":"button-rank","texture":"47PkBhw9dGZYydJwK3/Fm9","rect":[81,91,78,82],"offset":[0,0],"originalSize":[78,82],"capInsets":[0,0,0,0]}},{"__type__":"cc.SpriteFrame","content":{"name":"button-tutorial","texture":"47PkBhw9dGZYydJwK3/Fm9","rect":[85,175,78,82],"offset":[0,0],"originalSize":[78,82],"rotated":1,"capInsets":[0,0,0,0]}},{"__type__":"cc.SpriteFrame","content":{"name":"button-down","texture":"47PkBhw9dGZYydJwK3/Fm9","rect":[128,60,11,20],"offset":[0,0],"originalSize":[11,20],"capInsets":[0,0,0,0]}},{"__type__":"cc.SpriteAtlas","_name":"mini-game-button.plist","_spriteFrames":{"button-chat":{"__uuid__":"d8jVcTx/BDRaESpljePftw"},"button-close-2":{"__uuid__":"b2mqjCrchEfJOYP+1Us2Uy"},"button-close":{"__uuid__":"bdUJfvD4VDkosqDGDpnWS3"},"button-down":{"__uuid__":"7fZyjHSaJJD5PtO9rwC5tc"},"button-help":{"__uuid__":"9esKhHFQ5Ln70qaTN6DVwQ"},"button-next-preview-2":{"__uuid__":"dc3qYL7M5Po6LIPcM6jpyH"},"button-next-preview":{"__uuid__":"08e1K+9DZIhIRr1+ubm1Z7"},"button-rank":{"__uuid__":"21GAabUQRDIq7AHeSkOztG"},"button-send":{"__uuid__":"b78YgD25ZLhrEQVawf57hL"},"button-tutorial":{"__uuid__":"29KIum8rVNRIFsNUgqj4Cr"},"icon-chip-bg":{"__uuid__":"13OmTxO4dOtqL1ryEZlpR6"}}},{"__type__":"cc.SpriteFrame","content":{"name":"button-help","texture":"47PkBhw9dGZYydJwK3/Fm9","rect":[1,175,78,82],"offset":[0,0],"originalSize":[78,82],"rotated":1,"capInsets":[0,0,0,0]}},{"__type__":"cc.SpriteFrame","content":{"name":"button-close-2","texture":"47PkBhw9dGZYydJwK3/Fm9","rect":[87,1,57,57],"offset":[0,0],"originalSize":[57,57],"capInsets":[0,0,0,0]}},{"__type__":"cc.SpriteFrame","content":{"name":"button-send","texture":"47PkBhw9dGZYydJwK3/Fm9","rect":[161,91,38,38],"offset":[0,0],"originalSize":[38,38],"capInsets":[0,0,0,0]}},{"__type__":"cc.SpriteFrame","content":{"name":"button-close","texture":"47PkBhw9dGZYydJwK3/Fm9","rect":[1,1,84,88],"offset":[0,0],"originalSize":[84,88],"capInsets":[0,0,0,0]}},{"__type__":"cc.SpriteFrame","content":{"name":"button-chat","texture":"47PkBhw9dGZYydJwK3/Fm9","rect":[1,91,78,82],"offset":[0,0],"originalSize":[78,82],"capInsets":[0,0,0,0]}},{"__type__":"cc.SpriteFrame","content":{"name":"button-next-preview-2","texture":"47PkBhw9dGZYydJwK3/Fm9","rect":[146,53,40,36],"offset":[0,0],"originalSize":[40,36],"capInsets":[0,0,0,0]}}]