{"__type__":"dragonBones.DragonBonesAtlasAsset","_name":"douxia_shadow_tex","_atlasJson":"{\"width\":256,\"imagePath\":\"douxia_shadow_tex.png\",\"height\":512,\"name\":\"douxia_shadow\",\"SubTexture\":[{\"y\":374,\"frameX\":-494,\"frameHeight\":765,\"frameY\":-308,\"width\":107,\"frameWidth\":1020,\"height\":76,\"name\":\"00003\",\"x\":1},{\"y\":99,\"frameX\":-519,\"frameHeight\":765,\"frameY\":-313,\"width\":92,\"frameWidth\":1020,\"height\":93,\"name\":\"00000\",\"x\":1},{\"y\":194,\"frameX\":-519,\"frameHeight\":765,\"frameY\":-315,\"width\":91,\"frameWidth\":1020,\"height\":90,\"name\":\"00009\",\"x\":1},{\"y\":1,\"frameX\":-504,\"frameHeight\":765,\"frameY\":-309,\"width\":97,\"frameWidth\":1020,\"height\":90,\"name\":\"00002\",\"x\":98},{\"y\":249,\"frameX\":-494,\"frameHeight\":765,\"frameY\":-312,\"width\":103,\"frameWidth\":1020,\"height\":70,\"name\":\"00005\",\"x\":98},{\"y\":93,\"frameX\":-490,\"frameHeight\":765,\"frameY\":-309,\"width\":109,\"frameWidth\":1020,\"height\":73,\"name\":\"00004\",\"x\":98},{\"y\":168,\"frameX\":-506,\"frameHeight\":765,\"frameY\":-316,\"width\":98,\"frameWidth\":1020,\"height\":79,\"name\":\"00007\",\"x\":95},{\"y\":321,\"frameX\":-501,\"frameHeight\":765,\"frameY\":-316,\"width\":98,\"frameWidth\":1020,\"height\":70,\"name\":\"00006\",\"x\":110},{\"y\":1,\"frameX\":-513,\"frameHeight\":765,\"frameY\":-311,\"width\":95,\"frameWidth\":1020,\"height\":96,\"name\":\"00001\",\"x\":1},{\"y\":286,\"frameX\":-511,\"frameHeight\":765,\"frameY\":-315,\"width\":95,\"frameWidth\":1020,\"height\":86,\"name\":\"00008\",\"x\":1}]}","_texture":{"__uuid__":"8a3IQ5ci5Ey62OMLw3D7X3"},"texture":{"__uuid__":"8a3IQ5ci5Ey62OMLw3D7X3"}}