[{"__type__":"cc.SpriteFrame","content":{"name":"bau-cua-item-selected","texture":"d65343sO9NHIxU6fGLkTmn","rect":[86,200,90,90],"offset":[0,0],"originalSize":[90,90],"capInsets":[0,0,0,0]}},{"__type__":"cc.SpriteFrame","content":{"name":"bau-cua-item-small-1","texture":"d65343sO9NHIxU6fGLkTmn","rect":[189,0,39,39],"offset":[0,0],"originalSize":[39,39],"capInsets":[0,0,0,0]}},[{"__type__":"cc.Prefab","_name":"baucua-item","data":{"__id__":1}},{"__type__":"cc.Node","_name":"baucua-item","_children":[{"__id__":2},{"__id__":5},{"__id__":8}],"_components":[{"__type__":"cc.Layout","node":{"__id__":1},"_layoutSize":{"__type__":"cc.Size","width":117,"height":39},"_resize":1,"_N$layoutType":1},{"__type__":"058c1CPbRxHYZ8b7k46swQK","node":{"__id__":1},"icon":[{"__id__":4},{"__id__":7},{"__id__":10}]}],"_prefab":{"__type__":"cc.PrefabInfo","root":{"__id__":1},"asset":{"__id__":0},"fileId":"9eZf2HETlCuanEsfinATA2"},"_contentSize":{"__type__":"cc.Size","width":117,"height":39},"_trs":{"__type__":"TypedArray","ctor":"Float64Array","array":[0,-19.5,0,0,0,0,1,1,1,1]},"_zIndex":0},{"__type__":"cc.Node","_name":"icon1","_parent":{"__id__":1},"_children":[{"__id__":3}],"_components":[{"__id__":4}],"_prefab":{"__type__":"cc.PrefabInfo","root":{"__id__":1},"asset":{"__id__":0},"fileId":"26GLRLZ85MRZ7Y8eij6NDJ"},"_contentSize":{"__type__":"cc.Size","width":39,"height":39},"_trs":{"__type__":"TypedArray","ctor":"Float64Array","array":[-39,0,0,0,0,0,1,1,1,1]},"_zIndex":0},{"__type__":"cc.Node","_name":"last","_parent":{"__id__":2},"_active":false,"_components":[{"__type__":"cc.Sprite","node":{"__id__":3},"_spriteFrame":{"__uuid__":"23MgTW/dNL16rWK3TROBA+"},"_sizeMode":0}],"_prefab":{"__type__":"cc.PrefabInfo","root":{"__id__":1},"asset":{"__id__":0},"fileId":"113MEkhlxOdLX6gqRHpSxC"},"_contentSize":{"__type__":"cc.Size","width":37,"height":37},"_trs":{"__type__":"TypedArray","ctor":"Float64Array","array":[0,0,0,0,0,0,1,1,1,1]},"_zIndex":0},{"__type__":"cc.Sprite","node":{"__id__":2},"_spriteFrame":{"__uuid__":"49keZYGm9PdpojmzEEpkSK"}},{"__type__":"cc.Node","_name":"icon2","_parent":{"__id__":1},"_children":[{"__id__":6}],"_components":[{"__id__":7}],"_prefab":{"__type__":"cc.PrefabInfo","root":{"__id__":1},"asset":{"__id__":0},"fileId":"963eVQ8OxF5bi1/DjoggzV"},"_contentSize":{"__type__":"cc.Size","width":39,"height":39},"_trs":{"__type__":"TypedArray","ctor":"Float64Array","array":[0,0,0,0,0,0,1,1,1,1]},"_zIndex":0},{"__type__":"cc.Node","_name":"last","_parent":{"__id__":5},"_active":false,"_components":[{"__type__":"cc.Sprite","node":{"__id__":6},"_spriteFrame":{"__uuid__":"23MgTW/dNL16rWK3TROBA+"},"_sizeMode":0}],"_prefab":{"__type__":"cc.PrefabInfo","root":{"__id__":1},"asset":{"__id__":0},"fileId":"31itUTAdxCOahcDxtv6hQw"},"_contentSize":{"__type__":"cc.Size","width":37,"height":37},"_trs":{"__type__":"TypedArray","ctor":"Float64Array","array":[0,0,0,0,0,0,1,1,1,1]},"_zIndex":0},{"__type__":"cc.Sprite","node":{"__id__":5},"_spriteFrame":{"__uuid__":"49keZYGm9PdpojmzEEpkSK"}},{"__type__":"cc.Node","_name":"icon3","_parent":{"__id__":1},"_children":[{"__id__":9}],"_components":[{"__id__":10}],"_prefab":{"__type__":"cc.PrefabInfo","root":{"__id__":1},"asset":{"__id__":0},"fileId":"47z15ukqlIKI/PlKXPDvjj"},"_contentSize":{"__type__":"cc.Size","width":39,"height":39},"_trs":{"__type__":"TypedArray","ctor":"Float64Array","array":[39,0,0,0,0,0,1,1,1,1]},"_zIndex":0},{"__type__":"cc.Node","_name":"last","_parent":{"__id__":8},"_active":false,"_components":[{"__type__":"cc.Sprite","node":{"__id__":9},"_spriteFrame":{"__uuid__":"23MgTW/dNL16rWK3TROBA+"},"_sizeMode":0}],"_prefab":{"__type__":"cc.PrefabInfo","root":{"__id__":1},"asset":{"__id__":0},"fileId":"e6Wyf3Ui5H2pSy2Ilh6OSZ"},"_contentSize":{"__type__":"cc.Size","width":37,"height":37},"_trs":{"__type__":"TypedArray","ctor":"Float64Array","array":[0,0,0,0,0,0,1,1,1,1]},"_zIndex":0},{"__type__":"cc.Sprite","node":{"__id__":8},"_spriteFrame":{"__uuid__":"49keZYGm9PdpojmzEEpkSK"}}]]