[{"__type__":"cc.SpriteFrame","content":{"name":"lines11_off","texture":"1amI5n/R1DwJwbgDoF1wgV","rect":[318,2,156,79],"offset":[0,0],"originalSize":[156,79],"capInsets":[0,0,0,0]}},{"__type__":"cc.SpriteFrame","content":{"name":"lines19_on","texture":"1amI5n/R1DwJwbgDoF1wgV","rect":[160,248,155,79],"offset":[0,0],"originalSize":[155,79],"capInsets":[0,0,0,0]}},{"__type__":"cc.SpriteFrame","content":{"name":"lines13_on","texture":"1amI5n/R1DwJwbgDoF1wgV","rect":[160,84,155,79],"offset":[0,0],"originalSize":[155,79],"capInsets":[0,0,0,0]}},{"__type__":"cc.SpriteFrame","content":{"name":"lines3_off","texture":"1amI5n/R1DwJwbgDoF1wgV","rect":[318,330,155,79],"offset":[0,0],"originalSize":[155,79],"capInsets":[0,0,0,0]}},{"__type__":"cc.SpriteFrame","content":{"name":"lines5_off","texture":"1amI5n/R1DwJwbgDoF1wgV","rect":[2,412,155,79],"offset":[0,0],"originalSize":[155,79],"capInsets":[0,0,0,0]}},{"__type__":"cc.SpriteFrame","content":{"name":"lines12_off","texture":"1amI5n/R1DwJwbgDoF1wgV","rect":[635,2,155,79],"offset":[0,0],"originalSize":[155,79],"capInsets":[0,0,0,0]}},{"__type__":"cc.SpriteFrame","content":{"name":"lines6_on","texture":"1amI5n/R1DwJwbgDoF1wgV","rect":[476,412,155,79],"offset":[0,0],"originalSize":[155,79],"capInsets":[0,0,0,0]}},{"__type__":"cc.SpriteFrame","content":{"name":"lines18_on","texture":"1amI5n/R1DwJwbgDoF1wgV","rect":[792,242,155,79],"offset":[0,0],"originalSize":[155,79],"capInsets":[0,0,0,0]}},{"__type__":"cc.SpriteFrame","content":{"name":"lines15_off","texture":"1amI5n/R1DwJwbgDoF1wgV","rect":[634,84,155,79],"offset":[0,0],"originalSize":[155,79],"capInsets":[0,0,0,0]}},{"__type__":"cc.SpriteFrame","content":{"name":"lines18_off","texture":"1amI5n/R1DwJwbgDoF1wgV","rect":[634,166,155,79],"offset":[0,0],"originalSize":[155,79],"capInsets":[0,0,0,0]}},{"__type__":"cc.SpriteFrame","content":{"name":"lines17_on","texture":"1amI5n/R1DwJwbgDoF1wgV","rect":[476,166,155,79],"offset":[0,0],"originalSize":[155,79],"capInsets":[0,0,0,0]}},{"__type__":"cc.SpriteFrame","content":{"name":"lines13_off","texture":"1amI5n/R1DwJwbgDoF1wgV","rect":[2,84,155,79],"offset":[0,0],"originalSize":[155,79],"capInsets":[0,0,0,0]}},{"__type__":"cc.SpriteFrame","content":{"name":"lines8_on","texture":"1amI5n/R1DwJwbgDoF1wgV","rect":[160,494,155,79],"offset":[0,0],"originalSize":[155,79],"capInsets":[0,0,0,0]}},{"__type__":"cc.SpriteFrame","content":{"name":"lines10_off","texture":"1amI5n/R1DwJwbgDoF1wgV","rect":[2,2,155,79],"offset":[0,0],"originalSize":[155,79],"capInsets":[0,0,0,0]}},{"__type__":"cc.SpriteFrame","content":{"name":"lines10_on","texture":"1amI5n/R1DwJwbgDoF1wgV","rect":[160,2,155,79],"offset":[0,0],"originalSize":[155,79],"capInsets":[0,0,0,0]}},{"__type__":"cc.SpriteFrame","content":{"name":"lines3_on","texture":"1amI5n/R1DwJwbgDoF1wgV","rect":[476,330,155,79],"offset":[0,0],"originalSize":[155,79],"capInsets":[0,0,0,0]}},{"__type__":"cc.SpriteFrame","content":{"name":"lines16_on","texture":"1amI5n/R1DwJwbgDoF1wgV","rect":[160,166,155,79],"offset":[0,0],"originalSize":[155,79],"capInsets":[0,0,0,0]}},{"__type__":"cc.SpriteFrame","content":{"name":"lines16_off","texture":"1amI5n/R1DwJwbgDoF1wgV","rect":[2,166,155,79],"offset":[0,0],"originalSize":[155,79],"capInsets":[0,0,0,0]}},{"__type__":"cc.SpriteFrame","content":{"name":"lines8_off","texture":"1amI5n/R1DwJwbgDoF1wgV","rect":[2,494,155,79],"offset":[0,0],"originalSize":[155,79],"capInsets":[0,0,0,0]}},{"__type__":"cc.SpriteFrame","content":{"name":"lines6_off","texture":"1amI5n/R1DwJwbgDoF1wgV","rect":[318,412,155,79],"offset":[0,0],"originalSize":[155,79],"capInsets":[0,0,0,0]}},{"__type__":"cc.SpriteAtlas","_name":"selectLine.plist","_spriteFrames":{"lines10_off":{"__uuid__":"54dTULEqxM5JM3brB7lFKh"},"lines10_on":{"__uuid__":"5eev09v0hLOLsTwLs/Ld3x"},"lines11_off":{"__uuid__":"0cPZL0y8NEu7ok3rGVydmf"},"lines11_on":{"__uuid__":"d7xBF/gfhPAomxajYWIlQy"},"lines12_off":{"__uuid__":"375lFbjbdARpyZuq+iGTnx"},"lines12_on":{"__uuid__":"e32QlViC5EWr5ez3FzhMVs"},"lines13_off":{"__uuid__":"51irro8V1NDKvLqELSY8Pb"},"lines13_on":{"__uuid__":"0fsCXFZN1NT5unxCP125IJ"},"lines14_off":{"__uuid__":"a9c831KrZI1ZYqOcbtbEsb"},"lines14_on":{"__uuid__":"a970gQJMRF6r51sAcFgIS5"},"lines15_off":{"__uuid__":"4eNDm9Y29Dr7xVdw33mqvj"},"lines15_on":{"__uuid__":"f4/gKWcX1F/LzkxYg9bGp3"},"lines16_off":{"__uuid__":"6exgg23w5PQI7uI7Kt4N/V"},"lines16_on":{"__uuid__":"6ebATP6aJCDKQu8huPFnlq"},"lines17_off":{"__uuid__":"cbk3PIYp1DeLu5FAoOQZDq"},"lines17_on":{"__uuid__":"51bD38K2hIWptW5WyzdlQm"},"lines18_off":{"__uuid__":"50NN31sopAdqszygD7cdwc"},"lines18_on":{"__uuid__":"3fqeBOZsRIcK1RLovsDiJr"},"lines19_off":{"__uuid__":"adxz7vjExDH4F90ey5ZK9e"},"lines19_on":{"__uuid__":"0eSJKPwp9N0qqRQ0Bdlxzk"},"lines1_off":{"__uuid__":"7aeO3tRBNBka4l/fwMPAqL"},"lines1_on":{"__uuid__":"973VqHrUJBE6wuLDXjrWV7"},"lines20_off":{"__uuid__":"e9gdW7iR9Cz65N2kfnWQSY"},"lines20_on":{"__uuid__":"950NCCEO9DEKecZTq/ycFQ"},"lines2_off":{"__uuid__":"f65qehHqtObaBha1K/vS68"},"lines2_on":{"__uuid__":"c8F68DLc9FJqkIu+U6xatC"},"lines3_off":{"__uuid__":"18+nHAf2pK0LPrTYbXfmZN"},"lines3_on":{"__uuid__":"695a+LnGpA+5Ek+H1bUIfj"},"lines4_off":{"__uuid__":"eb1f5p5WlB+4+Mc52uLT4p"},"lines4_on":{"__uuid__":"98eq4kcvdMvL9UUsV++9wF"},"lines5_off":{"__uuid__":"34oaZNx4REvrnfbl8sYM80"},"lines5_on":{"__uuid__":"78RKqzEHhLbYqQ8LBrivS9"},"lines6_off":{"__uuid__":"7000tuvDBNXLWbzDxBjumq"},"lines6_on":{"__uuid__":"3eO+NFG0hJzaPgAdSWhRyz"},"lines7_off":{"__uuid__":"cdFj9CUDZLtpgInqpcohIu"},"lines7_on":{"__uuid__":"b70Zk2TrxPpbpyOqyoCRJy"},"lines8_off":{"__uuid__":"70c8rs+aZPoqRWUawszOam"},"lines8_on":{"__uuid__":"53E9PwcPxDNLlhRw6CNjiQ"},"lines9_off":{"__uuid__":"b5CxJhiQ9DHKEeoaFxHGDP"},"lines9_on":{"__uuid__":"c3r9jP7kdBar3qK95eOQmP"}}},{"__type__":"cc.SpriteFrame","content":{"name":"lines5_on","texture":"1amI5n/R1DwJwbgDoF1wgV","rect":[160,412,155,79],"offset":[0,0],"originalSize":[155,79],"capInsets":[0,0,0,0]}},{"__type__":"cc.SpriteFrame","content":{"name":"lines1_off","texture":"1amI5n/R1DwJwbgDoF1wgV","rect":[318,248,155,79],"offset":[0,0],"originalSize":[155,79],"capInsets":[0,0,0,0]}},{"__type__":"cc.SpriteFrame","content":{"name":"lines20_on","texture":"1amI5n/R1DwJwbgDoF1wgV","rect":[792,324,155,79],"offset":[0,0],"originalSize":[155,79],"capInsets":[0,0,0,0]}},{"__type__":"cc.SpriteFrame","content":{"name":"lines1_on","texture":"1amI5n/R1DwJwbgDoF1wgV","rect":[476,248,155,79],"offset":[0,0],"originalSize":[155,79],"capInsets":[0,0,0,0]}},{"__type__":"cc.SpriteFrame","content":{"name":"lines4_on","texture":"1amI5n/R1DwJwbgDoF1wgV","rect":[792,406,155,79],"offset":[0,0],"originalSize":[155,79],"capInsets":[0,0,0,0]}},{"__type__":"cc.SpriteFrame","content":{"name":"lines14_off","texture":"1amI5n/R1DwJwbgDoF1wgV","rect":[318,84,155,79],"offset":[0,0],"originalSize":[155,79],"capInsets":[0,0,0,0]}},{"__type__":"cc.SpriteFrame","content":{"name":"lines14_on","texture":"1amI5n/R1DwJwbgDoF1wgV","rect":[476,84,155,79],"offset":[0,0],"originalSize":[155,79],"capInsets":[0,0,0,0]}},{"__type__":"cc.SpriteFrame","content":{"name":"lines19_off","texture":"1amI5n/R1DwJwbgDoF1wgV","rect":[2,248,155,79],"offset":[0,0],"originalSize":[155,79],"capInsets":[0,0,0,0]}},{"__type__":"cc.SpriteFrame","content":{"name":"lines9_off","texture":"1amI5n/R1DwJwbgDoF1wgV","rect":[318,494,155,79],"offset":[0,0],"originalSize":[155,79],"capInsets":[0,0,0,0]}},{"__type__":"cc.SpriteFrame","content":{"name":"lines7_on","texture":"1amI5n/R1DwJwbgDoF1wgV","rect":[792,488,155,79],"offset":[0,0],"originalSize":[155,79],"capInsets":[0,0,0,0]}},{"__type__":"cc.SpriteFrame","content":{"name":"lines9_on","texture":"1amI5n/R1DwJwbgDoF1wgV","rect":[476,494,155,79],"offset":[0,0],"originalSize":[155,79],"capInsets":[0,0,0,0]}},{"__type__":"cc.SpriteFrame","content":{"name":"lines2_on","texture":"1amI5n/R1DwJwbgDoF1wgV","rect":[160,330,155,79],"offset":[0,0],"originalSize":[155,79],"capInsets":[0,0,0,0]}},{"__type__":"cc.SpriteFrame","content":{"name":"lines17_off","texture":"1amI5n/R1DwJwbgDoF1wgV","rect":[318,166,155,79],"offset":[0,0],"originalSize":[155,79],"capInsets":[0,0,0,0]}},{"__type__":"cc.SpriteFrame","content":{"name":"lines7_off","texture":"1amI5n/R1DwJwbgDoF1wgV","rect":[634,412,155,79],"offset":[0,0],"originalSize":[155,79],"capInsets":[0,0,0,0]}},{"__type__":"cc.SpriteFrame","content":{"name":"lines11_on","texture":"1amI5n/R1DwJwbgDoF1wgV","rect":[477,2,155,79],"offset":[0,0],"originalSize":[155,79],"capInsets":[0,0,0,0]}},{"__type__":"cc.SpriteFrame","content":{"name":"lines12_on","texture":"1amI5n/R1DwJwbgDoF1wgV","rect":[793,2,155,79],"offset":[0,0],"originalSize":[155,79],"rotated":1,"capInsets":[0,0,0,0]}},{"__type__":"cc.SpriteFrame","content":{"name":"lines20_off","texture":"1amI5n/R1DwJwbgDoF1wgV","rect":[634,248,155,79],"offset":[0,0],"originalSize":[155,79],"capInsets":[0,0,0,0]}},{"__type__":"cc.SpriteFrame","content":{"name":"lines4_off","texture":"1amI5n/R1DwJwbgDoF1wgV","rect":[634,330,155,79],"offset":[0,0],"originalSize":[155,79],"capInsets":[0,0,0,0]}},{"__type__":"cc.SpriteFrame","content":{"name":"lines15_on","texture":"1amI5n/R1DwJwbgDoF1wgV","rect":[792,160,155,79],"offset":[0,0],"originalSize":[155,79],"capInsets":[0,0,0,0]}},{"__type__":"cc.SpriteFrame","content":{"name":"lines2_off","texture":"1amI5n/R1DwJwbgDoF1wgV","rect":[2,330,155,79],"offset":[0,0],"originalSize":[155,79],"capInsets":[0,0,0,0]}}]