[{"__type__":"cc.SpriteFrame","content":{"name":"kyby_zidan4","texture":"6cnLi2iMND+qeOqrIr391i","rect":[0,0,39,79],"offset":[0,1],"originalSize":[39,81],"capInsets":[0,0,0,0]}},[{"__type__":"cc.Prefab","_name":"4","data":{"__id__":1}},{"__type__":"cc.Node","_name":"4","_children":[{"__id__":2}],"_components":[{"__type__":"b002ckgsd9Ndr4/xSE5GpV3","node":{"__id__":1},"body":{"__id__":3},"collider":{"__id__":4},"icon":{"__id__":2}},{"__id__":3},{"__id__":4},{"__type__":"cc.CircleCollider","node":{"__id__":1},"_radius":10}],"_prefab":{"__type__":"cc.PrefabInfo","root":{"__id__":1},"asset":{"__uuid__":"53HbzH/OBADKe8dXseqYAP"},"fileId":"17Pd2ppZhFo5ZWsm5thMpL"},"_trs":{"__type__":"TypedArray","ctor":"Float64Array","array":[0,0,0,0,0,0,1,1,1,1]}},{"__type__":"cc.Node","_name":"bullet","_parent":{"__id__":1},"_components":[{"__type__":"cc.Sprite","node":{"__id__":2},"_materials":[{"__uuid__":"ecpdLyjvZBwrvm+cedCcQy"}],"_spriteFrame":{"__uuid__":"0f52VEtpFOQoYW4o4Ywpj0"}}],"_prefab":{"__type__":"cc.PrefabInfo","root":{"__id__":1},"asset":{"__uuid__":"53HbzH/OBADKe8dXseqYAP"},"fileId":"48fmRqJ8hI2ooKYjd8LYTh"},"_contentSize":{"__type__":"cc.Size","width":39,"height":79},"_anchorPoint":{"__type__":"cc.Vec2","x":0.5,"y":0.81},"_trs":{"__type__":"TypedArray","ctor":"Float64Array","array":[0,0,0,0,0,0,1,1,1,1]}},{"__type__":"cc.RigidBody","node":{"__id__":1},"_fixedRotation":true,"enabledContactListener":true},{"__type__":"cc.PhysicsCircleCollider","node":{"__id__":1},"_density":0,"_friction":0,"_restitution":1,"_radius":10}]]