[{"__type__":"cc.SpriteFrame","content":{"name":"singleColor","texture":"a8Anh32NZGRZegUtSgEj26","rect":[0,0,2,2],"offset":[0,0],"originalSize":[2,2],"capInsets":[0,0,0,0]}},[{"__type__":"cc.Prefab","_name":"itemDay","data":{"__id__":1}},{"__type__":"cc.Node","_name":"itemDay","_children":[{"__id__":2},{"__id__":3}],"_components":[{"__type__":"688ad1Awp1CHq7rXjPwOiyM","node":{"__id__":1},"bg":{"__id__":2},"day":{"__id__":4}},{"__type__":"cc.Button","node":{"__id__":1},"clickEvents":[{"__type__":"cc.ClickEvent","target":{"__id__":1},"_componentId":"688ad1Awp1CHq7rXjPwOiyM","handler":"onClickSelect"}]}],"_prefab":{"__type__":"cc.PrefabInfo","root":{"__id__":1},"asset":{"__uuid__":"4aLIVHfIdP0qoDnRSRmdso"},"fileId":"4fYPVh585MQJT5lzKg/DOB"},"_contentSize":{"__type__":"cc.Size","width":270,"height":40},"_trs":{"__type__":"TypedArray","ctor":"Float64Array","array":[0,-20,0,0,0,0,1,1,1,1]}},{"__type__":"cc.Node","_name":"singleColor","_parent":{"__id__":1},"_components":[{"__type__":"cc.Sprite","node":{"__id__":2},"_materials":[{"__uuid__":"ecpdLyjvZBwrvm+cedCcQy"}],"_spriteFrame":{"__uuid__":"41D7kWhyFGY7q4NDlzkazn"},"_sizeMode":0}],"_prefab":{"__type__":"cc.PrefabInfo","root":{"__id__":1},"asset":{"__uuid__":"4aLIVHfIdP0qoDnRSRmdso"},"fileId":"60Hg+9YcxLO59KQm5MD9FK"},"_opacity":31,"_contentSize":{"__type__":"cc.Size","width":270,"height":40},"_trs":{"__type__":"TypedArray","ctor":"Float64Array","array":[0,0,0,0,0,0,1,1,1,1]}},{"__type__":"cc.Node","_name":"label","_parent":{"__id__":1},"_components":[{"__id__":4}],"_prefab":{"__type__":"cc.PrefabInfo","root":{"__id__":1},"asset":{"__uuid__":"4aLIVHfIdP0qoDnRSRmdso"},"fileId":"2dWFsI5E5Aw5FPkunvtJnq"},"_contentSize":{"__type__":"cc.Size","height":22.86},"_trs":{"__type__":"TypedArray","ctor":"Float64Array","array":[0,0,0,0,0,0,1,1,1,1]}},{"__type__":"cc.Label","node":{"__id__":3},"_materials":[{"__uuid__":"ecpdLyjvZBwrvm+cedCcQy"}],"_useOriginalSize":false,"_fontSize":20,"_N$file":{"__uuid__":"ca/STOHexDCpBHB3XPtG62"},"_isSystemFontUsed":false,"_N$horizontalAlign":1}]]