{"__type__":"dragonBones.DragonBonesAtlasAsset","_name":"jiewenyu_shadow_tex","_atlasJson":"{\"width\":512,\"imagePath\":\"jiewenyu_shadow_tex.png\",\"height\":512,\"name\":\"jiewenyu_shadow\",\"SubTexture\":[{\"y\":1,\"frameX\":-486,\"frameHeight\":765,\"frameY\":-284,\"width\":165,\"frameWidth\":1020,\"height\":102,\"name\":\"00001\",\"x\":337},{\"y\":1,\"frameX\":-487,\"frameHeight\":765,\"frameY\":-267,\"width\":163,\"frameWidth\":1020,\"height\":125,\"name\":\"00003\",\"x\":172},{\"y\":195,\"frameX\":-483,\"frameHeight\":765,\"frameY\":-314,\"width\":170,\"frameWidth\":1020,\"height\":67,\"name\":\"00007\",\"x\":341},{\"y\":133,\"frameX\":-486,\"frameHeight\":765,\"frameY\":-260,\"width\":165,\"frameWidth\":1020,\"height\":130,\"name\":\"00004\",\"x\":1},{\"y\":285,\"frameX\":-487,\"frameHeight\":765,\"frameY\":-316,\"width\":163,\"frameWidth\":1020,\"height\":73,\"name\":\"00009\",\"x\":168},{\"y\":265,\"frameX\":-486,\"frameHeight\":765,\"frameY\":-275,\"width\":165,\"frameWidth\":1020,\"height\":116,\"name\":\"00002\",\"x\":1},{\"y\":105,\"frameX\":-487,\"frameHeight\":765,\"frameY\":-299,\"width\":163,\"frameWidth\":1020,\"height\":88,\"name\":\"00011\",\"x\":337},{\"y\":264,\"frameX\":-485,\"frameHeight\":765,\"frameY\":-318,\"width\":167,\"frameWidth\":1020,\"height\":67,\"name\":\"00008\",\"x\":341},{\"y\":1,\"frameX\":-484,\"frameHeight\":765,\"frameY\":-256,\"width\":169,\"frameWidth\":1020,\"height\":130,\"name\":\"00005\",\"x\":1},{\"y\":128,\"frameX\":-487,\"frameHeight\":765,\"frameY\":-309,\"width\":163,\"frameWidth\":1020,\"height\":80,\"name\":\"00010\",\"x\":172},{\"y\":210,\"frameX\":-483,\"frameHeight\":765,\"frameY\":-310,\"width\":171,\"frameWidth\":1020,\"height\":73,\"name\":\"00006\",\"x\":168},{\"y\":383,\"frameX\":-487,\"frameHeight\":765,\"frameY\":-291,\"width\":163,\"frameWidth\":1020,\"height\":95,\"name\":\"00000\",\"x\":1}]}","_texture":{"__uuid__":"97Bd8GRRdFG5OwKQuwhMyZ"},"texture":{"__uuid__":"97Bd8GRRdFG5OwKQuwhMyZ"}}