[{"__type__":"cc.SpriteFrame","content":{"name":"buttom_an_non","texture":"d15n7kfMxOw6QFoWds6MzI","rect":[335,427,133,55],"offset":[0,0],"originalSize":[133,55],"capInsets":[0,0,0,0]}},{"__type__":"cc.SpriteFrame","content":{"name":"bg_caothap","texture":"d15n7kfMxOw6QFoWds6MzI","rect":[1,1,703,364],"offset":[0,0],"originalSize":[703,364],"capInsets":[0,0,0,0]}},{"__type__":"cc.SpriteFrame","content":{"name":"bg_A","texture":"d15n7kfMxOw6QFoWds6MzI","rect":[470,427,57,67],"offset":[0,0],"originalSize":[57,67],"capInsets":[0,0,0,0]}},{"__type__":"cc.SpriteFrame","content":{"name":"caothap_down","texture":"d15n7kfMxOw6QFoWds6MzI","rect":[548,367,131,88],"offset":[0,0],"originalSize":[131,88],"rotated":1,"capInsets":[0,0,0,0]}},{"__type__":"cc.SpriteFrame","content":{"name":"bg_hu","texture":"d15n7kfMxOw6QFoWds6MzI","rect":[129,427,204,45],"offset":[0,0],"originalSize":[204,45],"capInsets":[0,0,0,0]}},{"__type__":"cc.SpriteFrame","content":{"name":"button-play","texture":"d15n7kfMxOw6QFoWds6MzI","rect":[1,427,76,126],"offset":[0,0],"originalSize":[76,126],"rotated":1,"capInsets":[0,0,0,0]}},{"__type__":"cc.SpriteFrame","content":{"name":"bg_caothap_log","texture":"d15n7kfMxOw6QFoWds6MzI","rect":[1,367,545,58],"offset":[0,0],"originalSize":[545,58],"capInsets":[0,0,0,0]}},{"__type__":"cc.SpriteAtlas","_name":"icon_caothap.plist","_spriteFrames":{"bg_A":{"__uuid__":"1aqVPK+SBGRL2QhCHb+6Rt"},"bg_caothap":{"__uuid__":"0f23Xer+9EloxdJTiYUL5J"},"bg_caothap_log":{"__uuid__":"bdhdvd7ONEFYxHt0UPk0IV"},"bg_hu":{"__uuid__":"66ZH8nJZJEHJsi0tKcioJ+"},"buttom_an_non":{"__uuid__":"05IY6g419AlZOWTnqweq2k"},"button-play":{"__uuid__":"afQCNfdfhOQoCVLuPyZf0+"},"caothap_down":{"__uuid__":"65wo9C2/9M5pz+2YQtUPJ/"},"caothap_up":{"__uuid__":"d4ZcYbD/pN1rRjOD/g06OG"}}},{"__type__":"cc.SpriteFrame","content":{"name":"caothap_up","texture":"d15n7kfMxOw6QFoWds6MzI","rect":[638,367,131,88],"offset":[0,0],"originalSize":[131,88],"rotated":1,"capInsets":[0,0,0,0]}}]