[{"__type__":"cc.SpriteFrame","content":{"name":"bgForMiniGame","texture":"4azxrTrchPAbJJJbmSwc9l","rect":[184,1,120,47],"offset":[0,0],"originalSize":[120,47],"rotated":1,"capInsets":[0,0,0,0]}},{"__type__":"cc.SpriteFrame","content":{"name":"bt_Long","texture":"4azxrTrchPAbJJJbmSwc9l","rect":[1,1,181,70],"offset":[0,0],"originalSize":[181,70],"capInsets":[0,0,0,0]}},{"__type__":"cc.SpriteFrame","content":{"name":"btn_bet_off","texture":"4azxrTrchPAbJJJbmSwc9l","rect":[1,73,79,80],"offset":[0,0],"originalSize":[79,80],"rotated":1,"capInsets":[0,0,0,0]}},{"__type__":"cc.SpriteFrame","content":{"name":"btn_help","texture":"4azxrTrchPAbJJJbmSwc9l","rect":[62,154,59,60],"offset":[0,0],"originalSize":[59,60],"capInsets":[0,0,0,0]}},{"__type__":"cc.SpriteAtlas","_name":"btn_Long.plist","_spriteFrames":{"bgForMiniGame":{"__uuid__":"08BdIIx8dJnaUNWGUHeSCZ"},"bt_Long":{"__uuid__":"0a0tC4hllOfaNulJblCtX7"},"btn_bet_off":{"__uuid__":"3alskmaUlMt7d16GJxdya+"},"btn_bet_on":{"__uuid__":"a7BmHGFTxFwqn2BwBAdsZe"},"btn_close":{"__uuid__":"b8jeNzGhVFroWtYcWusQT/"},"btn_giaithuong":{"__uuid__":"c3lWB/7OlKhajjq1o1xhh3"},"btn_help":{"__uuid__":"58dBt/KL5G566v6covNmlz"},"btn_history":{"__uuid__":"9dy3/2xcBBwIwjwzAs0Z9D"},"btn_top":{"__uuid__":"7353yex3ZIo43GSdil91u7"}}},{"__type__":"cc.SpriteFrame","content":{"name":"btn_top","texture":"4azxrTrchPAbJJJbmSwc9l","rect":[184,184,59,59],"offset":[0,0],"originalSize":[59,59],"capInsets":[0,0,0,0]}},{"__type__":"cc.SpriteFrame","content":{"name":"btn_history","texture":"4azxrTrchPAbJJJbmSwc9l","rect":[123,184,59,60],"offset":[0,0],"originalSize":[59,60],"capInsets":[0,0,0,0]}},{"__type__":"cc.SpriteFrame","content":{"name":"btn_bet_on","texture":"4azxrTrchPAbJJJbmSwc9l","rect":[83,73,79,80],"offset":[0,0],"originalSize":[79,80],"rotated":1,"capInsets":[0,0,0,0]}},{"__type__":"cc.SpriteFrame","content":{"name":"btn_close","texture":"4azxrTrchPAbJJJbmSwc9l","rect":[1,154,59,61],"offset":[0,0],"originalSize":[59,61],"capInsets":[0,0,0,0]}},{"__type__":"cc.SpriteFrame","content":{"name":"btn_giaithuong","texture":"4azxrTrchPAbJJJbmSwc9l","rect":[165,123,61,59],"offset":[0,0],"originalSize":[61,59],"capInsets":[0,0,0,0]}}]