[[{"__type__":"cc.Prefab","_name":"x5_1","data":{"__id__":1}},{"__type__":"cc.Node","_name":"x5_1","_children":[{"__id__":2},{"__id__":4},{"__id__":6},{"__id__":7},{"__id__":8},{"__id__":9}],"_components":[{"__type__":"655c6/MZdJNZo/YxgAvEk8A","node":{"__id__":1},"fish":{"__id__":5},"shadow":{"__id__":3},"collider":{"__id__":10},"anim":{"__id__":11},"head":{"__id__":6},"end":{"__id__":7},"suoMe":{"__id__":9},"suoOther":{"__id__":8},"speed":1.4},{"__id__":11},{"__id__":10}],"_prefab":{"__type__":"cc.PrefabInfo","root":{"__id__":1},"asset":{"__uuid__":"3dtOai+Z9NjJjPHOWXrbfs"},"fileId":"01jqZaF91CD6/vaF8EL6f9"},"_trs":{"__type__":"TypedArray","ctor":"Float64Array","array":[0,0,0,0,0,0,1,1,1,1]},"_groupIndex":6,"groupIndex":6},{"__type__":"cc.Node","_name":"shadow","_parent":{"__id__":1},"_components":[{"__id__":3}],"_prefab":{"__type__":"cc.PrefabInfo","root":{"__id__":1},"asset":{"__uuid__":"3dtOai+Z9NjJjPHOWXrbfs"},"fileId":"e3YXD14k9E0I9mc4WoSlis"},"_trs":{"__type__":"TypedArray","ctor":"Float64Array","array":[-13,-11,0,0,0,0,1,1,1,1]},"_groupIndex":6,"groupIndex":6},{"__type__":"dragonBones.ArmatureDisplay","node":{"__id__":2},"_materials":[{"__uuid__":"ecpdLyjvZBwrvm+cedCcQy"}],"_armatureName":"denglongyu_shadow","_animationName":"denglongyu_shadow","_preCacheMode":0,"_armatureKey":"02cc9aa2-dcca-47ea-a0b4-d7a7c2c40b39#c2687783-3483-4e28-8cfa-ed91f2bedf6b","_N$dragonAsset":{"__uuid__":"02zJqi3MpH6qC016fCxAs5"},"_N$dragonAtlasAsset":{"__uuid__":"c2aHeDNINOKIz67ZHyvt9r"},"_N$timeScale":0.5},{"__type__":"cc.Node","_name":"fish","_parent":{"__id__":1},"_components":[{"__id__":5}],"_prefab":{"__type__":"cc.PrefabInfo","root":{"__id__":1},"asset":{"__uuid__":"3dtOai+Z9NjJjPHOWXrbfs"},"fileId":"536WYC83pItay8evUJmg4M"},"_trs":{"__type__":"TypedArray","ctor":"Float64Array","array":[0,0,0,0,0,0,1,1,1,1]}},{"__type__":"dragonBones.ArmatureDisplay","node":{"__id__":4},"_materials":[{"__uuid__":"ecpdLyjvZBwrvm+cedCcQy"}],"_armatureName":"denglongyu","_animationName":"denglongyu","_preCacheMode":0,"_armatureKey":"9aaf1fb4-a108-4e5a-a584-9da5879dfedc#f531325a-ed00-45da-bf25-b27bfd48fbed","_N$dragonAsset":{"__uuid__":"9arx+0oQhOWqWEnaWHnf7c"},"_N$dragonAtlasAsset":{"__uuid__":"f5MTJa7QBF2r8lsnv9SPvt"},"_N$timeScale":0.5},{"__type__":"cc.Node","_name":"head","_parent":{"__id__":1},"_prefab":{"__type__":"cc.PrefabInfo","root":{"__id__":1},"asset":{"__uuid__":"3dtOai+Z9NjJjPHOWXrbfs"},"fileId":"8bh2uAbyNK7LNVyjOEiJSH"},"_trs":{"__type__":"TypedArray","ctor":"Float64Array","array":[-38.842,10.124,0,0,0,0,1,1,1,1]}},{"__type__":"cc.Node","_name":"end","_parent":{"__id__":1},"_prefab":{"__type__":"cc.PrefabInfo","root":{"__id__":1},"asset":{"__uuid__":"3dtOai+Z9NjJjPHOWXrbfs"},"fileId":"43luHlzjxIRaTvNO1eBk2g"},"_trs":{"__type__":"TypedArray","ctor":"Float64Array","array":[12.947,10.105,0,0,0,0,1,1,1,1]}},{"__type__":"cc.Node","_name":"fish_suoding_other","_parent":{"__id__":1},"_active":false,"_components":[{"__type__":"cc.Sprite","node":{"__id__":8},"_materials":[{"__uuid__":"ecpdLyjvZBwrvm+cedCcQy"}],"_spriteFrame":{"__uuid__":"d6GNvieS9K8pqo+oyuZNkc"}},{"__type__":"cc.Animation","node":{"__id__":8},"_defaultClip":{"__uuid__":"41C/GXlRNOjLlgy6YN7juw"},"_clips":[{"__uuid__":"41C/GXlRNOjLlgy6YN7juw"}],"playOnLoad":true}],"_prefab":{"__type__":"cc.PrefabInfo","root":{"__id__":1},"asset":{"__uuid__":"3dtOai+Z9NjJjPHOWXrbfs"},"fileId":"fe10sr3GRMKq1qOfs1yCwm"},"_opacity":97,"_contentSize":{"__type__":"cc.Size","width":169,"height":169},"_trs":{"__type__":"TypedArray","ctor":"Float64Array","array":[1.355,10.355,0,0,0,0,1,0.85,0.85,1]}},{"__type__":"cc.Node","_name":"fish_suoding_me","_parent":{"__id__":1},"_active":false,"_components":[{"__type__":"cc.Sprite","node":{"__id__":9},"_materials":[{"__uuid__":"ecpdLyjvZBwrvm+cedCcQy"}],"_spriteFrame":{"__uuid__":"d6GNvieS9K8pqo+oyuZNkc"}},{"__type__":"cc.Animation","node":{"__id__":9},"_defaultClip":{"__uuid__":"41C/GXlRNOjLlgy6YN7juw"},"_clips":[{"__uuid__":"41C/GXlRNOjLlgy6YN7juw"}],"playOnLoad":true}],"_prefab":{"__type__":"cc.PrefabInfo","root":{"__id__":1},"asset":{"__uuid__":"3dtOai+Z9NjJjPHOWXrbfs"},"fileId":"81yDyk/c9HXYvIyJki/xEN"},"_contentSize":{"__type__":"cc.Size","width":169,"height":169},"_trs":{"__type__":"TypedArray","ctor":"Float64Array","array":[1.355,10.355,0,0,0,0,1,1,1,1]}},{"__type__":"cc.PolygonCollider","node":{"__id__":1},"points":[{"__type__":"cc.Vec2","x":-1.9,"y":-34.4},{"__type__":"cc.Vec2","x":31.8,"y":-16.5},{"__type__":"cc.Vec2","x":56.7,"y":9.7},{"__type__":"cc.Vec2","x":23.2,"y":44.4},{"__type__":"cc.Vec2","x":-10.1,"y":53.2},{"__type__":"cc.Vec2","x":-38.1,"y":21.8},{"__type__":"cc.Vec2","x":-39.6,"y":-4.6},{"__type__":"cc.Vec2","x":-28.3,"y":-26.2}]},{"__type__":"cc.Animation","node":{"__id__":1},"_clips":[{"__uuid__":"a2uj14PmZK2qR1qc4M16Wh"},{"__uuid__":"5ak/Jp0tpLJo8i3ppQg2Ht"},{"__uuid__":"5bOXJB0vdM1b2POlW2S6cd"},{"__uuid__":"5e2pqRy6pHWI1A7H3M4LgW"},{"__uuid__":"6ckG3/NjBMiIeK25O6v4xf"},{"__uuid__":"48LPTdX7ZC97zqY3q/slQC"},{"__uuid__":"2dzf/b09NK6LRPiFhWlwZR"},{"__uuid__":"d2GKY+Wk9Ca4Hy+M7+jvQW"},{"__uuid__":"fcaoDY8RlPtZqFYdLSRuKY"},{"__uuid__":"c6oPxDO+BCw5F2tEuLmCR7"},{"__uuid__":"74yBVnhc1Kp64BwNKQRQCF"},{"__uuid__":"b0PutUKbdFZYncPeoBtb8d"},{"__uuid__":"11kHRlmAtO5KHZqs6zswjQ"},{"__uuid__":"55Z3ewAfpMQadHueU9ZTMu"},{"__uuid__":"a3AV4GRFtJQIqjYs2L7Wpt"},{"__uuid__":"221RkekctBB55PIPH9Q8FV"},{"__uuid__":"8c1VgeiPNLHp9ONKU0mvgI"},{"__uuid__":"4cJZnk2QpKN4IiHWw3coBp"}]}],{"__type__":"cc.SpriteFrame","content":{"name":"fish_game_pic_suoding1","texture":"bclyb1CdFAXZK7vE6k7C0V","rect":[0,0,169,169],"offset":[-0.5,0.5],"originalSize":[170,170],"capInsets":[0,0,0,0]}}]