{"__type__":"sp.SkeletonData","_name":"iconpoker","_skeletonJson":{"skeleton":{"hash":"iwGbr2P0qhAJWPaQwg06Hiq8sHA","spine":"3.6.52","width":207,"height":199,"images":"./iconpoker/"},"bones":[{"name":"root"},{"name":"bone","parent":"root"},{"name":"bone2","parent":"bone","length":76.3,"rotation":84.39,"x":-2.42,"y":-20.85},{"name":"bone3","parent":"bone","length":118.17,"rotation":101.66,"x":-14.31,"y":-42.03},{"name":"bone4","parent":"bone","length":107.58,"rotation":83.63,"x":22.02,"y":-47.22},{"name":"bone7","parent":"bone","x":-67.24,"y":-52.93},{"name":"bone8","parent":"bone","x":-36.1,"y":-50.85},{"name":"bone9","parent":"bone","x":-0.81,"y":-49.29},{"name":"bone10","parent":"bone","x":30.85,"y":-50.33},{"name":"bone11","parent":"bone","x":63.54,"y":-53.44}],"slots":[{"name":"Overlay","bone":"bone","attachment":"Overlay","blend":"additive"},{"name":"Card 2","bone":"bone4","attachment":"Card 2"},{"name":"Card 1","bone":"bone3","attachment":"Card 1"},{"name":"ACE","bone":"bone2","attachment":"ACE"},{"name":"P","bone":"bone7","attachment":"P"},{"name":"O","bone":"bone8","attachment":"O"},{"name":"R","bone":"bone11","attachment":"R"},{"name":"E","bone":"bone10","attachment":"E"},{"name":"K","bone":"bone9","attachment":"K"},{"name":"Buttefly","bone":"bone","attachment":"Buttefly","blend":"additive"}],"skins":{"default":{"ACE":{"ACE":{"x":40,"y":1,"rotation":-84.39,"width":85,"height":93}},"Buttefly":{"Buttefly":{"x":-26.51,"y":-50.95,"width":163,"height":95}},"Card 1":{"Card 1":{"x":53.57,"y":1.92,"rotation":-101.66,"width":128,"height":143}},"Card 2":{"Card 2":{"x":45.1,"y":-5,"rotation":-83.63,"width":112,"height":139}},"E":{"E":{"x":2.65,"y":-0.12,"width":41,"height":50}},"K":{"K":{"x":4.31,"y":-1.15,"width":43,"height":50}},"O":{"O":{"x":4.1,"y":-1.1,"width":44,"height":47}},"Overlay":{"Overlay":{"x":-0.51,"y":1.05,"width":199,"height":199}},"P":{"P":{"x":51.74,"y":-1.02,"width":139,"height":45}},"R":{"R":{"x":-3.05,"y":1,"width":47,"height":46}}}},"animations":{"Idle":{"slots":{"Buttefly":{"color":[{"time":0,"color":"ffffff00"},{"time":0.5,"color":"ffffffff"},{"time":1,"color":"ffffff00"},{"time":1.5,"color":"ffffffff"},{"time":2,"color":"ffffff00"}]},"Overlay":{"color":[{"time":0,"color":"ffffff7f"},{"time":0.5,"color":"ffffffff"},{"time":1,"color":"ffffff7f"},{"time":1.5,"color":"ffffffff"},{"time":2,"color":"ffffff7f"}]}},"bones":{"bone8":{"translate":[{"time":0,"x":0,"y":0,"curve":"stepped"},{"time":0.1,"x":0,"y":0,"curve":[0.25,0,0.633,1.48]},{"time":0.4333,"x":0,"y":6.63,"curve":[0.25,0,0.633,1.48]},{"time":0.6,"x":0,"y":0,"curve":"stepped"},{"time":1,"x":0,"y":0,"curve":"stepped"},{"time":1.1,"x":0,"y":0,"curve":[0.25,0,0.633,1.48]},{"time":1.4333,"x":0,"y":6.63,"curve":[0.25,0,0.633,1.48]},{"time":1.6,"x":0,"y":0,"curve":"stepped"},{"time":2,"x":0,"y":0}],"scale":[{"time":0,"x":1,"y":1,"curve":"stepped"},{"time":0.1,"x":1,"y":1,"curve":[0.25,0,0.633,1.48]},{"time":0.4333,"x":1.1,"y":1.1,"curve":[0.25,0,0.633,1.48]},{"time":0.6,"x":1,"y":1,"curve":"stepped"},{"time":1,"x":1,"y":1,"curve":"stepped"},{"time":1.1,"x":1,"y":1,"curve":[0.25,0,0.633,1.48]},{"time":1.4333,"x":1.1,"y":1.1,"curve":[0.25,0,0.633,1.48]},{"time":1.6,"x":1,"y":1,"curve":"stepped"},{"time":2,"x":1,"y":1}]},"bone7":{"rotate":[{"time":0,"angle":0},{"time":0.1667,"angle":-120},{"time":0.3333,"angle":120},{"time":0.5,"angle":0,"curve":"stepped"},{"time":1,"angle":0},{"time":1.1667,"angle":-120},{"time":1.3333,"angle":120},{"time":1.5,"angle":0,"curve":"stepped"},{"time":2,"angle":0}],"translate":[{"time":0,"x":0,"y":0,"curve":[0.25,0,0.633,1.48]},{"time":0.3333,"x":0,"y":6.63,"curve":[0.25,0,0.633,1.48]},{"time":0.5,"x":0,"y":0,"curve":"stepped"},{"time":1,"x":0,"y":0,"curve":[0.25,0,0.633,1.48]},{"time":1.3333,"x":0,"y":6.63,"curve":[0.25,0,0.633,1.48]},{"time":1.5,"x":0,"y":0,"curve":"stepped"},{"time":2,"x":0,"y":0}],"scale":[{"time":0,"x":1,"y":1,"curve":[0.25,0,0.633,1.48]},{"time":0.3333,"x":1.1,"y":1.1,"curve":[0.25,0,0.633,1.48]},{"time":0.5,"x":1,"y":1,"curve":"stepped"},{"time":1,"x":1,"y":1,"curve":[0.25,0,0.633,1.48]},{"time":1.3333,"x":1.1,"y":1.1,"curve":[0.25,0,0.633,1.48]},{"time":1.5,"x":1,"y":1,"curve":"stepped"},{"time":2,"x":1,"y":1}]},"bone9":{"translate":[{"time":0,"x":0,"y":0,"curve":"stepped"},{"time":0.2,"x":0,"y":0,"curve":[0.25,0,0.633,1.48]},{"time":0.5333,"x":0,"y":6.63,"curve":[0.25,0,0.633,1.48]},{"time":0.7,"x":0,"y":0,"curve":"stepped"},{"time":1,"x":0,"y":0,"curve":"stepped"},{"time":1.2,"x":0,"y":0,"curve":[0.25,0,0.633,1.48]},{"time":1.5333,"x":0,"y":6.63,"curve":[0.25,0,0.633,1.48]},{"time":1.7,"x":0,"y":0,"curve":"stepped"},{"time":2,"x":0,"y":0}],"scale":[{"time":0,"x":1,"y":1,"curve":"stepped"},{"time":0.2,"x":1,"y":1,"curve":[0.25,0,0.633,1.48]},{"time":0.5333,"x":1.1,"y":1.1,"curve":[0.25,0,0.633,1.48]},{"time":0.7,"x":1,"y":1,"curve":"stepped"},{"time":1,"x":1,"y":1,"curve":"stepped"},{"time":1.2,"x":1,"y":1,"curve":[0.25,0,0.633,1.48]},{"time":1.5333,"x":1.1,"y":1.1,"curve":[0.25,0,0.633,1.48]},{"time":1.7,"x":1,"y":1,"curve":"stepped"},{"time":2,"x":1,"y":1}]},"bone10":{"translate":[{"time":0,"x":0,"y":0,"curve":"stepped"},{"time":0.3,"x":0,"y":0,"curve":[0.25,0,0.633,1.48]},{"time":0.6333,"x":0,"y":6.63,"curve":[0.25,0,0.633,1.48]},{"time":0.8,"x":0,"y":0,"curve":"stepped"},{"time":1,"x":0,"y":0,"curve":"stepped"},{"time":1.3,"x":0,"y":0,"curve":[0.25,0,0.633,1.48]},{"time":1.6333,"x":0,"y":6.63,"curve":[0.25,0,0.633,1.48]},{"time":1.8,"x":0,"y":0,"curve":"stepped"},{"time":2,"x":0,"y":0}],"scale":[{"time":0,"x":1,"y":1,"curve":"stepped"},{"time":0.3,"x":1,"y":1,"curve":[0.25,0,0.633,1.48]},{"time":0.6333,"x":1.1,"y":1.1,"curve":[0.25,0,0.633,1.48]},{"time":0.8,"x":1,"y":1,"curve":"stepped"},{"time":1,"x":1,"y":1,"curve":"stepped"},{"time":1.3,"x":1,"y":1,"curve":[0.25,0,0.633,1.48]},{"time":1.6333,"x":1.1,"y":1.1,"curve":[0.25,0,0.633,1.48]},{"time":1.8,"x":1,"y":1,"curve":"stepped"},{"time":2,"x":1,"y":1}]},"bone11":{"translate":[{"time":0,"x":0,"y":0,"curve":"stepped"},{"time":0.4,"x":0,"y":0,"curve":[0.25,0,0.633,1.48]},{"time":0.7333,"x":0,"y":6.63,"curve":[0.25,0,0.633,1.48]},{"time":0.9,"x":0,"y":0,"curve":"stepped"},{"time":1,"x":0,"y":0,"curve":"stepped"},{"time":1.4,"x":0,"y":0,"curve":[0.25,0,0.633,1.48]},{"time":1.7333,"x":0,"y":6.63,"curve":[0.25,0,0.633,1.48]},{"time":1.9,"x":0,"y":0,"curve":"stepped"},{"time":2,"x":0,"y":0}],"scale":[{"time":0,"x":1,"y":1,"curve":"stepped"},{"time":0.4,"x":1,"y":1,"curve":[0.25,0,0.633,1.48]},{"time":0.7333,"x":1.1,"y":1.1,"curve":[0.25,0,0.633,1.48]},{"time":0.9,"x":1,"y":1,"curve":"stepped"},{"time":1,"x":1,"y":1,"curve":"stepped"},{"time":1.4,"x":1,"y":1,"curve":[0.25,0,0.633,1.48]},{"time":1.7333,"x":1.1,"y":1.1,"curve":[0.25,0,0.633,1.48]},{"time":1.9,"x":1,"y":1,"curve":"stepped"},{"time":2,"x":1,"y":1}]},"bone2":{"translate":[{"time":0,"x":0,"y":0},{"time":0.5,"x":0,"y":4.29},{"time":1,"x":0,"y":0},{"time":1.5,"x":0,"y":4.29},{"time":2,"x":0,"y":0}],"scale":[{"time":0,"x":1,"y":1,"curve":[0.25,0,0.75,1]},{"time":0.5,"x":1.06,"y":0.939,"curve":[0.25,0,0.75,1]},{"time":1,"x":1,"y":1,"curve":[0.25,0,0.75,1]},{"time":1.5,"x":1.06,"y":0.939,"curve":[0.25,0,0.75,1]},{"time":2,"x":1,"y":1}]},"bone3":{"rotate":[{"time":0,"angle":0},{"time":0.5,"angle":3.02},{"time":1,"angle":0},{"time":1.5,"angle":3.02},{"time":2,"angle":0}]},"bone4":{"rotate":[{"time":0,"angle":0},{"time":0.5,"angle":-4.6},{"time":1,"angle":0},{"time":1.5,"angle":-4.6},{"time":2,"angle":0}]}}}}},"_atlasText":"\r\niconpoker.png\r\nsize: 512,256\r\nformat: RGBA8888\r\nfilter: Linear,Linear\r\nrepeat: none\r\nACE\r\n  rotate: true\r\n  xy: 401, 27\r\n  size: 85, 93\r\n  orig: 85, 93\r\n  offset: 0, 0\r\n  index: -1\r\nButtefly\r\n  rotate: false\r\n  xy: 236, 13\r\n  size: 163, 95\r\n  orig: 163, 95\r\n  offset: 0, 0\r\n  index: -1\r\nCard 1\r\n  rotate: false\r\n  xy: 203, 110\r\n  size: 128, 143\r\n  orig: 128, 143\r\n  offset: 0, 0\r\n  index: -1\r\nCard 2\r\n  rotate: false\r\n  xy: 333, 114\r\n  size: 112, 139\r\n  orig: 112, 139\r\n  offset: 0, 0\r\n  index: -1\r\nE\r\n  rotate: true\r\n  xy: 447, 166\r\n  size: 41, 50\r\n  orig: 41, 50\r\n  offset: 0, 0\r\n  index: -1\r\nK\r\n  rotate: false\r\n  xy: 191, 2\r\n  size: 43, 50\r\n  orig: 43, 50\r\n  offset: 0, 0\r\n  index: -1\r\nO\r\n  rotate: true\r\n  xy: 447, 209\r\n  size: 44, 47\r\n  orig: 44, 47\r\n  offset: 0, 0\r\n  index: -1\r\nOverlay\r\n  rotate: false\r\n  xy: 2, 54\r\n  size: 199, 199\r\n  orig: 199, 199\r\n  offset: 0, 0\r\n  index: -1\r\nP\r\n  rotate: false\r\n  xy: 2, 7\r\n  size: 139, 45\r\n  orig: 139, 45\r\n  offset: 0, 0\r\n  index: -1\r\nR\r\n  rotate: true\r\n  xy: 143, 5\r\n  size: 47, 46\r\n  orig: 47, 46\r\n  offset: 0, 0\r\n  index: -1","textures":[{"__uuid__":"cfVdezc/9BZqPXz2VUW9C+"}],"textureNames":["iconpoker.png"]}