{"__type__":"sp.SkeletonData","_name":"itbonus","_skeletonJson":{"skeleton":{"hash":"gOAFW8Fq3giUwXizUHFMFGQ9PUM","spine":"3.6.53","width":169,"height":155,"images":""},"bones":[{"name":"root"},{"name":"Layer 7","parent":"root","length":71.44,"rotation":90.3,"x":-9.01,"y":-70.07},{"name":"Layer 2","parent":"Layer 7","length":44.03,"rotation":-65.29,"x":62.3,"y":-3.75},{"name":"Layer 3","parent":"Layer 7","length":86.43,"rotation":23.56,"x":7.78,"y":-38.42},{"name":"Layer 9","parent":"Layer 7","length":7.21,"rotation":-71.87,"x":30.3,"y":-18.4},{"name":"bonus","parent":"root","x":-0.65,"y":-49.17}],"slots":[{"name":"1467170636639","bone":"root","attachment":"1467170636639"},{"name":"Layer 7","bone":"Layer 7","attachment":"Layer 7"},{"name":"Layer 2","bone":"Layer 2","attachment":"Layer 2"},{"name":"Layer 3","bone":"Layer 3","attachment":"Layer 3"},{"name":"Layer 8","bone":"Layer 9","attachment":"Layer 8"},{"name":"bonus","bone":"bonus","attachment":"bonus"}],"skins":{"default":{"1467170636639":{"1467170636639":{"width":169,"height":146}},"Layer 2":{"Layer 2":{"x":47.69,"y":8.1,"rotation":-25.02,"width":100,"height":79}},"Layer 3":{"Layer 3":{"x":75.52,"y":7.86,"rotation":-113.86,"width":89,"height":155}},"Layer 7":{"Layer 7":{"x":62.04,"y":-9.34,"rotation":-90.3,"width":166,"height":131}},"Layer 8":{"Layer 8":{"x":8.95,"y":-0.43,"rotation":-18.43,"width":28,"height":31}},"bonus":{"bonus":{"x":0.65,"y":-1.37,"width":141,"height":45}}}},"animations":{"animation":{"bones":{"bonus":{"rotate":[{"time":0,"angle":0,"curve":"stepped"},{"time":1.6,"angle":0}],"translate":[{"time":0,"x":0,"y":0,"curve":"stepped"},{"time":1.6,"x":0,"y":0}],"scale":[{"time":0,"x":1,"y":1,"curve":"stepped"},{"time":0.1667,"x":1,"y":1,"curve":[0.325,0.28,0.658,0.62]},{"time":0.2333,"x":0.9,"y":0.9,"curve":[0.326,0.3,0.66,0.63]},{"time":0.3,"x":1,"y":1,"curve":[0.317,0.27,0.757,1]},{"time":0.3667,"x":0.9,"y":0.9,"curve":[0.326,0.3,0.66,0.63]},{"time":0.4333,"x":1,"y":1,"curve":"stepped"},{"time":0.8667,"x":1,"y":1,"curve":[0.325,0.28,0.658,0.62]},{"time":0.9333,"x":0.9,"y":0.9,"curve":[0.326,0.3,0.66,0.63]},{"time":1,"x":1,"y":1,"curve":[0.317,0.27,0.757,1]},{"time":1.0667,"x":0.9,"y":0.9,"curve":[0.326,0.3,0.66,0.63]},{"time":1.1333,"x":1,"y":1,"curve":"stepped"},{"time":1.6,"x":1,"y":1}],"shear":[{"time":0,"x":0,"y":0,"curve":"stepped"},{"time":1.6,"x":0,"y":0}]},"Layer 9":{"rotate":[{"time":0,"angle":0,"curve":"stepped"},{"time":1.6,"angle":0}],"translate":[{"time":0,"x":0,"y":0,"curve":"stepped"},{"time":1.6,"x":0,"y":0}],"scale":[{"time":0,"x":1,"y":1,"curve":"stepped"},{"time":1.6,"x":1,"y":1}],"shear":[{"time":0,"x":0,"y":0,"curve":"stepped"},{"time":1.6,"x":0,"y":0}]},"Layer 3":{"rotate":[{"time":0,"angle":0,"curve":[0.25,0,0.625,0.5]},{"time":0.8,"angle":-2.49,"curve":[0.375,0.5,0.75,1]},{"time":1.6,"angle":0}],"translate":[{"time":0,"x":0,"y":0,"curve":"stepped"},{"time":1.6,"x":0,"y":0}],"scale":[{"time":0,"x":1,"y":1,"curve":"stepped"},{"time":1.6,"x":1,"y":1}],"shear":[{"time":0,"x":0,"y":0,"curve":"stepped"},{"time":1.6,"x":0,"y":0}]},"Layer 2":{"rotate":[{"time":0,"angle":0,"curve":[0.276,0,0.621,0.4]},{"time":0.4,"angle":-0.5,"curve":[0.314,0.27,0.657,0.64]},{"time":0.8,"angle":0,"curve":[0.375,0.5,0.75,1]},{"time":1.2,"angle":-0.5,"curve":[0.314,0.27,0.657,0.64]},{"time":1.6,"angle":0}],"translate":[{"time":0,"x":0,"y":0,"curve":[0.276,0,0.621,0.4]},{"time":0.4,"x":0.76,"y":0,"curve":[0.314,0.27,0.657,0.64]},{"time":0.8,"x":0,"y":0,"curve":[0.375,0.5,0.75,1]},{"time":1.2,"x":0.76,"y":0,"curve":[0.314,0.27,0.657,0.64]},{"time":1.6,"x":0,"y":0}],"scale":[{"time":0,"x":1,"y":1,"curve":[0.276,0,0.621,0.4]},{"time":0.4,"x":1.036,"y":1,"curve":[0.314,0.27,0.657,0.64]},{"time":0.8,"x":1,"y":1,"curve":[0.375,0.5,0.75,1]},{"time":1.2,"x":1.036,"y":1,"curve":[0.314,0.27,0.657,0.64]},{"time":1.6,"x":1,"y":1}],"shear":[{"time":0,"x":0,"y":0,"curve":"stepped"},{"time":0.8,"x":0,"y":0,"curve":"stepped"},{"time":1.6,"x":0,"y":0}]},"Layer 7":{"rotate":[{"time":0,"angle":0,"curve":"stepped"},{"time":1.6,"angle":0}],"translate":[{"time":0,"x":0,"y":0,"curve":[0.25,0,0.625,0.5]},{"time":0.8,"x":0,"y":0.38,"curve":[0.375,0.5,0.75,1]},{"time":1.6,"x":0,"y":0}],"scale":[{"time":0,"x":1,"y":1,"curve":[0.25,0,0.625,0.5]},{"time":0.8,"x":1.015,"y":1,"curve":[0.375,0.5,0.75,1]},{"time":1.6,"x":1,"y":1}],"shear":[{"time":0,"x":0,"y":0,"curve":"stepped"},{"time":1.6,"x":0,"y":0}]}}}}},"_atlasText":"\r\nitbonus.png\r\nsize: 264,330\r\nformat: RGBA8888\r\nfilter: Linear,Linear\r\nrepeat: none\r\n1467170636639\r\n  rotate: false\r\n  xy: 2, 182\r\n  size: 169, 146\r\n  orig: 169, 146\r\n  offset: 0, 0\r\n  index: -1\r\nLayer 2\r\n  rotate: true\r\n  xy: 170, 71\r\n  size: 100, 79\r\n  orig: 100, 79\r\n  offset: 0, 0\r\n  index: -1\r\nLayer 3\r\n  rotate: false\r\n  xy: 173, 173\r\n  size: 89, 155\r\n  orig: 89, 155\r\n  offset: 0, 0\r\n  index: -1\r\nLayer 7\r\n  rotate: false\r\n  xy: 2, 49\r\n  size: 166, 131\r\n  orig: 166, 131\r\n  offset: 0, 0\r\n  index: -1\r\nLayer 8\r\n  rotate: false\r\n  xy: 145, 16\r\n  size: 28, 31\r\n  orig: 28, 31\r\n  offset: 0, 0\r\n  index: -1\r\nbonus\r\n  rotate: false\r\n  xy: 2, 2\r\n  size: 141, 45\r\n  orig: 141, 45\r\n  offset: 0, 0\r\n  index: -1\r\n","textures":[{"__uuid__":"5bEf4tW8VHcoyFudqCH6fn"}],"textureNames":["itbonus.png"]}