{"__type__":"sp.SkeletonData","_name":"firework","_skeletonJson":{"skeleton":{"hash":"LILx1k06VixYxryUt7Gnk8TnLSw","spine":"3.6.52","width":238,"height":236,"images":"./images/"},"bones":[{"name":"root"},{"name":"bone3","parent":"root"},{"name":"bone39","parent":"bone3"}],"slots":[{"name":"Firework Red","bone":"bone3","attachment":"Firework Red3","blend":"screen"},{"name":"Firework Red2","bone":"bone39","attachment":"Firework Red3","blend":"screen"}],"skins":{"default":{"Firework Red":{"Firework Red":{"x":0.01,"y":2.24,"width":238,"height":236},"Firework Red2":{"path":"Firework Blue","x":0.01,"y":2.24,"width":238,"height":236},"Firework Red3":{"path":"Firework Purple","x":0.01,"y":2.24,"width":238,"height":236}},"Firework Red2":{"Firework Red":{"x":0.01,"y":2.24,"scaleX":0.656,"scaleY":0.656,"rotation":-14.12,"width":238,"height":236},"Firework Red2":{"path":"Firework Blue","x":0.01,"y":2.24,"scaleX":0.656,"scaleY":0.656,"rotation":-14.12,"width":238,"height":236},"Firework Red3":{"path":"Firework Purple","x":0.01,"y":2.24,"scaleX":0.656,"scaleY":0.656,"rotation":-14.12,"width":238,"height":236}}}},"animations":{"Idle0":{"slots":{"Firework Red":{"color":[{"time":0,"color":"ffffff00","curve":[0.25,0,0.75,1]},{"time":0.1,"color":"ffffffff","curve":"stepped"},{"time":0.2667,"color":"ffffffff","curve":[0.25,0,0.75,1]},{"time":1.3333,"color":"ffffff00","curve":"stepped"},{"time":1.6667,"color":"ffffff00"}],"attachment":[{"time":0,"name":"Firework Red"},{"time":1.6667,"name":"Firework Red"}]},"Firework Red2":{"color":[{"time":0,"color":"ffffff00","curve":"stepped"},{"time":0.2,"color":"ffffff00","curve":[0.25,0,0.75,1]},{"time":0.3,"color":"ffffffff","curve":"stepped"},{"time":0.4667,"color":"ffffffff","curve":[0.25,0,0.75,1]},{"time":1.6667,"color":"ffffff00"}],"attachment":[{"time":0,"name":"Firework Red"},{"time":1.6667,"name":"Firework Red"}]}},"bones":{"bone3":{"rotate":[{"time":0,"angle":0,"curve":"stepped"},{"time":0.1667,"angle":0,"curve":[0.25,0,0.75,1]},{"time":1.3333,"angle":-9.6,"curve":"stepped"},{"time":1.6667,"angle":-9.6}],"scale":[{"time":0,"x":0,"y":0,"curve":[0,0.79,0.276,1]},{"time":1.3333,"x":1.5,"y":1.5,"curve":"stepped"},{"time":1.6667,"x":1.5,"y":1.5}]},"bone39":{"rotate":[{"time":0,"angle":0,"curve":"stepped"},{"time":0.2,"angle":0,"curve":"stepped"},{"time":0.3667,"angle":0,"curve":[0.25,0,0.75,1]},{"time":1.6667,"angle":-9.6}],"scale":[{"time":0,"x":0,"y":0,"curve":"stepped"},{"time":0.2,"x":0,"y":0,"curve":[0,0.79,0.276,1]},{"time":1.6667,"x":1.5,"y":1.5}]}},"drawOrder":[{"time":0},{"time":1.6667}]},"Idle":{"slots":{"Firework Red":{"color":[{"time":0,"color":"ffffff00","curve":"stepped"},{"time":1.6667,"color":"ffffff00"}],"attachment":[{"time":0,"name":null},{"time":1.6667,"name":null}]},"Firework Red2":{"color":[{"time":0,"color":"ffffff00","curve":"stepped"},{"time":1.6667,"color":"ffffff00"}],"attachment":[{"time":0,"name":null},{"time":1.6667,"name":null}]}},"bones":{"bone39":{"rotate":[{"time":0,"angle":0,"curve":"stepped"},{"time":1.6667,"angle":0}],"scale":[{"time":0,"x":0,"y":0,"curve":"stepped"},{"time":1.6667,"x":0,"y":0}]},"bone3":{"rotate":[{"time":0,"angle":0,"curve":"stepped"},{"time":1.6667,"angle":0}],"scale":[{"time":0,"x":0,"y":0,"curve":"stepped"},{"time":1.6667,"x":0,"y":0}]}},"drawOrder":[{"time":0},{"time":1.6667}]},"Idle1":{"slots":{"Firework Red":{"color":[{"time":0,"color":"ffffff00","curve":[0.25,0,0.75,1]},{"time":0.1,"color":"ffffffff","curve":"stepped"},{"time":0.2667,"color":"ffffffff","curve":[0.25,0,0.75,1]},{"time":1.3333,"color":"ffffff00","curve":"stepped"},{"time":1.6667,"color":"ffffff00"}],"attachment":[{"time":0,"name":"Firework Red2"},{"time":1.6667,"name":"Firework Red2"}]},"Firework Red2":{"color":[{"time":0,"color":"ffffff00","curve":"stepped"},{"time":0.2,"color":"ffffff00","curve":[0.25,0,0.75,1]},{"time":0.3,"color":"ffffffff","curve":"stepped"},{"time":0.4667,"color":"ffffffff","curve":[0.25,0,0.75,1]},{"time":1.6667,"color":"ffffff00"}],"attachment":[{"time":0,"name":"Firework Red2"},{"time":1.6667,"name":"Firework Red2"}]}},"bones":{"bone3":{"rotate":[{"time":0,"angle":0,"curve":"stepped"},{"time":0.1667,"angle":0,"curve":[0.25,0,0.75,1]},{"time":1.3333,"angle":-9.6,"curve":"stepped"},{"time":1.6667,"angle":-9.6}],"scale":[{"time":0,"x":0,"y":0,"curve":[0,0.79,0.276,1]},{"time":1.3333,"x":1.5,"y":1.5,"curve":"stepped"},{"time":1.6667,"x":1.5,"y":1.5}]},"bone39":{"rotate":[{"time":0,"angle":0,"curve":"stepped"},{"time":0.2,"angle":0,"curve":"stepped"},{"time":0.3667,"angle":0,"curve":[0.25,0,0.75,1]},{"time":1.6667,"angle":-9.6}],"scale":[{"time":0,"x":0,"y":0,"curve":"stepped"},{"time":0.2,"x":0,"y":0,"curve":[0,0.79,0.276,1]},{"time":1.6667,"x":1.5,"y":1.5}]}},"drawOrder":[{"time":0},{"time":1.6667}]},"Idle2":{"slots":{"Firework Red":{"color":[{"time":0,"color":"ffffff00","curve":[0.25,0,0.75,1]},{"time":0.1,"color":"ffffffff","curve":"stepped"},{"time":0.2667,"color":"ffffffff","curve":[0.25,0,0.75,1]},{"time":1.3333,"color":"ffffff00","curve":"stepped"},{"time":1.6667,"color":"ffffff00"}],"attachment":[{"time":0,"name":"Firework Red3"},{"time":1.6667,"name":"Firework Red3"}]},"Firework Red2":{"color":[{"time":0,"color":"ffffff00","curve":"stepped"},{"time":0.2,"color":"ffffff00","curve":[0.25,0,0.75,1]},{"time":0.3,"color":"ffffffff","curve":"stepped"},{"time":0.4667,"color":"ffffffff","curve":[0.25,0,0.75,1]},{"time":1.6667,"color":"ffffff00"}],"attachment":[{"time":0,"name":"Firework Red3"},{"time":1.6667,"name":"Firework Red3"}]}},"bones":{"bone3":{"rotate":[{"time":0,"angle":0,"curve":"stepped"},{"time":0.1667,"angle":0,"curve":[0.25,0,0.75,1]},{"time":1.3333,"angle":-9.6,"curve":"stepped"},{"time":1.6667,"angle":-9.6}],"scale":[{"time":0,"x":0,"y":0,"curve":[0,0.79,0.276,1]},{"time":1.3333,"x":1.5,"y":1.5,"curve":"stepped"},{"time":1.6667,"x":1.5,"y":1.5}]},"bone39":{"rotate":[{"time":0,"angle":0,"curve":"stepped"},{"time":0.2,"angle":0,"curve":"stepped"},{"time":0.3667,"angle":0,"curve":[0.25,0,0.75,1]},{"time":1.6667,"angle":-9.6}],"scale":[{"time":0,"x":0,"y":0,"curve":"stepped"},{"time":0.2,"x":0,"y":0,"curve":[0,0.79,0.276,1]},{"time":1.6667,"x":1.5,"y":1.5}]}},"drawOrder":[{"time":0},{"time":1.6667}]}}},"_atlasText":"\r\nfirework.png\r\nsize: 1024,256\r\nformat: RGBA8888\r\nfilter: Linear,Linear\r\nrepeat: none\r\nFirework Blue\r\n  rotate: false\r\n  xy: 242, 2\r\n  size: 238, 236\r\n  orig: 238, 236\r\n  offset: 0, 0\r\n  index: -1\r\nFirework Purple\r\n  rotate: false\r\n  xy: 482, 2\r\n  size: 238, 236\r\n  orig: 238, 236\r\n  offset: 0, 0\r\n  index: -1\r\nFirework Red\r\n  rotate: false\r\n  xy: 2, 2\r\n  size: 238, 236\r\n  orig: 238, 236\r\n  offset: 0, 0\r\n  index: -1","textures":[{"__uuid__":"befHkJVRVC67yyqT0UNTA6"}],"textureNames":["firework.png"]}