[[{"__type__":"cc.Prefab","_name":"x10_2","data":{"__id__":1}},{"__type__":"cc.Node","_name":"x10_2","_children":[{"__id__":2},{"__id__":4},{"__id__":6},{"__id__":7},{"__id__":8},{"__id__":9}],"_components":[{"__type__":"655c6/MZdJNZo/YxgAvEk8A","node":{"__id__":1},"fish":{"__id__":5},"shadow":{"__id__":3},"collider":{"__id__":10},"anim":{"__id__":11},"head":{"__id__":6},"end":{"__id__":7},"suoMe":{"__id__":9},"suoOther":{"__id__":8},"speed":1.1},{"__id__":11},{"__id__":10}],"_prefab":{"__type__":"cc.PrefabInfo","root":{"__id__":1},"asset":{"__uuid__":"4abvGPfaBMdZ6qAGLr+plA"},"fileId":"96omJ5uvNO8YSMaOd+waWY"},"_trs":{"__type__":"TypedArray","ctor":"Float64Array","array":[0,0,0,0,0,0,1,1,1,1]},"_groupIndex":6,"groupIndex":6},{"__type__":"cc.Node","_name":"shadow","_parent":{"__id__":1},"_components":[{"__id__":3}],"_prefab":{"__type__":"cc.PrefabInfo","root":{"__id__":1},"asset":{"__uuid__":"4abvGPfaBMdZ6qAGLr+plA"},"fileId":"6faR94M9tDM7uHehZYM5Li"},"_trs":{"__type__":"TypedArray","ctor":"Float64Array","array":[-15,-14,0,0,0,0,1,0.75,0.75,1]},"_groupIndex":6,"groupIndex":6},{"__type__":"dragonBones.ArmatureDisplay","node":{"__id__":2},"_materials":[{"__uuid__":"ecpdLyjvZBwrvm+cedCcQy"}],"_armatureName":"xiaochouyu_shadow","_animationName":"xiaochouyu_shadow","_preCacheMode":0,"_armatureKey":"f1c7e152-772a-448c-99f6-1abfedfd1f7c#b9d2cb47-b8de-4e41-95d3-bd4487d28724","_N$dragonAsset":{"__uuid__":"f1x+FSdypEjJn2Gr/t/R98"},"_N$dragonAtlasAsset":{"__uuid__":"b90stHuN5OQZXTvUSH0ock"},"_N$timeScale":0.5},{"__type__":"cc.Node","_name":"fish","_parent":{"__id__":1},"_components":[{"__id__":5}],"_prefab":{"__type__":"cc.PrefabInfo","root":{"__id__":1},"asset":{"__uuid__":"4abvGPfaBMdZ6qAGLr+plA"},"fileId":"38LFtgLXJKpptKjBY+EvRt"},"_trs":{"__type__":"TypedArray","ctor":"Float64Array","array":[0,0,0,0,0,0,1,0.75,0.75,1]}},{"__type__":"dragonBones.ArmatureDisplay","node":{"__id__":4},"_materials":[{"__uuid__":"ecpdLyjvZBwrvm+cedCcQy"}],"_armatureName":"xiaochouyu","_animationName":"newAnimation","_preCacheMode":0,"_armatureKey":"a4ba69ff-9c65-4059-9b3c-d00fac329df4#52aff458-82bc-4112-a997-9c84934c66f8","_N$dragonAsset":{"__uuid__":"a4umn/nGVAWZs80A+sMp30"},"_N$dragonAtlasAsset":{"__uuid__":"52r/RYgrxBEqmXnISTTGb4"},"_N$timeScale":0.5},{"__type__":"cc.Node","_name":"head","_parent":{"__id__":1},"_prefab":{"__type__":"cc.PrefabInfo","root":{"__id__":1},"asset":{"__uuid__":"4abvGPfaBMdZ6qAGLr+plA"},"fileId":"96Vt8Glt1Pb7DKltpybPhL"},"_trs":{"__type__":"TypedArray","ctor":"Float64Array","array":[-38.015,23.803,0,0,0,0,1,1,1,1]}},{"__type__":"cc.Node","_name":"end","_parent":{"__id__":1},"_prefab":{"__type__":"cc.PrefabInfo","root":{"__id__":1},"asset":{"__uuid__":"4abvGPfaBMdZ6qAGLr+plA"},"fileId":"caJB7/RhRGb64xw8UmqvOs"},"_trs":{"__type__":"TypedArray","ctor":"Float64Array","array":[3.224,12.373,0,0,0,0,1,1,1,1]}},{"__type__":"cc.Node","_name":"fish_suoding_other","_parent":{"__id__":1},"_active":false,"_components":[{"__type__":"cc.Sprite","node":{"__id__":8},"_materials":[{"__uuid__":"ecpdLyjvZBwrvm+cedCcQy"}],"_spriteFrame":{"__uuid__":"d6GNvieS9K8pqo+oyuZNkc"}},{"__type__":"cc.Animation","node":{"__id__":8},"_defaultClip":{"__uuid__":"41C/GXlRNOjLlgy6YN7juw"},"_clips":[{"__uuid__":"41C/GXlRNOjLlgy6YN7juw"}],"playOnLoad":true}],"_prefab":{"__type__":"cc.PrefabInfo","root":{"__id__":1},"asset":{"__uuid__":"4abvGPfaBMdZ6qAGLr+plA"},"fileId":"faMxmTbrtNQLewLLWDNREa"},"_opacity":97,"_contentSize":{"__type__":"cc.Size","width":169,"height":169},"_trs":{"__type__":"TypedArray","ctor":"Float64Array","array":[1.355,10.355,0,0,0,0,1,0.85,0.85,1]}},{"__type__":"cc.Node","_name":"fish_suoding_me","_parent":{"__id__":1},"_active":false,"_components":[{"__type__":"cc.Sprite","node":{"__id__":9},"_materials":[{"__uuid__":"ecpdLyjvZBwrvm+cedCcQy"}],"_spriteFrame":{"__uuid__":"d6GNvieS9K8pqo+oyuZNkc"}},{"__type__":"cc.Animation","node":{"__id__":9},"_defaultClip":{"__uuid__":"41C/GXlRNOjLlgy6YN7juw"},"_clips":[{"__uuid__":"41C/GXlRNOjLlgy6YN7juw"}],"playOnLoad":true}],"_prefab":{"__type__":"cc.PrefabInfo","root":{"__id__":1},"asset":{"__uuid__":"4abvGPfaBMdZ6qAGLr+plA"},"fileId":"75ppr4KWhHIJDXDSYvGPHm"},"_contentSize":{"__type__":"cc.Size","width":169,"height":169},"_trs":{"__type__":"TypedArray","ctor":"Float64Array","array":[1.355,10.355,0,0,0,0,1,1,1,1]}},{"__type__":"cc.PolygonCollider","node":{"__id__":1},"points":[{"__type__":"cc.Vec2","x":28.1,"y":1.2},{"__type__":"cc.Vec2","x":44,"y":22.4},{"__type__":"cc.Vec2","x":35.8,"y":47.1},{"__type__":"cc.Vec2","x":6.7,"y":70},{"__type__":"cc.Vec2","x":-5.8,"y":83.3},{"__type__":"cc.Vec2","x":-18.3,"y":63.7},{"__type__":"cc.Vec2","x":-53.6,"y":24},{"__type__":"cc.Vec2","x":-33.5,"y":-16.3},{"__type__":"cc.Vec2","x":-52,"y":-47.5},{"__type__":"cc.Vec2","x":-41.7,"y":-73.6},{"__type__":"cc.Vec2","x":-17.8,"y":-32.1},{"__type__":"cc.Vec2","x":44.7,"y":-37.7},{"__type__":"cc.Vec2","x":31.3,"y":-23.4},{"__type__":"cc.Vec2","x":45.9,"y":-0.9}]},{"__type__":"cc.Animation","node":{"__id__":1},"_clips":[{"__uuid__":"a2uj14PmZK2qR1qc4M16Wh"},{"__uuid__":"5ak/Jp0tpLJo8i3ppQg2Ht"},{"__uuid__":"5bOXJB0vdM1b2POlW2S6cd"},{"__uuid__":"5e2pqRy6pHWI1A7H3M4LgW"},{"__uuid__":"6ckG3/NjBMiIeK25O6v4xf"},{"__uuid__":"48LPTdX7ZC97zqY3q/slQC"},{"__uuid__":"2dzf/b09NK6LRPiFhWlwZR"},{"__uuid__":"d2GKY+Wk9Ca4Hy+M7+jvQW"},{"__uuid__":"fcaoDY8RlPtZqFYdLSRuKY"},{"__uuid__":"c6oPxDO+BCw5F2tEuLmCR7"},{"__uuid__":"74yBVnhc1Kp64BwNKQRQCF"},{"__uuid__":"b0PutUKbdFZYncPeoBtb8d"},{"__uuid__":"11kHRlmAtO5KHZqs6zswjQ"},{"__uuid__":"55Z3ewAfpMQadHueU9ZTMu"}]}],{"__type__":"cc.SpriteFrame","content":{"name":"fish_game_pic_suoding1","texture":"bclyb1CdFAXZK7vE6k7C0V","rect":[0,0,169,169],"offset":[-0.5,0.5],"originalSize":[170,170],"capInsets":[0,0,0,0]}}]