[{"__type__":"cc.SpriteFrame","content":{"name":"StarBigFull","texture":"71eeJICXxKP7HUsL/s2GYK","rect":[587,690,312,305],"offset":[0,0],"originalSize":[312,305],"capInsets":[0,0,0,0]}},{"__type__":"cc.SpriteFrame","content":{"name":"Spot","texture":"71eeJICXxKP7HUsL/s2GYK","rect":[2,2,526,409],"offset":[0,0],"originalSize":[526,409],"capInsets":[0,0,0,0]}},{"__type__":"cc.SpriteFrame","content":{"name":"GLOW","texture":"71eeJICXxKP7HUsL/s2GYK","rect":[587,443,63,64],"offset":[0,0],"originalSize":[63,64],"capInsets":[0,0,0,0]}},{"__type__":"cc.SpriteFrame","content":{"name":"Layer222","texture":"71eeJICXxKP7HUsL/s2GYK","rect":[2,413,583,582],"offset":[0,0],"originalSize":[583,582],"capInsets":[0,0,0,0]}},{"__type__":"cc.SpriteFrame","content":{"name":"nohu","texture":"71eeJICXxKP7HUsL/s2GYK","rect":[587,509,379,179],"offset":[0,0],"originalSize":[379,179],"capInsets":[0,0,0,0]}},{"__type__":"cc.SpriteAtlas","_name":"effect_nohu.plist","_spriteFrames":{"GLOW":{"__uuid__":"65DTzNxXhAMIs92Pd3mroG"},"Layer222":{"__uuid__":"6e6pmNDSxN1qMSLxL81zsr"},"Spot":{"__uuid__":"51YalZLLpDd41tOQ/O+dkK"},"StarBigFull":{"__uuid__":"40Qpmk7QpAoJ7i3eEkrjuw"},"nohu":{"__uuid__":"b1624i+kNDD4+rS5brjL6J"}}}]