[[{"__type__":"cc.Prefab","_name":"x100","data":{"__id__":1}},{"__type__":"cc.Node","_name":"x100","_children":[{"__id__":2},{"__id__":4},{"__id__":6},{"__id__":7},{"__id__":8},{"__id__":9}],"_components":[{"__type__":"655c6/MZdJNZo/YxgAvEk8A","node":{"__id__":1},"fish":{"__id__":5},"shadow":{"__id__":3},"collider":{"__id__":10},"anim":{"__id__":11},"head":{"__id__":6},"end":{"__id__":7},"suoMe":{"__id__":9},"suoOther":{"__id__":8},"speed":0.9},{"__id__":11},{"__id__":10}],"_prefab":{"__type__":"cc.PrefabInfo","root":{"__id__":1},"asset":{"__uuid__":"afmnC+E/ZKPbgNMq77VFXW"},"fileId":"6bF3LLGQ9ObYhiaAc1ga4z"},"_trs":{"__type__":"TypedArray","ctor":"Float64Array","array":[-294.589,179.315,0,0,0,0,1,1,1,1]},"_groupIndex":6,"groupIndex":6},{"__type__":"cc.Node","_name":"shadow","_parent":{"__id__":1},"_components":[{"__id__":3}],"_prefab":{"__type__":"cc.PrefabInfo","root":{"__id__":1},"asset":{"__uuid__":"afmnC+E/ZKPbgNMq77VFXW"},"fileId":"cdSBRl1LtE8IZmZFvQsVNw"},"_trs":{"__type__":"TypedArray","ctor":"Float64Array","array":[0,0,0,0,0,0,1,0.85,0.85,1]},"_groupIndex":6,"groupIndex":6},{"__type__":"dragonBones.ArmatureDisplay","node":{"__id__":2},"_materials":[{"__uuid__":"ecpdLyjvZBwrvm+cedCcQy"}],"_armatureName":"tuobaoguiwang_shadow","_animationName":"tuobaoguiwang_shadow","_preCacheMode":0,"_armatureKey":"efa507d6-a216-40f9-80f0-f071fe656ab0#7ff01d24-59b8-4526-aca4-25e9d6651e87","_N$dragonAsset":{"__uuid__":"efpQfWohZA+YDw8HH+ZWqw"},"_N$dragonAtlasAsset":{"__uuid__":"7f8B0kWbhFJqykJenWZR6H"},"_N$timeScale":0.5},{"__type__":"cc.Node","_name":"fish","_parent":{"__id__":1},"_components":[{"__id__":5}],"_prefab":{"__type__":"cc.PrefabInfo","root":{"__id__":1},"asset":{"__uuid__":"afmnC+E/ZKPbgNMq77VFXW"},"fileId":"a7k4QwusND676PUOfLSq+R"},"_trs":{"__type__":"TypedArray","ctor":"Float64Array","array":[0,0,0,0,0,0,1,0.85,0.85,1]}},{"__type__":"dragonBones.ArmatureDisplay","node":{"__id__":4},"_materials":[{"__uuid__":"ecpdLyjvZBwrvm+cedCcQy"}],"_armatureName":"tuobaoguiwang","_animationName":"newAnimation","_preCacheMode":0,"_armatureKey":"61697202-d85a-48fa-be87-db65a159baad#2e51d7af-a6d4-42d6-91ab-e620e6e296de","_N$dragonAsset":{"__uuid__":"61aXIC2FpI+r6H22WhWbqt"},"_N$dragonAtlasAsset":{"__uuid__":"2eUdevptRC1pGr5iDm4pbe"},"_N$timeScale":0.5},{"__type__":"cc.Node","_name":"head","_parent":{"__id__":1},"_prefab":{"__type__":"cc.PrefabInfo","root":{"__id__":1},"asset":{"__uuid__":"afmnC+E/ZKPbgNMq77VFXW"},"fileId":"79iU9HGIpDv6vXprGc+Ecd"},"_trs":{"__type__":"TypedArray","ctor":"Float64Array","array":[-60.681,21.099,0,0,0,0,1,1,1,1]}},{"__type__":"cc.Node","_name":"end","_parent":{"__id__":1},"_prefab":{"__type__":"cc.PrefabInfo","root":{"__id__":1},"asset":{"__uuid__":"afmnC+E/ZKPbgNMq77VFXW"},"fileId":"565IBc1O1MxLiXTsvxGGqB"},"_trs":{"__type__":"TypedArray","ctor":"Float64Array","array":[34.071,6.3,0,0,0,0,1,1,1,1]}},{"__type__":"cc.Node","_name":"fish_suoding_other","_parent":{"__id__":1},"_active":false,"_components":[{"__type__":"cc.Sprite","node":{"__id__":8},"_materials":[{"__uuid__":"ecpdLyjvZBwrvm+cedCcQy"}],"_spriteFrame":{"__uuid__":"d6GNvieS9K8pqo+oyuZNkc"}},{"__type__":"cc.Animation","node":{"__id__":8},"_defaultClip":{"__uuid__":"41C/GXlRNOjLlgy6YN7juw"},"_clips":[{"__uuid__":"41C/GXlRNOjLlgy6YN7juw"}],"playOnLoad":true}],"_prefab":{"__type__":"cc.PrefabInfo","root":{"__id__":1},"asset":{"__uuid__":"afmnC+E/ZKPbgNMq77VFXW"},"fileId":"6eqawvpTBGXY6Ei6Yw4PKV"},"_opacity":97,"_contentSize":{"__type__":"cc.Size","width":169,"height":169},"_trs":{"__type__":"TypedArray","ctor":"Float64Array","array":[0,22.355,0,0,0,0,1,0.85,0.85,1]}},{"__type__":"cc.Node","_name":"fish_suoding_me","_parent":{"__id__":1},"_active":false,"_components":[{"__type__":"cc.Sprite","node":{"__id__":9},"_materials":[{"__uuid__":"ecpdLyjvZBwrvm+cedCcQy"}],"_spriteFrame":{"__uuid__":"d6GNvieS9K8pqo+oyuZNkc"}},{"__type__":"cc.Animation","node":{"__id__":9},"_defaultClip":{"__uuid__":"41C/GXlRNOjLlgy6YN7juw"},"_clips":[{"__uuid__":"41C/GXlRNOjLlgy6YN7juw"}],"playOnLoad":true}],"_prefab":{"__type__":"cc.PrefabInfo","root":{"__id__":1},"asset":{"__uuid__":"afmnC+E/ZKPbgNMq77VFXW"},"fileId":"20BgB2LsVNPpPoOUWHKVMw"},"_contentSize":{"__type__":"cc.Size","width":169,"height":169},"_trs":{"__type__":"TypedArray","ctor":"Float64Array","array":[0,22.355,0,0,0,0,1,1,1,1]}},{"__type__":"cc.PolygonCollider","node":{"__id__":1},"points":[{"__type__":"cc.Vec2","x":-41,"y":7.7},{"__type__":"cc.Vec2","x":-22.4,"y":-14.4},{"__type__":"cc.Vec2","x":-34.5,"y":-44.5},{"__type__":"cc.Vec2","x":-9.1,"y":-71.1},{"__type__":"cc.Vec2","x":26.8,"y":-69.4},{"__type__":"cc.Vec2","x":-3.7,"y":-26.6},{"__type__":"cc.Vec2","x":42.6,"y":-16.7},{"__type__":"cc.Vec2","x":63.6,"y":-29.4},{"__type__":"cc.Vec2","x":87.2,"y":-24.6},{"__type__":"cc.Vec2","x":96.9,"y":-7.1},{"__type__":"cc.Vec2","x":53.1,"y":-6.2},{"__type__":"cc.Vec2","x":58.1,"y":27.7},{"__type__":"cc.Vec2","x":92.6,"y":21.3},{"__type__":"cc.Vec2","x":93.3,"y":27.6},{"__type__":"cc.Vec2","x":58.8,"y":39.8},{"__type__":"cc.Vec2","x":39.5,"y":41.2},{"__type__":"cc.Vec2","x":45.3,"y":59.8},{"__type__":"cc.Vec2","x":16.1,"y":75.8},{"__type__":"cc.Vec2","x":-28.2,"y":59.5},{"__type__":"cc.Vec2","x":-57.8,"y":56.4},{"__type__":"cc.Vec2","x":-76.3,"y":30.6},{"__type__":"cc.Vec2","x":-70.8,"y":8.7},{"__type__":"cc.Vec2","x":-61.3,"y":3.4}]},{"__type__":"cc.Animation","node":{"__id__":1},"_clips":[{"__uuid__":"a2uj14PmZK2qR1qc4M16Wh"},{"__uuid__":"5ak/Jp0tpLJo8i3ppQg2Ht"},{"__uuid__":"5bOXJB0vdM1b2POlW2S6cd"},{"__uuid__":"5e2pqRy6pHWI1A7H3M4LgW"},{"__uuid__":"6ckG3/NjBMiIeK25O6v4xf"},{"__uuid__":"48LPTdX7ZC97zqY3q/slQC"},{"__uuid__":"2dzf/b09NK6LRPiFhWlwZR"},{"__uuid__":"d2GKY+Wk9Ca4Hy+M7+jvQW"},{"__uuid__":"fcaoDY8RlPtZqFYdLSRuKY"},{"__uuid__":"c6oPxDO+BCw5F2tEuLmCR7"},{"__uuid__":"74yBVnhc1Kp64BwNKQRQCF"},{"__uuid__":"b0PutUKbdFZYncPeoBtb8d"},{"__uuid__":"11kHRlmAtO5KHZqs6zswjQ"},{"__uuid__":"55Z3ewAfpMQadHueU9ZTMu"}]}],{"__type__":"cc.SpriteFrame","content":{"name":"fish_game_pic_suoding1","texture":"bclyb1CdFAXZK7vE6k7C0V","rect":[0,0,169,169],"offset":[-0.5,0.5],"originalSize":[170,170],"capInsets":[0,0,0,0]}}]