[[{"__type__":"cc.Prefab","_name":"item9","data":{"__id__":1}},{"__type__":"cc.Node","_name":"item9","_components":[{"__type__":"cc.Sprite","node":{"__id__":1},"_materials":[{"__uuid__":"ecpdLyjvZBwrvm+cedCcQy"}],"_spriteFrame":{"__uuid__":"ec56Fo4FdFpoG8MV9kKE9E"}}],"_prefab":{"__type__":"cc.PrefabInfo","root":{"__id__":1},"asset":{"__uuid__":"ceqIdPHgBKcoZwWrpLgdwV"},"fileId":"b8G0g2TUFLs4h/aXiwY1yo"},"_contentSize":{"__type__":"cc.Size","width":139,"height":166},"_trs":{"__type__":"TypedArray","ctor":"Float64Array","array":[0,0,0,0,0,0,1,0.8,0.8,1]}}],{"__type__":"cc.SpriteFrame","content":{"name":"item9","texture":"eb55D45rBN/IvrwhHj5Az7","rect":[1,2,139,166],"offset":[-1,0],"originalSize":[143,170],"capInsets":[0,0,0,0]}}]