{"__type__":"cc.AnimationClip","_name":"gameBonus","_duration":4,"curveData":{"paths":{"bonus":{"props":{"scale":[{"frame":0,"value":{"__type__":"cc.Vec2"}},{"frame":0.4166666666666667,"value":{"__type__":"cc.Vec2","x":1,"y":1}},{"frame":1.5,"value":{"__type__":"cc.Vec2","x":0.95,"y":0.95}},{"frame":2.7,"value":{"__type__":"cc.Vec2","x":1,"y":1}},{"frame":4,"value":{"__type__":"cc.Vec2","x":0.95,"y":0.95}}]}},"light-bg-freespin":{"props":{"scale":[{"frame":0,"value":{"__type__":"cc.Vec2","x":1,"y":1}},{"frame":0.4166666666666667,"value":{"__type__":"cc.Vec2","x":1,"y":1}},{"frame":1.5,"value":{"__type__":"cc.Vec2","x":0.96,"y":0.96}},{"frame":2.7,"value":{"__type__":"cc.Vec2","x":1,"y":1}},{"frame":4,"value":{"__type__":"cc.Vec2","x":0.96,"y":0.96}}],"angle":[{"frame":0,"value":0},{"frame":4,"value":30}]}}}}}