{"__type__":"dragonBones.DragonBonesAtlasAsset","_name":"gswz_effect_hall_girl_tex","_atlasJson":"{\"width\":1024,\"imagePath\":\"gswz_effect_hall_girl_tex.png\",\"height\":1024,\"name\":\"gswz_effect_hall_girl\",\"SubTexture\":[{\"width\":230,\"y\":1,\"height\":297,\"name\":\"右臂\",\"x\":776},{\"width\":97,\"y\":701,\"height\":130,\"name\":\"发梢6\",\"x\":700},{\"width\":127,\"y\":821,\"height\":158,\"name\":\"发梢5\",\"x\":488},{\"width\":366,\"y\":1,\"height\":936,\"name\":\"身体\",\"x\":1},{\"y\":441,\"frameX\":-11,\"frameHeight\":211,\"frameY\":0,\"width\":147,\"frameWidth\":160,\"height\":211,\"name\":\"头\",\"x\":488},{\"width\":405,\"y\":1,\"height\":438,\"name\":\"头发\",\"x\":369},{\"width\":96,\"y\":833,\"height\":120,\"name\":\"发梢3\",\"x\":700},{\"width\":102,\"y\":826,\"height\":164,\"name\":\"头发1\",\"x\":369},{\"width\":82,\"y\":833,\"height\":135,\"name\":\"发梢1\",\"x\":798},{\"width\":114,\"y\":441,\"height\":258,\"name\":\"发梢2\",\"x\":637},{\"width\":143,\"y\":654,\"height\":165,\"name\":\"发梢4\",\"x\":488},{\"width\":65,\"y\":701,\"height\":238,\"name\":\"左胳膊\",\"x\":633},{\"width\":112,\"y\":544,\"height\":103,\"name\":\"牌\",\"x\":753},{\"width\":117,\"y\":441,\"height\":383,\"name\":\"左手\",\"x\":369},{\"width\":219,\"y\":300,\"height\":242,\"name\":\"右手\",\"x\":776},{\"width\":10,\"y\":854,\"height\":31,\"name\":\"耳环左\",\"x\":617},{\"width\":10,\"y\":821,\"height\":31,\"name\":\"耳环右\",\"x\":617},{\"width\":107,\"y\":955,\"height\":62,\"name\":\"领结\",\"x\":617},{\"y\":649,\"frameX\":-10,\"frameHeight\":114,\"frameY\":-1,\"width\":59,\"frameWidth\":72,\"height\":108,\"name\":\"项链\",\"x\":799},{\"width\":69,\"y\":649,\"height\":83,\"name\":\"星光\",\"x\":860},{\"width\":38,\"y\":649,\"height\":36,\"name\":\"star\",\"x\":753}]}","_texture":{"__uuid__":"caX1x+StNNoL5GZ7efmU7u"},"texture":{"__uuid__":"caX1x+StNNoL5GZ7efmU7u"}}