[{"__type__":"cc.SpriteFrame","content":{"name":"ph_27","texture":"64RdTDJkpOJZxln8+VJAc2","rect":[1440,552,240,184],"offset":[0,0],"originalSize":[240,184],"capInsets":[0,0,0,0]}},{"__type__":"cc.SpriteFrame","content":{"name":"ph_18","texture":"64RdTDJkpOJZxln8+VJAc2","rect":[1200,368,240,184],"offset":[0,0],"originalSize":[240,184],"capInsets":[0,0,0,0]}},{"__type__":"cc.SpriteFrame","content":{"name":"ph_31","texture":"64RdTDJkpOJZxln8+VJAc2","rect":[480,736,240,184],"offset":[0,0],"originalSize":[240,184],"capInsets":[0,0,0,0]}},{"__type__":"cc.SpriteFrame","content":{"name":"ph_10","texture":"64RdTDJkpOJZxln8+VJAc2","rect":[1200,184,240,184],"offset":[0,0],"originalSize":[240,184],"capInsets":[0,0,0,0]}},{"__type__":"cc.SpriteFrame","content":{"name":"ph_44","texture":"64RdTDJkpOJZxln8+VJAc2","rect":[1680,920,240,184],"offset":[0,0],"originalSize":[240,184],"capInsets":[0,0,0,0]}},{"__type__":"cc.SpriteFrame","content":{"name":"ph_40","texture":"64RdTDJkpOJZxln8+VJAc2","rect":[720,920,240,184],"offset":[0,0],"originalSize":[240,184],"capInsets":[0,0,0,0]}},{"__type__":"cc.SpriteFrame","content":{"name":"ph_1","texture":"64RdTDJkpOJZxln8+VJAc2","rect":[815,0,240,184],"offset":[0,0],"originalSize":[240,184],"capInsets":[0,0,0,0]}},{"__type__":"cc.SpriteFrame","content":{"name":"ph_42","texture":"64RdTDJkpOJZxln8+VJAc2","rect":[1200,920,240,184],"offset":[0,0],"originalSize":[240,184],"capInsets":[0,0,0,0]}},{"__type__":"cc.SpriteFrame","content":{"name":"ph_28","texture":"64RdTDJkpOJZxln8+VJAc2","rect":[1680,552,240,184],"offset":[0,0],"originalSize":[240,184],"capInsets":[0,0,0,0]}},{"__type__":"cc.SpriteFrame","content":{"name":"ph_36","texture":"64RdTDJkpOJZxln8+VJAc2","rect":[1680,736,240,184],"offset":[0,0],"originalSize":[240,184],"capInsets":[0,0,0,0]}},{"__type__":"cc.SpriteFrame","content":{"name":"ph_4","texture":"64RdTDJkpOJZxln8+VJAc2","rect":[1535,0,240,184],"offset":[0,0],"originalSize":[240,184],"capInsets":[0,0,0,0]}},{"__type__":"cc.SpriteFrame","content":{"name":"ph_3","texture":"64RdTDJkpOJZxln8+VJAc2","rect":[1295,0,240,184],"offset":[0,0],"originalSize":[240,184],"capInsets":[0,0,0,0]}},{"__type__":"cc.SpriteFrame","content":{"name":"ph_16","texture":"64RdTDJkpOJZxln8+VJAc2","rect":[720,368,240,184],"offset":[0,0],"originalSize":[240,184],"capInsets":[0,0,0,0]}},{"__type__":"cc.SpriteFrame","content":{"name":"ph_15","texture":"64RdTDJkpOJZxln8+VJAc2","rect":[480,368,240,184],"offset":[0,0],"originalSize":[240,184],"capInsets":[0,0,0,0]}},{"__type__":"cc.SpriteFrame","content":{"name":"ph_12","texture":"64RdTDJkpOJZxln8+VJAc2","rect":[1680,184,240,184],"offset":[0,0],"originalSize":[240,184],"capInsets":[0,0,0,0]}},{"__type__":"cc.SpriteFrame","content":{"name":"ph_41","texture":"64RdTDJkpOJZxln8+VJAc2","rect":[960,920,240,184],"offset":[0,0],"originalSize":[240,184],"capInsets":[0,0,0,0]}},{"__type__":"cc.SpriteFrame","content":{"name":"ph_23","texture":"64RdTDJkpOJZxln8+VJAc2","rect":[480,552,240,184],"offset":[0,0],"originalSize":[240,184],"capInsets":[0,0,0,0]}},{"__type__":"cc.SpriteFrame","content":{"name":"ph_21","texture":"64RdTDJkpOJZxln8+VJAc2","rect":[0,552,240,184],"offset":[0,0],"originalSize":[240,184],"capInsets":[0,0,0,0]}},{"__type__":"cc.AnimationClip","_name":"PhaoHoa_NoHu","_duration":1.4833333333333334,"speed":1.5,"wrapMode":"2","curveData":{"comps":{"cc.Sprite":{"spriteFrame":[{"frame":0,"value":{"__uuid__":"f3l8kMBzZIVIApdoKqTXna"}},{"frame":0.03333333333333333,"value":{"__uuid__":"20+cp5KTlL6bZN06wcE5wI"}},{"frame":0.06666666666666667,"value":{"__uuid__":"d4h6reV9dEdag8DN3GwI8e"}},{"frame":0.1,"value":{"__uuid__":"405whNhjZFTqLIh9TjGQHr"}},{"frame":0.13333333333333333,"value":{"__uuid__":"385ZqgGqZH8pPtMMd/3iYu"}},{"frame":0.16666666666666666,"value":{"__uuid__":"b0v0D+QapHOY06HwDyr4p4"}},{"frame":0.2,"value":{"__uuid__":"dfe4xaXVtJyJfdvL1iEYo6"}},{"frame":0.23333333333333334,"value":{"__uuid__":"d3qC0UdkhGurzzfG8S2Sqy"}},{"frame":0.26666666666666666,"value":{"__uuid__":"f4PTqJxxdPnqYaWDvj7/1Y"}},{"frame":0.3,"value":{"__uuid__":"7aYLKB4OlN8qzJbjGQji8f"}},{"frame":0.3333333333333333,"value":{"__uuid__":"16ppY4YIxFiLSr8VvQBg1W"}},{"frame":0.36666666666666664,"value":{"__uuid__":"f8j3RO9OxH+q6rk9y9mqGO"}},{"frame":0.4,"value":{"__uuid__":"4aRklgiYZOSp+ykHlltUft"}},{"frame":0.43333333333333335,"value":{"__uuid__":"7bo9aolFZGQoPZlZn/SlMr"}},{"frame":0.4666666666666667,"value":{"__uuid__":"7fYS4LfHlK/KMqLUAs/6C8"}},{"frame":0.5,"value":{"__uuid__":"49P/hgxu1G6Kuii7QDx8Uj"}},{"frame":0.5333333333333333,"value":{"__uuid__":"43g2/CatVFLY7oErwKlVBC"}},{"frame":0.5666666666666667,"value":{"__uuid__":"97ARMMrTVJxZJBD3hB8BNK"}},{"frame":0.6,"value":{"__uuid__":"0akul7MPBNq4mChI8rz8D8"}},{"frame":0.6333333333333333,"value":{"__uuid__":"92/Xu6GkFElaCGLlqrdXAL"}},{"frame":0.6666666666666666,"value":{"__uuid__":"6529HYPOJDspXlimOm30Zz"}},{"frame":0.7,"value":{"__uuid__":"53iS8zb6hKVKDjqEF1TzOJ"}},{"frame":0.7333333333333333,"value":{"__uuid__":"8dZSfTY/NOqqW7Q7gv7YPx"}},{"frame":0.7666666666666667,"value":{"__uuid__":"52L0GmmtZI45RnUBQ1Vw3k"}},{"frame":0.8,"value":{"__uuid__":"aeKumGrxRLB51obhoIIRME"}},{"frame":0.8333333333333334,"value":{"__uuid__":"90O0LJUd9GJY1wbfOv60+S"}},{"frame":0.8666666666666667,"value":{"__uuid__":"f2iazhRRlHu7itLPfcI63n"}},{"frame":0.9,"value":{"__uuid__":"00xUZCBjhA7743o+Jwgr1T"}},{"frame":0.9333333333333333,"value":{"__uuid__":"29KZiAcGJAY6xoRCWqrUZY"}},{"frame":0.9666666666666667,"value":{"__uuid__":"8dgTOmdfhM2Z3FjxAOwxn3"}},{"frame":1,"value":{"__uuid__":"9aK+LhCU5AyJYJALXzprcE"}},{"frame":1.0333333333333334,"value":{"__uuid__":"0cDjmMKYVCopAT3wILe+rS"}},{"frame":1.0666666666666667,"value":{"__uuid__":"deysPSErBHYrrIaOo2R+0C"}},{"frame":1.1,"value":{"__uuid__":"7ba3+zuEtLT6CSi7BybcrW"}},{"frame":1.1333333333333333,"value":{"__uuid__":"5cVbNY8UFFoanxVXjNoyA+"}},{"frame":1.1666666666666667,"value":{"__uuid__":"d71dJnwApMUp+am8TXmgoN"}},{"frame":1.2,"value":{"__uuid__":"2cZcPFjEVKZpO7lfn4Ds4K"}},{"frame":1.2333333333333334,"value":{"__uuid__":"b5IVbUmyZCXYBFG37SEreU"}},{"frame":1.2666666666666666,"value":{"__uuid__":"ceCZyRiARHyY6Lfj+On98s"}},{"frame":1.3,"value":{"__uuid__":"87Jf3FyqNH67BJcKrfR6pR"}},{"frame":1.3333333333333333,"value":{"__uuid__":"1fevS9Dz5OwZm/zuWDXK3k"}},{"frame":1.3666666666666667,"value":{"__uuid__":"51dSmoaV9PjqLSp9XxTBLW"}},{"frame":1.4,"value":{"__uuid__":"234H0DPVBHioLeIfIVH5HP"}},{"frame":1.4333333333333333,"value":{"__uuid__":"6f/ldXJNNALYwJNNgkb89y"}},{"frame":1.4666666666666666,"value":{"__uuid__":"1fUSeV1BVJs6I2cgvyGYxW"}}]}}}},{"__type__":"cc.SpriteFrame","content":{"name":"ph_34","texture":"64RdTDJkpOJZxln8+VJAc2","rect":[1200,736,240,184],"offset":[0,0],"originalSize":[240,184],"capInsets":[0,0,0,0]}},{"__type__":"cc.SpriteFrame","content":{"name":"ph_20","texture":"64RdTDJkpOJZxln8+VJAc2","rect":[1680,368,240,184],"offset":[0,0],"originalSize":[240,184],"capInsets":[0,0,0,0]}},{"__type__":"cc.SpriteFrame","content":{"name":"ph_43","texture":"64RdTDJkpOJZxln8+VJAc2","rect":[1440,920,240,184],"offset":[0,0],"originalSize":[240,184],"capInsets":[0,0,0,0]}},{"__type__":"cc.SpriteFrame","content":{"name":"ph_9","texture":"64RdTDJkpOJZxln8+VJAc2","rect":[960,184,240,184],"offset":[0,0],"originalSize":[240,184],"capInsets":[0,0,0,0]}},{"__type__":"cc.SpriteFrame","content":{"name":"ph_33","texture":"64RdTDJkpOJZxln8+VJAc2","rect":[960,736,240,184],"offset":[0,0],"originalSize":[240,184],"capInsets":[0,0,0,0]}},{"__type__":"cc.SpriteFrame","content":{"name":"ph_13","texture":"64RdTDJkpOJZxln8+VJAc2","rect":[0,368,240,184],"offset":[0,0],"originalSize":[240,184],"capInsets":[0,0,0,0]}},{"__type__":"cc.SpriteFrame","content":{"name":"ph_14","texture":"64RdTDJkpOJZxln8+VJAc2","rect":[240,368,240,184],"offset":[0,0],"originalSize":[240,184],"capInsets":[0,0,0,0]}},{"__type__":"cc.SpriteFrame","content":{"name":"ph_39","texture":"64RdTDJkpOJZxln8+VJAc2","rect":[480,920,240,184],"offset":[0,0],"originalSize":[240,184],"capInsets":[0,0,0,0]}},{"__type__":"cc.SpriteFrame","content":{"name":"ph_22","texture":"64RdTDJkpOJZxln8+VJAc2","rect":[240,552,240,184],"offset":[0,0],"originalSize":[240,184],"capInsets":[0,0,0,0]}},{"__type__":"cc.SpriteFrame","content":{"name":"ph_29","texture":"64RdTDJkpOJZxln8+VJAc2","rect":[0,736,240,184],"offset":[0,0],"originalSize":[240,184],"capInsets":[0,0,0,0]}},{"__type__":"cc.SpriteFrame","content":{"name":"ph_25","texture":"64RdTDJkpOJZxln8+VJAc2","rect":[960,552,240,184],"offset":[0,0],"originalSize":[240,184],"capInsets":[0,0,0,0]}},{"__type__":"cc.SpriteFrame","content":{"name":"ph_19","texture":"64RdTDJkpOJZxln8+VJAc2","rect":[1440,368,240,184],"offset":[0,0],"originalSize":[240,184],"capInsets":[0,0,0,0]}},{"__type__":"cc.SpriteFrame","content":{"name":"ph_17","texture":"64RdTDJkpOJZxln8+VJAc2","rect":[960,368,240,184],"offset":[0,0],"originalSize":[240,184],"capInsets":[0,0,0,0]}},{"__type__":"cc.SpriteFrame","content":{"name":"ph_30","texture":"64RdTDJkpOJZxln8+VJAc2","rect":[240,736,240,184],"offset":[0,0],"originalSize":[240,184],"capInsets":[0,0,0,0]}},{"__type__":"cc.SpriteFrame","content":{"name":"ph_24","texture":"64RdTDJkpOJZxln8+VJAc2","rect":[720,552,240,184],"offset":[0,0],"originalSize":[240,184],"capInsets":[0,0,0,0]}},{"__type__":"cc.SpriteFrame","content":{"name":"ph_5","texture":"64RdTDJkpOJZxln8+VJAc2","rect":[0,184,240,184],"offset":[0,0],"originalSize":[240,184],"capInsets":[0,0,0,0]}},{"__type__":"cc.SpriteFrame","content":{"name":"ph_37","texture":"64RdTDJkpOJZxln8+VJAc2","rect":[0,920,240,184],"offset":[0,0],"originalSize":[240,184],"capInsets":[0,0,0,0]}},{"__type__":"cc.SpriteFrame","content":{"name":"ph_38","texture":"64RdTDJkpOJZxln8+VJAc2","rect":[240,920,240,184],"offset":[0,0],"originalSize":[240,184],"capInsets":[0,0,0,0]}},{"__type__":"cc.SpriteFrame","content":{"name":"ph_7","texture":"64RdTDJkpOJZxln8+VJAc2","rect":[480,184,240,184],"offset":[0,0],"originalSize":[240,184],"capInsets":[0,0,0,0]}},{"__type__":"cc.SpriteFrame","content":{"name":"ph_2","texture":"64RdTDJkpOJZxln8+VJAc2","rect":[1055,0,240,184],"offset":[0,0],"originalSize":[240,184],"capInsets":[0,0,0,0]}},{"__type__":"cc.SpriteFrame","content":{"name":"ph_35","texture":"64RdTDJkpOJZxln8+VJAc2","rect":[1440,736,240,184],"offset":[0,0],"originalSize":[240,184],"capInsets":[0,0,0,0]}},{"__type__":"cc.SpriteFrame","content":{"name":"ph_32","texture":"64RdTDJkpOJZxln8+VJAc2","rect":[720,736,240,184],"offset":[0,0],"originalSize":[240,184],"capInsets":[0,0,0,0]}},{"__type__":"cc.SpriteFrame","content":{"name":"ph_6","texture":"64RdTDJkpOJZxln8+VJAc2","rect":[240,184,240,184],"offset":[0,0],"originalSize":[240,184],"capInsets":[0,0,0,0]}},{"__type__":"cc.SpriteFrame","content":{"name":"ph_26","texture":"64RdTDJkpOJZxln8+VJAc2","rect":[1200,552,240,184],"offset":[0,0],"originalSize":[240,184],"capInsets":[0,0,0,0]}},{"__type__":"cc.SpriteFrame","content":{"name":"ph_0","texture":"64RdTDJkpOJZxln8+VJAc2","rect":[575,0,240,184],"offset":[0,0],"originalSize":[240,184],"capInsets":[0,0,0,0]}},{"__type__":"cc.SpriteFrame","content":{"name":"ph_8","texture":"64RdTDJkpOJZxln8+VJAc2","rect":[720,184,240,184],"offset":[0,0],"originalSize":[240,184],"capInsets":[0,0,0,0]}},{"__type__":"cc.SpriteFrame","content":{"name":"ph_11","texture":"64RdTDJkpOJZxln8+VJAc2","rect":[1440,184,240,184],"offset":[0,0],"originalSize":[240,184],"capInsets":[0,0,0,0]}}]