[{"__type__":"cc.SpriteFrame","content":{"name":"AD","texture":"b700esaW1NobQa6pW5jXa0","rect":[691,816,113,161],"offset":[0,0],"originalSize":[113,161],"capInsets":[0,0,0,0]}},{"__type__":"cc.SpriteFrame","content":{"name":"KB","texture":"b700esaW1NobQa6pW5jXa0","rect":[806,816,113,161],"offset":[0,0],"originalSize":[113,161],"capInsets":[0,0,0,0]}},{"__type__":"cc.SpriteFrame","content":{"name":"7C","texture":"b700esaW1NobQa6pW5jXa0","rect":[461,653,113,161],"offset":[0,0],"originalSize":[113,161],"capInsets":[0,0,0,0]}},{"__type__":"cc.SpriteFrame","content":{"name":"5C","texture":"b700esaW1NobQa6pW5jXa0","rect":[348,164,113,161],"offset":[0,0],"originalSize":[113,161],"capInsets":[0,0,0,0]}},{"__type__":"cc.SpriteFrame","content":{"name":"BACK_1","texture":"b700esaW1NobQa6pW5jXa0","rect":[1,1,115,163],"offset":[0,0],"originalSize":[115,163],"capInsets":[0,0,0,0]}},{"__type__":"cc.SpriteFrame","content":{"name":"AA","texture":"b700esaW1NobQa6pW5jXa0","rect":[693,164,113,161],"offset":[0,0],"originalSize":[113,161],"capInsets":[0,0,0,0]}},{"__type__":"cc.SpriteFrame","content":{"name":"10D","texture":"b700esaW1NobQa6pW5jXa0","rect":[1,820,113,161],"offset":[0,0],"originalSize":[113,161],"capInsets":[0,0,0,0]}},{"__type__":"cc.SpriteFrame","content":{"name":"4C","texture":"b700esaW1NobQa6pW5jXa0","rect":[231,653,113,161],"offset":[0,0],"originalSize":[113,161],"capInsets":[0,0,0,0]}},{"__type__":"cc.SpriteFrame","content":{"name":"9D","texture":"b700esaW1NobQa6pW5jXa0","rect":[693,1,113,161],"offset":[0,0],"originalSize":[113,161],"capInsets":[0,0,0,0]}},{"__type__":"cc.SpriteFrame","content":{"name":"5B","texture":"b700esaW1NobQa6pW5jXa0","rect":[348,1,113,161],"offset":[0,0],"originalSize":[113,161],"capInsets":[0,0,0,0]}},{"__type__":"cc.SpriteFrame","content":{"name":"JB","texture":"b700esaW1NobQa6pW5jXa0","rect":[808,1,113,161],"offset":[0,0],"originalSize":[113,161],"capInsets":[0,0,0,0]}},{"__type__":"cc.SpriteFrame","content":{"name":"QB","texture":"b700esaW1NobQa6pW5jXa0","rect":[921,490,113,161],"offset":[0,0],"originalSize":[113,161],"capInsets":[0,0,0,0]}},{"__type__":"cc.SpriteFrame","content":{"name":"QA","texture":"b700esaW1NobQa6pW5jXa0","rect":[923,164,113,161],"offset":[0,0],"originalSize":[113,161],"capInsets":[0,0,0,0]}},{"__type__":"cc.SpriteFrame","content":{"name":"3B","texture":"b700esaW1NobQa6pW5jXa0","rect":[116,820,113,161],"offset":[0,0],"originalSize":[113,161],"capInsets":[0,0,0,0]}},{"__type__":"cc.SpriteFrame","content":{"name":"JA","texture":"b700esaW1NobQa6pW5jXa0","rect":[806,327,113,161],"offset":[0,0],"originalSize":[113,161],"capInsets":[0,0,0,0]}},{"__type__":"cc.SpriteFrame","content":{"name":"3A","texture":"b700esaW1NobQa6pW5jXa0","rect":[116,657,113,161],"offset":[0,0],"originalSize":[113,161],"capInsets":[0,0,0,0]}},{"__type__":"cc.SpriteFrame","content":{"name":"4B","texture":"b700esaW1NobQa6pW5jXa0","rect":[231,490,113,161],"offset":[0,0],"originalSize":[113,161],"capInsets":[0,0,0,0]}},{"__type__":"cc.SpriteFrame","content":{"name":"10B","texture":"b700esaW1NobQa6pW5jXa0","rect":[1,494,113,161],"offset":[0,0],"originalSize":[113,161],"capInsets":[0,0,0,0]}},{"__type__":"cc.SpriteFrame","content":{"name":"AB","texture":"b700esaW1NobQa6pW5jXa0","rect":[691,490,113,161],"offset":[0,0],"originalSize":[113,161],"capInsets":[0,0,0,0]}},{"__type__":"cc.SpriteFrame","content":{"name":"KC","texture":"b700esaW1NobQa6pW5jXa0","rect":[921,327,113,161],"offset":[0,0],"originalSize":[113,161],"capInsets":[0,0,0,0]}},{"__type__":"cc.SpriteFrame","content":{"name":"10C","texture":"b700esaW1NobQa6pW5jXa0","rect":[1,657,113,161],"offset":[0,0],"originalSize":[113,161],"capInsets":[0,0,0,0]}},{"__type__":"cc.SpriteFrame","content":{"name":"KD","texture":"b700esaW1NobQa6pW5jXa0","rect":[923,1,113,161],"offset":[0,0],"originalSize":[113,161],"capInsets":[0,0,0,0]}},{"__type__":"cc.SpriteFrame","content":{"name":"3C","texture":"b700esaW1NobQa6pW5jXa0","rect":[231,327,113,161],"offset":[0,0],"originalSize":[113,161],"capInsets":[0,0,0,0]}},{"__type__":"cc.SpriteFrame","content":{"name":"QD","texture":"b700esaW1NobQa6pW5jXa0","rect":[921,816,113,161],"offset":[0,0],"originalSize":[113,161],"capInsets":[0,0,0,0]}},{"__type__":"cc.SpriteFrame","content":{"name":"2D","texture":"b700esaW1NobQa6pW5jXa0","rect":[116,494,113,161],"offset":[0,0],"originalSize":[113,161],"capInsets":[0,0,0,0]}},{"__type__":"cc.SpriteFrame","content":{"name":"4D","texture":"b700esaW1NobQa6pW5jXa0","rect":[231,816,113,161],"offset":[0,0],"originalSize":[113,161],"capInsets":[0,0,0,0]}},{"__type__":"cc.SpriteFrame","content":{"name":"8A","texture":"b700esaW1NobQa6pW5jXa0","rect":[576,327,113,161],"offset":[0,0],"originalSize":[113,161],"capInsets":[0,0,0,0]}},{"__type__":"cc.SpriteFrame","content":{"name":"2B","texture":"b700esaW1NobQa6pW5jXa0","rect":[118,1,113,161],"offset":[0,0],"originalSize":[113,161],"capInsets":[0,0,0,0]}},{"__type__":"cc.SpriteFrame","content":{"name":"9A","texture":"b700esaW1NobQa6pW5jXa0","rect":[576,653,113,161],"offset":[0,0],"originalSize":[113,161],"capInsets":[0,0,0,0]}},{"__type__":"cc.SpriteFrame","content":{"name":"JD","texture":"b700esaW1NobQa6pW5jXa0","rect":[806,490,113,161],"offset":[0,0],"originalSize":[113,161],"capInsets":[0,0,0,0]}},{"__type__":"cc.SpriteAtlas","_name":"card.plist","_spriteFrames":{"10A":{"__uuid__":"8c53Oe7slBuLh2VOTSVU7d"},"10B":{"__uuid__":"4fNNm4vYtOcqBwA6xarcFw"},"10C":{"__uuid__":"5clw8UQ+pEUbfRxvX9AoDD"},"10D":{"__uuid__":"28Ui9tdZJAz6yrUiTTOclF"},"2A":{"__uuid__":"9eFMC3gOdNT7yg9ONmKoEP"},"2B":{"__uuid__":"6c/wcp/P9A0ZugytDLXkLa"},"2C":{"__uuid__":"c69at6c7BNzah0y6ckRKkD"},"2D":{"__uuid__":"672uRA+wlFhItseYohdWGj"},"3A":{"__uuid__":"49aBw3yPFGg5rNi7FEFomI"},"3B":{"__uuid__":"43FXQ3pxJEOoXy7fFC5ipM"},"3C":{"__uuid__":"65v6r9RQJMzbbRvwP4vYwD"},"3D":{"__uuid__":"fdIrROT2hEeoDogrUtv/Wm"},"4A":{"__uuid__":"datq9thuhE5r4lzXkaCrJK"},"4B":{"__uuid__":"4dZG08R0VAhZ3CAe6y6+t3"},"4C":{"__uuid__":"2dS+Psd/9PFKsoo4WsHaCv"},"4D":{"__uuid__":"69SNmX9wJCcbKV8cXAKrbJ"},"5A":{"__uuid__":"e9EIuqxv5HZ4bpnNbU4llx"},"5B":{"__uuid__":"32+oGAY3JGE6h0Hue4KEV/"},"5C":{"__uuid__":"05ZzEAMWhHlqOiCydcZR/y"},"5D":{"__uuid__":"86IuunPF9Ms5fvxmlabmbV"},"6A":{"__uuid__":"e4NcWS23JBHKyExhPSl/06"},"6B":{"__uuid__":"ae8DXoxW1Pnp01D+aFzYp9"},"6C":{"__uuid__":"9awTBUY/tMeYNJ+tC8QhfZ"},"6D":{"__uuid__":"cet0AT8KNCN7nBP3TvqtOy"},"7A":{"__uuid__":"8ctFPWHylKEIyPl6q4NwO6"},"7B":{"__uuid__":"a2Uw8q2jFEEqK4EI3xp3fW"},"7C":{"__uuid__":"05LLeKpWtBNYNyy14DJzg8"},"7D":{"__uuid__":"7du7R1dmlMdrUKh9mCOoWv"},"8A":{"__uuid__":"6cTQ2BietIk4PjeJm8lyw7"},"8B":{"__uuid__":"d7klul1IVNlLc23gkAujwK"},"8C":{"__uuid__":"f5FFvtYxZCTaNb4RdH8okI"},"8D":{"__uuid__":"c1ofyzqApLLLNsb9sKyahI"},"9A":{"__uuid__":"6dTGQlBQhMiLgelYM2IBFP"},"9B":{"__uuid__":"83NuC2EFtPdox5CL21Vpch"},"9C":{"__uuid__":"7a98JbfYZBxYMk+u3oHwpX"},"9D":{"__uuid__":"2e5uGbYtJMA60oHbAYDdrK"},"AA":{"__uuid__":"15VcAOCaVLUIak3L0p9uAX"},"AB":{"__uuid__":"54mnG16fxOAYTISJKyoe5i"},"AC":{"__uuid__":"e910PG+P9NnbP6LlZ5H/N3"},"AD":{"__uuid__":"01fJ9wHmFPbKVJ0wISbvgp"},"BACK_1":{"__uuid__":"12SVncq9VBYLko/mZ9f78T"},"BACK_2":{"__uuid__":"95ozo16oJBKZ+zgMmaF6Jn"},"JA":{"__uuid__":"48WgPio9hAWa8jNrRGbl+L"},"JB":{"__uuid__":"33M9OTmwtH4a0EX8CEt5iC"},"JC":{"__uuid__":"efAThceehAgZG2q22YvzH/"},"JD":{"__uuid__":"72Ij7/vnRACr1kzWkTk8Xq"},"KA":{"__uuid__":"93OqAGqGtHZZN/SyACdqsp"},"KB":{"__uuid__":"04CJYfYo5NQbTmoiVGjw8b"},"KC":{"__uuid__":"5ary5DCYBKS7kM9eLjnTYB"},"KD":{"__uuid__":"62A0KfZgRMrbv5iA5rmmu/"},"QA":{"__uuid__":"40t93mDhZBQJk7VvptjgR9"},"QB":{"__uuid__":"3d3vVtDyRPEb/DxAtGD05L"},"QC":{"__uuid__":"b0YbwhGwZCG5vXIADNUHPY"},"QD":{"__uuid__":"67ciOqDblOmKoazC1bdzYu"}}},{"__type__":"cc.SpriteFrame","content":{"name":"9C","texture":"b700esaW1NobQa6pW5jXa0","rect":[691,327,113,161],"offset":[0,0],"originalSize":[113,161],"capInsets":[0,0,0,0]}},{"__type__":"cc.SpriteFrame","content":{"name":"7D","texture":"b700esaW1NobQa6pW5jXa0","rect":[461,816,113,161],"offset":[0,0],"originalSize":[113,161],"capInsets":[0,0,0,0]}},{"__type__":"cc.SpriteFrame","content":{"name":"9B","texture":"b700esaW1NobQa6pW5jXa0","rect":[576,816,113,161],"offset":[0,0],"originalSize":[113,161],"capInsets":[0,0,0,0]}},{"__type__":"cc.SpriteFrame","content":{"name":"5D","texture":"b700esaW1NobQa6pW5jXa0","rect":[346,490,113,161],"offset":[0,0],"originalSize":[113,161],"capInsets":[0,0,0,0]}},{"__type__":"cc.SpriteFrame","content":{"name":"7A","texture":"b700esaW1NobQa6pW5jXa0","rect":[463,164,113,161],"offset":[0,0],"originalSize":[113,161],"capInsets":[0,0,0,0]}},{"__type__":"cc.SpriteFrame","content":{"name":"10A","texture":"b700esaW1NobQa6pW5jXa0","rect":[1,331,113,161],"offset":[0,0],"originalSize":[113,161],"capInsets":[0,0,0,0]}},{"__type__":"cc.SpriteFrame","content":{"name":"KA","texture":"b700esaW1NobQa6pW5jXa0","rect":[806,653,113,161],"offset":[0,0],"originalSize":[113,161],"capInsets":[0,0,0,0]}},{"__type__":"cc.SpriteFrame","content":{"name":"BACK_2","texture":"b700esaW1NobQa6pW5jXa0","rect":[1,166,115,163],"offset":[0,0],"originalSize":[115,163],"capInsets":[0,0,0,0]}},{"__type__":"cc.SpriteFrame","content":{"name":"6C","texture":"b700esaW1NobQa6pW5jXa0","rect":[461,327,113,161],"offset":[0,0],"originalSize":[113,161],"capInsets":[0,0,0,0]}},{"__type__":"cc.SpriteFrame","content":{"name":"2A","texture":"b700esaW1NobQa6pW5jXa0","rect":[116,331,113,161],"offset":[0,0],"originalSize":[113,161],"capInsets":[0,0,0,0]}},{"__type__":"cc.SpriteFrame","content":{"name":"7B","texture":"b700esaW1NobQa6pW5jXa0","rect":[461,490,113,161],"offset":[0,0],"originalSize":[113,161],"capInsets":[0,0,0,0]}},{"__type__":"cc.SpriteFrame","content":{"name":"6B","texture":"b700esaW1NobQa6pW5jXa0","rect":[346,816,113,161],"offset":[0,0],"originalSize":[113,161],"capInsets":[0,0,0,0]}},{"__type__":"cc.SpriteFrame","content":{"name":"QC","texture":"b700esaW1NobQa6pW5jXa0","rect":[921,653,113,161],"offset":[0,0],"originalSize":[113,161],"capInsets":[0,0,0,0]}},{"__type__":"cc.SpriteFrame","content":{"name":"8D","texture":"b700esaW1NobQa6pW5jXa0","rect":[576,490,113,161],"offset":[0,0],"originalSize":[113,161],"capInsets":[0,0,0,0]}},{"__type__":"cc.SpriteFrame","content":{"name":"2C","texture":"b700esaW1NobQa6pW5jXa0","rect":[118,164,113,161],"offset":[0,0],"originalSize":[113,161],"capInsets":[0,0,0,0]}},{"__type__":"cc.SpriteFrame","content":{"name":"6D","texture":"b700esaW1NobQa6pW5jXa0","rect":[463,1,113,161],"offset":[0,0],"originalSize":[113,161],"capInsets":[0,0,0,0]}},{"__type__":"cc.SpriteFrame","content":{"name":"8B","texture":"b700esaW1NobQa6pW5jXa0","rect":[578,1,113,161],"offset":[0,0],"originalSize":[113,161],"capInsets":[0,0,0,0]}},{"__type__":"cc.SpriteFrame","content":{"name":"4A","texture":"b700esaW1NobQa6pW5jXa0","rect":[233,164,113,161],"offset":[0,0],"originalSize":[113,161],"capInsets":[0,0,0,0]}},{"__type__":"cc.SpriteFrame","content":{"name":"6A","texture":"b700esaW1NobQa6pW5jXa0","rect":[346,653,113,161],"offset":[0,0],"originalSize":[113,161],"capInsets":[0,0,0,0]}},{"__type__":"cc.SpriteFrame","content":{"name":"5A","texture":"b700esaW1NobQa6pW5jXa0","rect":[346,327,113,161],"offset":[0,0],"originalSize":[113,161],"capInsets":[0,0,0,0]}},{"__type__":"cc.SpriteFrame","content":{"name":"AC","texture":"b700esaW1NobQa6pW5jXa0","rect":[691,653,113,161],"offset":[0,0],"originalSize":[113,161],"capInsets":[0,0,0,0]}},{"__type__":"cc.SpriteFrame","content":{"name":"JC","texture":"b700esaW1NobQa6pW5jXa0","rect":[808,164,113,161],"offset":[0,0],"originalSize":[113,161],"capInsets":[0,0,0,0]}},{"__type__":"cc.SpriteFrame","content":{"name":"8C","texture":"b700esaW1NobQa6pW5jXa0","rect":[578,164,113,161],"offset":[0,0],"originalSize":[113,161],"capInsets":[0,0,0,0]}},{"__type__":"cc.SpriteFrame","content":{"name":"3D","texture":"b700esaW1NobQa6pW5jXa0","rect":[233,1,113,161],"offset":[0,0],"originalSize":[113,161],"capInsets":[0,0,0,0]}}]