[{"__type__":"cc.SpriteFrame","content":{"name":"bau-cua-item-mini-4","texture":"d65343sO9NHIxU6fGLkTmn","rect":[460,0,73,49],"offset":[0,0],"originalSize":[73,49],"capInsets":[0,0,0,0]}},{"__type__":"cc.SpriteFrame","content":{"name":"bau-cua-bg-jackpot","texture":"d65343sO9NHIxU6fGLkTmn","rect":[176,200,380,99],"offset":[0,0],"originalSize":[380,99],"capInsets":[0,0,0,0]}},{"__type__":"cc.SpriteFrame","content":{"name":"bau-cua-title","texture":"d65343sO9NHIxU6fGLkTmn","rect":[0,115,258,67],"offset":[0,0],"originalSize":[258,67],"capInsets":[0,0,0,0]}},{"__type__":"cc.SpriteFrame","content":{"name":"bau-cua-item-mini-2","texture":"d65343sO9NHIxU6fGLkTmn","rect":[374,115,49,71],"offset":[0,0],"originalSize":[49,71],"capInsets":[0,0,0,0]}},{"__type__":"cc.SpriteFrame","content":{"name":"bau-cua-item-selected","texture":"d65343sO9NHIxU6fGLkTmn","rect":[86,200,90,90],"offset":[0,0],"originalSize":[90,90],"capInsets":[0,0,0,0]}},{"__type__":"cc.SpriteFrame","content":{"name":"bau-cua-item-6","texture":"d65343sO9NHIxU6fGLkTmn","rect":[774,200,114,115],"offset":[0,0],"originalSize":[114,115],"capInsets":[0,0,0,0]}},{"__type__":"cc.SpriteFrame","content":{"name":"bau-cua-jackpot-bg","texture":"d65343sO9NHIxU6fGLkTmn","rect":[473,115,366,85],"offset":[0,0],"originalSize":[366,85],"capInsets":[0,0,0,0]}},{"__type__":"cc.SpriteFrame","content":{"name":"bau-cua-item-bet-bg","texture":"d65343sO9NHIxU6fGLkTmn","rect":[0,0,68,20],"offset":[0,0],"originalSize":[68,20],"capInsets":[0,0,0,0]}},{"__type__":"cc.SpriteFrame","content":{"name":"bau-cua-bg-3","texture":"d65343sO9NHIxU6fGLkTmn","rect":[570,315,230,235],"offset":[0,0],"originalSize":[230,235],"capInsets":[0,0,0,0]}},{"__type__":"cc.SpriteFrame","content":{"name":"bau-cua-item-5","texture":"d65343sO9NHIxU6fGLkTmn","rect":[0,315,114,115],"offset":[0,0],"originalSize":[114,115],"capInsets":[0,0,0,0]}},{"__type__":"cc.SpriteFrame","content":{"name":"bau-cua-item-mini-1","texture":"d65343sO9NHIxU6fGLkTmn","rect":[423,115,50,79],"offset":[0,0],"originalSize":[50,79],"capInsets":[0,0,0,0]}},{"__type__":"cc.SpriteFrame","content":{"name":"bau-cua-item-small-1","texture":"d65343sO9NHIxU6fGLkTmn","rect":[189,0,39,39],"offset":[0,0],"originalSize":[39,39],"capInsets":[0,0,0,0]}},{"__type__":"cc.SpriteFrame","content":{"name":"bau-cua-item-mini-6","texture":"d65343sO9NHIxU6fGLkTmn","rect":[384,0,76,44],"offset":[0,0],"originalSize":[76,44],"capInsets":[0,0,0,0]}},{"__type__":"cc.SpriteFrame","content":{"name":"bau-cua-item-bg","texture":"d65343sO9NHIxU6fGLkTmn","rect":[0,200,86,86],"offset":[0,0],"originalSize":[86,86],"capInsets":[0,0,0,0]}},{"__type__":"cc.SpriteFrame","content":{"name":"bau-cua-item-2","texture":"d65343sO9NHIxU6fGLkTmn","rect":[342,315,114,115],"offset":[0,0],"originalSize":[114,115],"capInsets":[0,0,0,0]}},{"__type__":"cc.SpriteFrame","content":{"name":"bau-cua-rank-time-bg","texture":"d65343sO9NHIxU6fGLkTmn","rect":[433,49,332,66],"offset":[0,0],"originalSize":[332,66],"capInsets":[0,0,0,0]}},{"__type__":"cc.SpriteFrame","content":{"name":"bau-cua-item-small-2","texture":"d65343sO9NHIxU6fGLkTmn","rect":[267,0,39,39],"offset":[0,0],"originalSize":[39,39],"capInsets":[0,0,0,0]}},{"__type__":"cc.SpriteFrame","content":{"name":"bau-cua-item-small-4","texture":"d65343sO9NHIxU6fGLkTmn","rect":[150,0,39,39],"offset":[0,0],"originalSize":[39,39],"capInsets":[0,0,0,0]}},{"__type__":"cc.SpriteFrame","content":{"name":"bau-cua-item-3","texture":"d65343sO9NHIxU6fGLkTmn","rect":[228,315,114,115],"offset":[0,0],"originalSize":[114,115],"capInsets":[0,0,0,0]}},{"__type__":"cc.SpriteFrame","content":{"name":"bau-cua-item-1","texture":"d65343sO9NHIxU6fGLkTmn","rect":[456,315,114,115],"offset":[0,0],"originalSize":[114,115],"capInsets":[0,0,0,0]}},{"__type__":"cc.SpriteFrame","content":{"name":"bau-cua-item-bet-1-bg","texture":"d65343sO9NHIxU6fGLkTmn","rect":[68,0,82,21],"offset":[0,0],"originalSize":[82,21],"capInsets":[0,0,0,0]}},{"__type__":"cc.SpriteFrame","content":{"name":"bau-cua-item-mini-5","texture":"d65343sO9NHIxU6fGLkTmn","rect":[319,115,55,71],"offset":[0,0],"originalSize":[55,71],"capInsets":[0,0,0,0]}},{"__type__":"cc.SpriteFrame","content":{"name":"bau-cua-item-small-6","texture":"d65343sO9NHIxU6fGLkTmn","rect":[345,0,39,39],"offset":[0,0],"originalSize":[39,39],"capInsets":[0,0,0,0]}},{"__type__":"cc.SpriteFrame","content":{"name":"bau-cua-item-4","texture":"d65343sO9NHIxU6fGLkTmn","rect":[114,315,114,115],"offset":[0,0],"originalSize":[114,115],"capInsets":[0,0,0,0]}},{"__type__":"cc.SpriteFrame","content":{"name":"bau-cua-item-mini-3","texture":"d65343sO9NHIxU6fGLkTmn","rect":[258,115,61,68],"offset":[0,0],"originalSize":[61,68],"capInsets":[0,0,0,0]}},{"__type__":"cc.SpriteFrame","content":{"name":"bau-cua-bg","texture":"d65343sO9NHIxU6fGLkTmn","rect":[0,852,757,547],"offset":[0,0],"originalSize":[757,547],"capInsets":[0,0,0,0]}},{"__type__":"cc.SpriteFrame","content":{"name":"bai-cua-bg-4","texture":"d65343sO9NHIxU6fGLkTmn","rect":[682,200,92,113],"offset":[0,0],"originalSize":[92,113],"capInsets":[0,0,0,0]}},{"__type__":"cc.SpriteFrame","content":{"name":"bau-cua-button-san-hu","texture":"d65343sO9NHIxU6fGLkTmn","rect":[556,200,126,113],"offset":[0,0],"originalSize":[126,113],"capInsets":[0,0,0,0]}},{"__type__":"cc.SpriteAtlas","_name":"mini-game-baucua.plist","_spriteFrames":{"bai-cua-bg-4":{"__uuid__":"bdas/F/iZEUYM9npQ07KpL"},"bau-cua-bg-3":{"__uuid__":"40RzZNfV5DFKe/aRp65jgE"},"bau-cua-bg-jackpot":{"__uuid__":"12vFCaP8xKlZgqTTYdTsbl"},"bau-cua-bg":{"__uuid__":"a941NPvX9Jca/gN/Xq4502"},"bau-cua-button-san-hu":{"__uuid__":"cbb1nLfSNJcpm0zUi/E3A3"},"bau-cua-form-jackpot":{"__uuid__":"dcsPRnkUJM+7I0inD2K6/K"},"bau-cua-item-1":{"__uuid__":"91D7pkCllF6ZVAZdum+jhr"},"bau-cua-item-2":{"__uuid__":"60jOnMluxB0ps4HSvPNg6U"},"bau-cua-item-3":{"__uuid__":"8b+b2Lc89I4JqR5qtPr92i"},"bau-cua-item-4":{"__uuid__":"978SAnod1FwYdJvDCe0cFB"},"bau-cua-item-5":{"__uuid__":"44t6kxendDJrK9uES1rHN7"},"bau-cua-item-6":{"__uuid__":"2ad7yL5f9NCY/boyDi+jCT"},"bau-cua-item-bet-1-bg":{"__uuid__":"919AipcwtD5KdtPuDuNJMu"},"bau-cua-item-bet-bg":{"__uuid__":"30pJHHxttEj7VTYy5I3ejK"},"bau-cua-item-bg":{"__uuid__":"57l+VQi0VD/4OB1FFZE40H"},"bau-cua-item-mini-1":{"__uuid__":"441Dc7h1hBJr8tUCQ9HihP"},"bau-cua-item-mini-2":{"__uuid__":"1eRWQ75QhLKa3Z0twY7sI9"},"bau-cua-item-mini-3":{"__uuid__":"9fRyShZQdMw7UNWqDXSJqG"},"bau-cua-item-mini-4":{"__uuid__":"0fqjNTra1F5oauVvR4vYV7"},"bau-cua-item-mini-5":{"__uuid__":"93xWeu471Aybqkovn8pIZO"},"bau-cua-item-mini-6":{"__uuid__":"4aOqZ55tBBfJlF1ZQuljB+"},"bau-cua-item-selected":{"__uuid__":"23MgTW/dNL16rWK3TROBA+"},"bau-cua-item-small-1":{"__uuid__":"49keZYGm9PdpojmzEEpkSK"},"bau-cua-item-small-2":{"__uuid__":"82bCMEUEFIFrapLDtW/xk7"},"bau-cua-item-small-3":{"__uuid__":"dc+RkkzVxDDa2MybnsfLte"},"bau-cua-item-small-4":{"__uuid__":"84Qniko+ZPO6eGeVKD8Ae6"},"bau-cua-item-small-5":{"__uuid__":"ffc7YyOadFTbzu62RJVW91"},"bau-cua-item-small-6":{"__uuid__":"96HluH8M9Eepy/56GGfohc"},"bau-cua-jackpot-bg":{"__uuid__":"2c/w/LckNGoa2Br59qfuPn"},"bau-cua-rank-time-bg":{"__uuid__":"81BcmyBLVAirkZ+azfEl9N"},"bau-cua-rank-time-title":{"__uuid__":"d4+qXNYWNIdbUT/ocWq03+"},"bau-cua-title":{"__uuid__":"19WG7kaJ1C47Y4Y/bX4ihE"}}},{"__type__":"cc.SpriteFrame","content":{"name":"bau-cua-rank-time-title","texture":"d65343sO9NHIxU6fGLkTmn","rect":[0,49,433,53],"offset":[0,0],"originalSize":[433,53],"capInsets":[0,0,0,0]}},{"__type__":"cc.SpriteFrame","content":{"name":"bau-cua-form-jackpot","texture":"d65343sO9NHIxU6fGLkTmn","rect":[0,550,918,302],"offset":[0,0],"originalSize":[918,302],"capInsets":[0,0,0,0]}},{"__type__":"cc.SpriteFrame","content":{"name":"bau-cua-item-small-3","texture":"d65343sO9NHIxU6fGLkTmn","rect":[228,0,39,39],"offset":[0,0],"originalSize":[39,39],"capInsets":[0,0,0,0]}},{"__type__":"cc.SpriteFrame","content":{"name":"bau-cua-item-small-5","texture":"d65343sO9NHIxU6fGLkTmn","rect":[306,0,39,39],"offset":[0,0],"originalSize":[39,39],"capInsets":[0,0,0,0]}}]