{"__type__":"sp.SkeletonData","_name":"ruttien_2","_skeletonJson":{"skeleton":{"width":395,"height":96,"spine":"3.6.0","hash":" ","name":"armatureName"},"bones":[{"name":"root"},{"name":"bone","parent":"root"},{"y":-4.11,"name":"bone2","parent":"root"},{"name":"bone3","parent":"root"},{"name":"bone4","parent":"root"},{"name":"bone5","parent":"root"},{"name":"bone6","parent":"root"},{"name":"bone7","parent":"root"},{"name":"bone8","parent":"root"},{"name":"bone9","parent":"root"},{"name":"bone10","parent":"root"},{"name":"bone11","parent":"root"}],"slots":[{"name":"$3","bone":"bone7","attachment":"$3"},{"name":"$2","bone":"bone6","attachment":"$2"},{"name":"$1","bone":"bone5","attachment":"$1"},{"name":"1","bone":"bone","attachment":"1"},{"name":"rutien","bone":"bone2","attachment":"rutien"},{"name":"14","bone":"bone3","blend":"additive","attachment":"14"},{"name":"rutien2","bone":"bone4","blend":"additive","attachment":"rutien"},{"name":"$4","bone":"bone8","attachment":"$1"},{"name":"as","bone":"bone9","blend":"additive","attachment":"as"},{"name":"ast","bone":"bone10","blend":"additive","attachment":"ast"},{"name":"asp","bone":"bone11","blend":"additive","attachment":"asp"}],"skins":{"default":{"1":{"1":{"name":"1","width":395,"height":96,"x":0.5},"2":{"name":"2","width":395,"height":96,"x":0.5},"3":{"name":"3","width":395,"height":96,"x":0.5},"4":{"name":"4","width":395,"height":96,"x":0.5},"5":{"name":"5","width":395,"height":96,"x":0.5},"6":{"name":"6","width":395,"height":96,"x":0.5},"7":{"name":"7","width":395,"height":96,"x":0.5},"8":{"name":"8","width":395,"height":96,"x":0.5},"9":{"name":"9","width":395,"height":96,"x":0.5},"10":{"name":"10","width":395,"height":96,"x":0.5},"11":{"name":"11","width":395,"height":96,"x":0.5},"12":{"name":"12","width":395,"height":96,"x":0.5},"13":{"name":"13","width":395,"height":96,"x":0.5},"14":{"name":"14","width":395,"height":96}},"14":{"14":{"name":"14","width":395,"height":96,"x":0.5}},"ast":{"ast":{"name":"ast","width":30,"height":26}},"$2":{"$2":{"name":"$2","width":59,"height":57}},"asp":{"asp":{"name":"asp","width":30,"height":26}},"$1":{"$1":{"name":"$1","width":59,"height":57}},"rutien":{"rutien":{"name":"rutien","width":158,"height":57,"x":0.5,"y":0.5}},"rutien2":{"rutien":{"name":"rutien","width":158,"height":57,"x":0.5,"y":0.5}},"$4":{"$1":{"name":"$1","width":59,"height":57,"x":0.5,"y":0.5}},"as":{"as":{"name":"as","width":63,"height":55,"x":0.5,"y":0.5}},"$3":{"$3":{"name":"$3","width":59,"height":57}}}},"animations":{"animation":{"bones":{"bone2":{"translate":[{"time":0,"y":23.11}]},"bone4":{"translate":[{"time":0},{"time":0.6667,"y":19}],"scale":[{"time":0,"x":1,"y":1},{"time":0.6667,"x":1.5,"y":1},{"time":1,"x":2.5,"y":1}]},"bone5":{"translate":[{"time":0,"y":55},{"time":0.5,"y":65},{"time":1,"y":55},{"time":1.5,"y":65},{"time":2,"y":55},{"time":2.5,"y":65},{"time":3,"y":55}],"scale":[{"time":0,"x":1,"y":1},{"time":0.5,"x":1.2,"y":1.2},{"time":1,"x":1,"y":1},{"time":1.5,"x":1.2,"y":1.2},{"time":2.5,"x":1.2,"y":1.2},{"time":3,"x":1,"y":1}]},"bone6":{"translate":[{"time":0,"x":-50,"y":40},{"time":0.5,"x":-50,"y":55},{"time":1,"x":-50,"y":40},{"time":1.5,"x":-50,"y":55},{"time":2,"x":-50,"y":40},{"time":2.5,"x":-50,"y":55},{"time":3,"x":-50,"y":40}],"scale":[{"time":0,"x":0.8,"y":0.8}]},"bone7":{"translate":[{"time":0,"x":50,"y":40},{"time":0.5,"x":50,"y":55},{"time":1,"x":50,"y":40},{"time":1.5,"x":50,"y":55},{"time":2,"x":50,"y":40},{"time":2.5,"x":50,"y":55},{"time":3,"x":50,"y":40}],"scale":[{"time":0,"x":0.8,"y":0.8}]},"bone8":{"translate":[{"time":0},{"time":1.0667,"y":55}],"scale":[{"time":0,"x":1,"y":1},{"time":1.0667,"x":1.2,"y":1.2}]},"bone9":{"translate":[{"time":0},{"time":1,"x":21.57,"y":76},{"time":1.1667,"x":23.62,"y":83.19},{"time":1.3334,"x":17.46,"y":84.21}],"scale":[{"time":0,"x":1,"y":1},{"time":1,"x":1,"y":1},{"time":1.1667,"x":1.1,"y":1.1}]},"bone10":{"translate":[{"time":0},{"time":0.0667,"x":-180,"y":13.2},{"time":0.1334,"x":-165.15,"y":-3.3},{"time":0.1667,"x":-157.81,"y":-8.5},{"time":0.2,"x":-145.81,"y":-20.49},{"time":0.2667,"x":-93.84,"y":-21.31},{"time":0.3334,"x":-45.16,"y":-21.31},{"time":0.4001,"x":-14.52,"y":-22},{"time":0.4668,"x":-0.5,"y":-23.69}],"rotate":[{"time":0,"angle":0},{"time":0.0667,"angle":0},{"time":0.1334,"angle":27.45},{"time":0.1667,"angle":19.59},{"time":0.2,"angle":52.04},{"time":0.2667,"angle":52.65}],"scale":[{"time":0,"x":1,"y":1},{"time":0.0667,"x":1,"y":1},{"time":0.1334,"x":1,"y":1.5},{"time":0.1667,"x":1,"y":1.5},{"time":0.2,"x":1,"y":2},{"time":0.2667,"x":1.1,"y":3},{"time":0.3334,"x":1.1,"y":3},{"time":0.4001,"x":1,"y":1.8}],"shear":[{"time":0},{"time":0.0667},{"time":0.1334},{"time":0.1667},{"time":0.2},{"time":0.2667}]},"bone11":{"translate":[{"time":0},{"time":0.0667,"x":176.7,"y":13.2},{"time":0.1334,"x":164.33,"y":1.65},{"time":0.1667,"x":164.33,"y":1.65},{"time":0.2,"x":143.78,"y":-18.24},{"time":0.2667,"x":94.04,"y":-20.52},{"time":0.3334,"x":50.91,"y":-20.86},{"time":0.4001,"x":19.46,"y":-20.53},{"time":0.4668,"x":4.11,"y":-22.25}],"rotate":[{"time":0,"angle":0},{"time":0.0667,"angle":0},{"time":0.1334,"angle":-12.99},{"time":0.1667,"angle":3.37},{"time":0.2,"angle":-17.48},{"time":0.2667,"angle":-21.16}],"scale":[{"time":0,"x":1,"y":1},{"time":0.0667,"x":1,"y":1},{"time":0.1334,"x":1,"y":1.5},{"time":0.1667,"x":1,"y":1.5},{"time":0.2,"x":0.94,"y":2},{"time":0.2667,"x":1.1,"y":3},{"time":0.3334,"x":1.1,"y":3},{"time":0.4001,"x":1,"y":1.8}],"shear":[{"time":0},{"time":0.0667},{"time":0.1334},{"time":0.1667},{"time":0.2},{"time":0.2667}]}},"slots":{"1":{"attachment":[{"time":0,"name":"1"},{"time":0.4667,"name":"8"},{"time":0.5,"name":"9"},{"time":0.6,"name":"10"},{"time":0.7,"name":"11"},{"time":0.8,"name":"12"},{"time":0.8667,"name":"13"},{"time":0.9334,"name":"1"}]},"14":{"attachment":[{"time":0,"name":""},{"time":1.0667,"name":"14"}],"color":[{"time":0,"color":"FFFFFFFF"},{"time":1.0667,"color":"FFFFFFA1"},{"time":1.2,"color":"FFFFFF00"}]},"$1":{"color":[{"time":0,"color":"FFFFFFFF"},{"time":3,"color":"FFFFFF00"}]},"$2":{"color":[{"time":0,"color":"FFFFFFFF"},{"time":3,"color":"FFFFFF00"}]},"$3":{"color":[{"time":0,"color":"FFFFFFFF"},{"time":3,"color":"FFFFFF00"}]},"$4":{"attachment":[{"time":0,"name":""},{"time":1.0667,"name":"$1"}],"color":[{"time":0,"color":"FFFFFFFF"},{"time":1.0667,"color":"FFFFFF78"},{"time":1.5,"color":"FFFFFF00"}]},"as":{"attachment":[{"time":0,"name":""},{"time":1,"name":"as"}],"color":[{"time":0,"color":"FFFFFFFF"},{"time":1,"color":"FFFFFFBD"},{"time":1.1667,"color":"FFFFFFFF"},{"time":1.3334,"color":"FFFFFF00"}]},"asp":{"attachment":[{"time":0,"name":""},{"time":0.0667,"name":"asp"}],"color":[{"time":0,"color":"FFFFFFFF"},{"time":0.4,"color":"FFFFFFFF"},{"time":0.4667,"color":"FFFFFF00"}]},"ast":{"attachment":[{"time":0,"name":""},{"time":0.0667,"name":"ast"}],"color":[{"time":0,"color":"FFFFFFFF"},{"time":0.4,"color":"FFFFFFFF"},{"time":0.4667,"color":"FFFFFF00"}]},"rutien2":{"attachment":[{"time":0,"name":""},{"time":0.6667,"name":"rutien"}],"color":[{"time":0,"color":"FFFFFFFF"},{"time":0.6667,"color":"FFFFFFFF"},{"time":1,"color":"FFFFFF00"}]}}}}},"_atlasText":"\nruttien_2.png\nsize: 1024,1024\nformat: RGBA8888\nfilter: Linear,Linear\nrepeat: none\n$3\n  rotate: false\n  xy: 856, 60\n  size: 59, 57\n  orig: 59, 57\n  offset: 0, 0\n  index: -1\n$2\n  rotate: false\n  xy: 955, 58\n  size: 59, 57\n  orig: 59, 57\n  offset: 0, 0\n  index: -1\n$1\n  rotate: false\n  xy: 795, 60\n  size: 59, 57\n  orig: 59, 57\n  offset: 0, 0\n  index: -1\n7\n  rotate: false\n  xy: 398, 197\n  size: 395, 96\n  orig: 395, 96\n  offset: 0, 0\n  index: -1\n3\n  rotate: false\n  xy: 398, 1\n  size: 395, 96\n  orig: 395, 96\n  offset: 0, 0\n  index: -1\n4\n  rotate: false\n  xy: 1, 99\n  size: 395, 96\n  orig: 395, 96\n  offset: 0, 0\n  index: -1\n11\n  rotate: false\n  xy: 398, 393\n  size: 395, 96\n  orig: 395, 96\n  offset: 0, 0\n  index: -1\n12\n  rotate: false\n  xy: 1, 491\n  size: 395, 96\n  orig: 395, 96\n  offset: 0, 0\n  index: -1\n14\n  rotate: false\n  xy: 398, 491\n  size: 395, 96\n  orig: 395, 96\n  offset: 0, 0\n  index: -1\n2\n  rotate: false\n  xy: 1, 393\n  size: 395, 96\n  orig: 395, 96\n  offset: 0, 0\n  index: -1\n6\n  rotate: false\n  xy: 1, 197\n  size: 395, 96\n  orig: 395, 96\n  offset: 0, 0\n  index: -1\n9\n  rotate: false\n  xy: 398, 295\n  size: 395, 96\n  orig: 395, 96\n  offset: 0, 0\n  index: -1\n1\n  rotate: false\n  xy: 1, 1\n  size: 395, 96\n  orig: 395, 96\n  offset: 0, 0\n  index: -1\n13\n  rotate: false\n  xy: 398, 589\n  size: 395, 96\n  orig: 395, 96\n  offset: 0, 0\n  index: -1\n10\n  rotate: false\n  xy: 1, 589\n  size: 395, 96\n  orig: 395, 96\n  offset: 0, 0\n  index: -1\n5\n  rotate: false\n  xy: 398, 99\n  size: 395, 96\n  orig: 395, 96\n  offset: 0, 0\n  index: -1\n8\n  rotate: false\n  xy: 1, 295\n  size: 395, 96\n  orig: 395, 96\n  offset: 0, 0\n  index: -1\nrutien\n  rotate: false\n  xy: 795, 1\n  size: 158, 57\n  orig: 158, 57\n  offset: 0, 0\n  index: -1\nas\n  rotate: false\n  xy: 955, 1\n  size: 63, 55\n  orig: 63, 55\n  offset: 0, 0\n  index: -1\nast\n  rotate: false\n  xy: 917, 60\n  size: 30, 26\n  orig: 30, 26\n  offset: 0, 0\n  index: -1\nasp\n  rotate: false\n  xy: 917, 88\n  size: 30, 26\n  orig: 30, 26\n  offset: 0, 0\n  index: -1\n","textures":[{"__uuid__":"f0R/mqUZdG2ai2J10Fkf0D"}],"textureNames":["ruttien_2.png"]}