{"__type__":"dragonBones.DragonBonesAsset","_name":"hongshanyu_ske","_dragonBonesJson":"{\"frameRate\":24,\"name\":\"hongshanyu\",\"version\":\"5.5\",\"compatibleVersion\":\"5.5\",\"armature\":[{\"type\":\"Sheet\",\"frameRate\":24,\"name\":\"hongshanyu\",\"aabb\":{\"x\":-494,\"y\":-412.5,\"width\":1020,\"height\":765},\"bone\":[{\"name\":\"root\"}],\"slot\":[{\"displayIndex\":3,\"name\":\"sheetSlot\",\"parent\":\"root\"}],\"skin\":[{\"slot\":[{\"name\":\"sheetSlot\",\"display\":[{\"name\":\"kyby_hsy_1\",\"transform\":{\"x\":16,\"y\":-30}},{\"name\":\"kyby_hsy_2\",\"transform\":{\"x\":16,\"y\":-30}},{\"name\":\"kyby_hsy_3\",\"transform\":{\"x\":16,\"y\":-30}},{\"name\":\"kyby_hsy_4\",\"transform\":{\"x\":16,\"y\":-30}},{\"name\":\"kyby_hsy_5\",\"transform\":{\"x\":16,\"y\":-30}},{\"name\":\"kyby_hsy_6\",\"transform\":{\"x\":16,\"y\":-30}},{\"name\":\"kyby_hsy_7\",\"transform\":{\"x\":16,\"y\":-30}},{\"name\":\"kyby_hsy_8\",\"transform\":{\"x\":16,\"y\":-30}}]}]}],\"animation\":[{\"duration\":8,\"playTimes\":0,\"name\":\"hongshanyu\",\"slot\":[{\"name\":\"sheetSlot\",\"displayFrame\":[{},{\"value\":1},{\"value\":2},{\"value\":3},{\"value\":4},{\"value\":5},{\"value\":6},{\"value\":7}]}]}],\"defaultActions\":[{\"gotoAndPlay\":\"hongshanyu\"}]}]}"}