{"__type__":"dragonBones.DragonBonesAsset","_name":"hudieyu_ske","_dragonBonesJson":"{\"frameRate\":24,\"name\":\"hudieyu\",\"version\":\"5.5\",\"compatibleVersion\":\"5.5\",\"armature\":[{\"type\":\"Sheet\",\"frameRate\":24,\"name\":\"hudieyu\",\"aabb\":{\"x\":-100,\"y\":-100,\"width\":200,\"height\":200},\"bone\":[{\"name\":\"root\"}],\"slot\":[{\"displayIndex\":9,\"name\":\"sheetSlot\",\"parent\":\"root\"}],\"skin\":[{\"slot\":[{\"name\":\"sheetSlot\",\"display\":[{\"name\":\"kyby_hdy_01\"},{\"name\":\"kyby_hdy_02\"},{\"name\":\"kyby_hdy_03\"},{\"name\":\"kyby_hdy_04\"},{\"name\":\"kyby_hdy_05\"},{\"name\":\"kyby_hdy_06\"},{\"name\":\"kyby_hdy_07\"},{\"name\":\"kyby_hdy_08\"},{\"name\":\"kyby_hdy_09\"},{\"name\":\"kyby_hdy_10\"}]}]}],\"animation\":[{\"duration\":10,\"playTimes\":0,\"name\":\"hudieyu\",\"slot\":[{\"name\":\"sheetSlot\",\"displayFrame\":[{},{\"value\":1},{\"value\":2},{\"value\":3},{\"value\":4},{\"value\":5},{\"value\":6},{\"value\":7},{\"value\":8},{\"value\":9}]}]}],\"defaultActions\":[{\"gotoAndPlay\":\"hudieyu\"}]}]}"}