{"__type__":"dragonBones.DragonBonesAtlasAsset","_name":"baolongwang_shadow_tex","_atlasJson":"{\"width\":2048,\"imagePath\":\"baolongwang_shadow_tex.png\",\"height\":2048,\"name\":\"baolongwang_shadow\",\"SubTexture\":[{\"y\":387,\"frameX\":-274,\"frameHeight\":765,\"frameY\":-322,\"width\":569,\"frameWidth\":1020,\"height\":147,\"name\":\"00015\",\"x\":572},{\"y\":660,\"frameX\":-275,\"frameHeight\":765,\"frameY\":-286,\"width\":584,\"frameWidth\":1020,\"height\":209,\"name\":\"00012\",\"x\":1},{\"y\":1,\"frameX\":-276,\"frameHeight\":765,\"frameY\":-268,\"width\":578,\"frameWidth\":1020,\"height\":216,\"name\":\"00010\",\"x\":585},{\"y\":443,\"frameX\":-274,\"frameHeight\":765,\"frameY\":-269,\"width\":569,\"frameWidth\":1020,\"height\":215,\"name\":\"00007\",\"x\":1},{\"y\":1293,\"frameX\":-274,\"frameHeight\":765,\"frameY\":-305,\"width\":584,\"frameWidth\":1020,\"height\":193,\"name\":\"00004\",\"x\":1},{\"y\":220,\"frameX\":-275,\"frameHeight\":765,\"frameY\":-263,\"width\":569,\"frameWidth\":1020,\"height\":221,\"name\":\"00008\",\"x\":1},{\"y\":1085,\"frameX\":-273,\"frameHeight\":765,\"frameY\":-291,\"width\":582,\"frameWidth\":1020,\"height\":206,\"name\":\"00005\",\"x\":1},{\"y\":1863,\"frameX\":-276,\"frameHeight\":765,\"frameY\":-326,\"width\":578,\"frameWidth\":1020,\"height\":171,\"name\":\"00002\",\"x\":1},{\"y\":1,\"frameX\":-276,\"frameHeight\":765,\"frameY\":-276,\"width\":582,\"frameWidth\":1020,\"height\":217,\"name\":\"00011\",\"x\":1},{\"y\":220,\"frameX\":-276,\"frameHeight\":765,\"frameY\":-331,\"width\":572,\"frameWidth\":1020,\"height\":157,\"name\":\"00001\",\"x\":1162},{\"y\":1,\"frameX\":-276,\"frameHeight\":765,\"frameY\":-263,\"width\":572,\"frameWidth\":1020,\"height\":217,\"name\":\"00009\",\"x\":1165},{\"y\":871,\"frameX\":-273,\"frameHeight\":765,\"frameY\":-278,\"width\":575,\"frameWidth\":1020,\"height\":212,\"name\":\"00006\",\"x\":1},{\"y\":219,\"frameX\":-273,\"frameHeight\":765,\"frameY\":-311,\"width\":575,\"frameWidth\":1020,\"height\":166,\"name\":\"00014\",\"x\":585},{\"y\":1679,\"frameX\":-275,\"frameHeight\":765,\"frameY\":-317,\"width\":583,\"frameWidth\":1020,\"height\":182,\"name\":\"00003\",\"x\":1},{\"y\":536,\"frameX\":-275,\"frameHeight\":765,\"frameY\":-330,\"width\":569,\"frameWidth\":1020,\"height\":146,\"name\":\"00000\",\"x\":587},{\"y\":1488,\"frameX\":-274,\"frameHeight\":765,\"frameY\":-298,\"width\":581,\"frameWidth\":1020,\"height\":189,\"name\":\"00013\",\"x\":1}]}","_texture":{"__uuid__":"01gY3qQMdItJP+XyC/N6Zt"},"texture":{"__uuid__":"01gY3qQMdItJP+XyC/N6Zt"}}