{"__type__":"dragonBones.DragonBonesAsset","_name":"kyby_yinbi_ske","_dragonBonesJson":"{\"frameRate\":24,\"name\":\"kyby_yinbi\",\"version\":\"5.5\",\"compatibleVersion\":\"5.5\",\"armature\":[{\"type\":\"Armature\",\"frameRate\":24,\"name\":\"kyby_yinbi\",\"bone\":[{\"name\":\"root\",\"transform\":{\"scX\":0.8,\"scY\":0.8}},{\"name\":\"bone\",\"parent\":\"root\"}],\"slot\":[{\"displayIndex\":-1,\"name\":\"bone\",\"parent\":\"bone\"}],\"skin\":[{\"slot\":[{\"name\":\"bone\",\"display\":[{\"name\":\"kyby_common_gold_5\",\"path\":\"kyby_common_ag_5\"},{\"name\":\"kyby_common_gold_4\",\"path\":\"kyby_common_ag_4\"},{\"name\":\"kyby_common_gold_3\",\"path\":\"kyby_common_ag_3\"},{\"name\":\"kyby_common_gold_2\",\"path\":\"kyby_common_ag_2\"},{\"name\":\"kyby_common_gold_1\",\"path\":\"kyby_common_ag_5\"}]}]}],\"animation\":[{\"duration\":18,\"name\":\"drop\",\"bone\":[{\"name\":\"bone\",\"translateFrame\":[{\"duration\":4,\"curve\":[0,0,0.5,1]},{\"duration\":4,\"curve\":[0.5,0,1,1],\"x\":1,\"y\":-150},{\"duration\":3,\"curve\":[0,0,0.5,1],\"y\":19.32},{\"duration\":2,\"curve\":[0.5,0,1,1],\"y\":-100},{\"duration\":3,\"curve\":[0,0,0.5,1]},{\"duration\":2,\"curve\":[0.5,0,1,1],\"y\":-55},{\"duration\":0}]}],\"slot\":[{\"name\":\"bone\",\"displayFrame\":[{\"duration\":2,\"value\":4},{\"duration\":2,\"value\":3},{\"duration\":2,\"value\":2},{\"duration\":2,\"value\":1},{\"duration\":2},{\"duration\":2,\"value\":3},{\"value\":2},{\"duration\":3,\"value\":1},{\"duration\":2},{\"duration\":0,\"value\":4}]}]},{\"duration\":16,\"playTimes\":0,\"name\":\"rotation\",\"slot\":[{\"name\":\"bone\",\"displayFrame\":[{\"duration\":2,\"value\":3},{\"duration\":2,\"value\":2},{\"duration\":2,\"value\":1},{\"duration\":2},{\"duration\":2,\"value\":3},{\"duration\":2,\"value\":2},{\"duration\":2,\"value\":1},{\"duration\":2},{\"duration\":0,\"value\":4}]}]}],\"defaultActions\":[{\"gotoAndPlay\":\"drop\"}]}]}"}