[{"__type__":"cc.SpriteFrame","content":{"name":"plate-xoc-1","texture":"a44XIGkZNPpp8aIizzbkFl","rect":[271,0,217,176],"offset":[0,0],"originalSize":[217,176],"capInsets":[0,0,0,0]}},{"__type__":"cc.SpriteFrame","content":{"name":"plate-xoc-3","texture":"a44XIGkZNPpp8aIizzbkFl","rect":[705,0,217,176],"offset":[0,0],"originalSize":[217,176],"capInsets":[0,0,0,0]}},{"__type__":"cc.SpriteFrame","content":{"name":"plate-dia","texture":"a44XIGkZNPpp8aIizzbkFl","rect":[118,0,153,153],"offset":[0,0],"originalSize":[153,153],"capInsets":[0,0,0,0]}},{"__type__":"cc.SpriteAtlas","_name":"plate.plist","_spriteFrames":{"plate-bat":{"__uuid__":"f4TjSMrCRPe5jZNrV/LZ8N"},"plate-dia":{"__uuid__":"53ckCJathPBKyx7PXPJtDW"},"plate-xoc-1":{"__uuid__":"3fUDvA6PZAGbn9EFoOlD7W"},"plate-xoc-2":{"__uuid__":"9cwqXQjLRA9qXdB9hAE/Lq"},"plate-xoc-3":{"__uuid__":"49gLZaKddAK6Hzwgek9Pcx"}}},{"__type__":"cc.SpriteFrame","content":{"name":"plate-xoc-2","texture":"a44XIGkZNPpp8aIizzbkFl","rect":[488,0,217,176],"offset":[0,0],"originalSize":[217,176],"capInsets":[0,0,0,0]}},{"__type__":"cc.SpriteFrame","content":{"name":"plate-bat","texture":"a44XIGkZNPpp8aIizzbkFl","rect":[0,0,118,118],"offset":[0,0],"originalSize":[118,118],"capInsets":[0,0,0,0]}}]