[{"__type__":"cc.SpriteFrame","content":{"name":"singleColor","texture":"a8Anh32NZGRZegUtSgEj26","rect":[0,0,2,2],"offset":[0,0],"originalSize":[2,2],"capInsets":[0,0,0,0]}},[{"__type__":"cc.Prefab","_name":"eventTXitem","data":{"__id__":1}},{"__type__":"cc.Node","_name":"eventTXitem","_children":[{"__id__":2},{"__id__":3},{"__id__":5},{"__id__":7},{"__id__":9},{"__id__":11}],"_components":[{"__type__":"776e2WuPddPI5Z1l8EHRach","node":{"__id__":1},"bg":{"__id__":2},"top":{"__id__":4},"users":{"__id__":6},"day":{"__id__":8},"date":{"__id__":10},"gift":{"__id__":12}}],"_prefab":{"__type__":"cc.PrefabInfo","root":{"__id__":1},"asset":{"__uuid__":"cdfGX2/lxN9pG5JGy2nUIz"},"fileId":"86X7nAoi1OcYI3JKoQpdS2"},"_contentSize":{"__type__":"cc.Size","width":780,"height":43},"_trs":{"__type__":"TypedArray","ctor":"Float64Array","array":[-55,-21.5,0,0,0,0,1,1,1,1]}},{"__type__":"cc.Node","_name":"singleColor","_parent":{"__id__":1},"_components":[{"__type__":"cc.Sprite","node":{"__id__":2},"_materials":[{"__uuid__":"ecpdLyjvZBwrvm+cedCcQy"}],"_spriteFrame":{"__uuid__":"41D7kWhyFGY7q4NDlzkazn"},"_sizeMode":0}],"_prefab":{"__type__":"cc.PrefabInfo","root":{"__id__":1},"asset":{"__uuid__":"cdfGX2/lxN9pG5JGy2nUIz"},"fileId":"bepKzc0fpBtJRva7PanqVG"},"_opacity":29,"_color":{"__type__":"cc.Color","r":197,"g":197,"b":197},"_contentSize":{"__type__":"cc.Size","width":779,"height":43},"_trs":{"__type__":"TypedArray","ctor":"Float64Array","array":[0,0,0,0,0,0,1,1,1,1]}},{"__type__":"cc.Node","_name":"STT","_parent":{"__id__":1},"_components":[{"__id__":4}],"_prefab":{"__type__":"cc.PrefabInfo","root":{"__id__":1},"asset":{"__uuid__":"cdfGX2/lxN9pG5JGy2nUIz"},"fileId":"ae2R6lvqFKz5x1QtDttzaZ"},"_contentSize":{"__type__":"cc.Size","height":22.86},"_trs":{"__type__":"TypedArray","ctor":"Float64Array","array":[-300,0,0,0,0,0,1,1,1,1]}},{"__type__":"cc.Label","node":{"__id__":3},"_materials":[{"__uuid__":"ecpdLyjvZBwrvm+cedCcQy"}],"_useOriginalSize":false,"_fontSize":20,"_N$file":{"__uuid__":"ca/STOHexDCpBHB3XPtG62"},"_isSystemFontUsed":false,"_N$horizontalAlign":1},{"__type__":"cc.Node","_name":"name","_parent":{"__id__":1},"_components":[{"__id__":6}],"_prefab":{"__type__":"cc.PrefabInfo","root":{"__id__":1},"asset":{"__uuid__":"cdfGX2/lxN9pG5JGy2nUIz"},"fileId":"9faIyAMnBDOrkh2wqe39GJ"},"_color":{"__type__":"cc.Color","r":255,"g":235},"_contentSize":{"__type__":"cc.Size","height":22.86},"_trs":{"__type__":"TypedArray","ctor":"Float64Array","array":[-144.25,0,0,0,0,0,1,1,1,1]}},{"__type__":"cc.Label","node":{"__id__":5},"_materials":[{"__uuid__":"ecpdLyjvZBwrvm+cedCcQy"}],"_useOriginalSize":false,"_fontSize":20,"_N$file":{"__uuid__":"ca/STOHexDCpBHB3XPtG62"},"_isSystemFontUsed":false,"_N$horizontalAlign":1},{"__type__":"cc.Node","_name":"Diem","_parent":{"__id__":1},"_components":[{"__id__":8}],"_prefab":{"__type__":"cc.PrefabInfo","root":{"__id__":1},"asset":{"__uuid__":"cdfGX2/lxN9pG5JGy2nUIz"},"fileId":"62RNtzIwhAioIVaeN0gwGG"},"_color":{"__type__":"cc.Color","g":163,"b":255},"_contentSize":{"__type__":"cc.Size","height":22.86},"_trs":{"__type__":"TypedArray","ctor":"Float64Array","array":[20.75,0,0,0,0,0,1,1,1,1]}},{"__type__":"cc.Label","node":{"__id__":7},"_materials":[{"__uuid__":"ecpdLyjvZBwrvm+cedCcQy"}],"_useOriginalSize":false,"_fontSize":20,"_N$file":{"__uuid__":"ca/STOHexDCpBHB3XPtG62"},"_isSystemFontUsed":false,"_N$horizontalAlign":1},{"__type__":"cc.Node","_name":"date","_parent":{"__id__":1},"_components":[{"__id__":10}],"_prefab":{"__type__":"cc.PrefabInfo","root":{"__id__":1},"asset":{"__uuid__":"cdfGX2/lxN9pG5JGy2nUIz"},"fileId":"36FwbBpLxNC7SUcfO+mXIO"},"_contentSize":{"__type__":"cc.Size","height":22.86},"_trs":{"__type__":"TypedArray","ctor":"Float64Array","array":[148.25,0,0,0,0,0,1,1,1,1]}},{"__type__":"cc.Label","node":{"__id__":9},"_materials":[{"__uuid__":"ecpdLyjvZBwrvm+cedCcQy"}],"_useOriginalSize":false,"_fontSize":20,"_N$file":{"__uuid__":"ca/STOHexDCpBHB3XPtG62"},"_isSystemFontUsed":false,"_N$horizontalAlign":1},{"__type__":"cc.Node","_name":"Gift","_parent":{"__id__":1},"_components":[{"__id__":12}],"_prefab":{"__type__":"cc.PrefabInfo","root":{"__id__":1},"asset":{"__uuid__":"cdfGX2/lxN9pG5JGy2nUIz"},"fileId":"72uYnLvopFOJm5/K+cYJs6"},"_color":{"__type__":"cc.Color","r":52,"g":255},"_contentSize":{"__type__":"cc.Size","height":22.86},"_trs":{"__type__":"TypedArray","ctor":"Float64Array","array":[316,0,0,0,0,0,1,1,1,1]}},{"__type__":"cc.Label","node":{"__id__":11},"_materials":[{"__uuid__":"ecpdLyjvZBwrvm+cedCcQy"}],"_useOriginalSize":false,"_fontSize":20,"_N$file":{"__uuid__":"ca/STOHexDCpBHB3XPtG62"},"_isSystemFontUsed":false,"_N$horizontalAlign":1}]]