[{"__type__":"cc.SpriteFrame","content":{"name":"singleColor","texture":"a8Anh32NZGRZegUtSgEj26","rect":[0,0,2,2],"offset":[0,0],"originalSize":[2,2],"capInsets":[0,0,0,0]}},[{"__type__":"cc.Prefab","_name":"title_mess","data":{"__id__":1}},{"__type__":"cc.Node","_name":"title_mess","_children":[{"__id__":2},{"__id__":3},{"__id__":4},{"__id__":6}],"_components":[{"__type__":"08764g9eU1CrrI+WH3GeclU","node":{"__id__":1},"dot":{"__id__":2},"bg":{"__id__":3},"title":{"__id__":5},"time":{"__id__":7}},{"__type__":"cc.Button","node":{"__id__":1},"clickEvents":[{"__type__":"cc.ClickEvent","target":{"__id__":1},"_componentId":"08764g9eU1CrrI+WH3GeclU","handler":"onClick"}],"_N$normalColor":{"__type__":"cc.Color","r":214,"g":214,"b":214}}],"_prefab":{"__type__":"cc.PrefabInfo","root":{"__id__":1},"asset":{"__uuid__":"d8Z2QtdLJCHq8u1ERxKUpl"},"fileId":"98u0lPqbJDB5ehFdPnjqcE"},"_contentSize":{"__type__":"cc.Size","width":280,"height":52},"_trs":{"__type__":"TypedArray","ctor":"Float64Array","array":[86,-26,0,0,0,0,1,1,1,1]}},{"__type__":"cc.Node","_name":"dot","_parent":{"__id__":1},"_active":false,"_components":[{"__type__":"cc.Sprite","node":{"__id__":2},"_materials":[{"__uuid__":"ecpdLyjvZBwrvm+cedCcQy"}],"_spriteFrame":{"__uuid__":"41D7kWhyFGY7q4NDlzkazn"},"_sizeMode":0}],"_prefab":{"__type__":"cc.PrefabInfo","root":{"__id__":1},"asset":{"__uuid__":"d8Z2QtdLJCHq8u1ERxKUpl"},"fileId":"ccVY0BnTROab6jCatgGHgf"},"_color":{"__type__":"cc.Color","r":255},"_contentSize":{"__type__":"cc.Size","width":50,"height":3},"_trs":{"__type__":"TypedArray","ctor":"Float64Array","array":[-130.9,0,0,0,0,0.7071067811865475,0.7071067811865476,1,1,1]},"_eulerAngles":{"__type__":"cc.Vec3","z":90}},{"__type__":"cc.Node","_name":"singleColor","_parent":{"__id__":1},"_active":false,"_components":[{"__type__":"cc.Sprite","node":{"__id__":3},"_materials":[{"__uuid__":"ecpdLyjvZBwrvm+cedCcQy"}],"_spriteFrame":{"__uuid__":"41D7kWhyFGY7q4NDlzkazn"},"_sizeMode":0}],"_prefab":{"__type__":"cc.PrefabInfo","root":{"__id__":1},"asset":{"__uuid__":"d8Z2QtdLJCHq8u1ERxKUpl"},"fileId":"7aVevBZzJO6K+t/acrgo2Z"},"_opacity":29,"_color":{"__type__":"cc.Color","r":146,"g":142,"b":142},"_contentSize":{"__type__":"cc.Size","width":277,"height":60},"_trs":{"__type__":"TypedArray","ctor":"Float64Array","array":[0,0,0,0,0,0,1,1,1,1]}},{"__type__":"cc.Node","_name":"title","_parent":{"__id__":1},"_components":[{"__id__":5}],"_prefab":{"__type__":"cc.PrefabInfo","root":{"__id__":1},"asset":{"__uuid__":"d8Z2QtdLJCHq8u1ERxKUpl"},"fileId":"76p7+nl0BB+ru13mvzpeRr"},"_color":{"__type__":"cc.Color","r":245,"g":255},"_contentSize":{"__type__":"cc.Size","height":25.14},"_anchorPoint":{"__type__":"cc.Vec2","y":0.5},"_trs":{"__type__":"TypedArray","ctor":"Float64Array","array":[-118,11,0,0,0,0,1,1,1,1]}},{"__type__":"cc.Label","node":{"__id__":4},"_materials":[{"__uuid__":"ecpdLyjvZBwrvm+cedCcQy"}],"_useOriginalSize":false,"_fontSize":22,"_N$file":{"__uuid__":"ca/STOHexDCpBHB3XPtG62"},"_isSystemFontUsed":false,"_N$horizontalAlign":1},{"__type__":"cc.Node","_name":"time","_parent":{"__id__":1},"_components":[{"__id__":7}],"_prefab":{"__type__":"cc.PrefabInfo","root":{"__id__":1},"asset":{"__uuid__":"d8Z2QtdLJCHq8u1ERxKUpl"},"fileId":"c3e0r+9TlB76oTfqLsEh5H"},"_contentSize":{"__type__":"cc.Size","height":18.29},"_anchorPoint":{"__type__":"cc.Vec2","y":0.5},"_trs":{"__type__":"TypedArray","ctor":"Float64Array","array":[-85.6,-11.6,0,0,0,0,1,1,1,1]}},{"__type__":"cc.Label","node":{"__id__":6},"_materials":[{"__uuid__":"ecpdLyjvZBwrvm+cedCcQy"}],"_useOriginalSize":false,"_fontSize":16,"_N$file":{"__uuid__":"4bNt5T5HxAWKqOsHudXWmH"},"_isSystemFontUsed":false,"_N$horizontalAlign":1}]]