[{"__type__":"cc.SpriteFrame","content":{"name":"dia","texture":"57RaNnmGNGyrYzgJhZ7STZ","rect":[644,1,266,266],"offset":[0,0],"originalSize":[266,266],"capInsets":[0,0,0,0]}},{"__type__":"cc.SpriteFrame","content":{"name":"nenDia","texture":"57RaNnmGNGyrYzgJhZ7STZ","rect":[644,269,263,263],"offset":[0,0],"originalSize":[263,263],"capInsets":[0,0,0,0]}},{"__type__":"cc.SpriteFrame","content":{"name":"tx_bg_logMain","texture":"57RaNnmGNGyrYzgJhZ7STZ","rect":[1,432,611,49],"offset":[0,0],"originalSize":[611,49],"capInsets":[0,0,0,0]}},{"__type__":"cc.SpriteFrame","content":{"name":"icon_tai","texture":"57RaNnmGNGyrYzgJhZ7STZ","rect":[80,780,122,72],"offset":[0,0],"originalSize":[122,72],"capInsets":[0,0,0,0]}},{"__type__":"cc.SpriteFrame","content":{"name":"tx_bgChat","texture":"57RaNnmGNGyrYzgJhZ7STZ","rect":[1,1,429,641],"offset":[0,0],"originalSize":[429,641],"rotated":1,"capInsets":[0,0,0,0]}},{"__type__":"cc.SpriteFrame","content":{"name":"tx_bg_board","texture":"57RaNnmGNGyrYzgJhZ7STZ","rect":[1,483,582,295],"offset":[0,0],"originalSize":[582,295],"capInsets":[0,0,0,0]}},{"__type__":"cc.SpriteFrame","content":{"name":"tx_bgphien","texture":"57RaNnmGNGyrYzgJhZ7STZ","rect":[80,865,231,39],"offset":[0,0],"originalSize":[231,39],"capInsets":[0,0,0,0]}},{"__type__":"cc.SpriteFrame","content":{"name":"tx_bgInput2","texture":"57RaNnmGNGyrYzgJhZ7STZ","rect":[204,780,229,70],"offset":[0,0],"originalSize":[229,70],"capInsets":[0,0,0,0]}},{"__type__":"cc.SpriteFrame","content":{"name":"tx_bg_input","texture":"57RaNnmGNGyrYzgJhZ7STZ","rect":[313,865,111,37],"offset":[0,0],"originalSize":[111,37],"capInsets":[0,0,0,0]}},{"__type__":"cc.SpriteFrame","content":{"name":"icon_xiu","texture":"57RaNnmGNGyrYzgJhZ7STZ","rect":[1,780,127,77],"offset":[0,0],"originalSize":[127,77],"rotated":1,"capInsets":[0,0,0,0]}},{"__type__":"cc.SpriteFrame","content":{"name":"tx_ef_c","texture":"57RaNnmGNGyrYzgJhZ7STZ","rect":[585,534,324,329],"offset":[0,0],"originalSize":[324,329],"capInsets":[0,0,0,0]}},{"__type__":"cc.SpriteAtlas","_name":"TaiXiu_v2.plist","_spriteFrames":{"dia":{"__uuid__":"05lK42dW9LS7KkvHA5R0RJ"},"icon_tai":{"__uuid__":"4bOVuI7SVBaZt4wdR4wBDX"},"icon_xiu":{"__uuid__":"96lW84Uu5IILgcFLIfdxKN"},"nenDia":{"__uuid__":"12t32pPZRMIKx/BYOLWxas"},"tx_bgChat":{"__uuid__":"4e3XYgN8JCtLWaYW/hBK3G"},"tx_bgInput2":{"__uuid__":"83Kl5dtQhPYYGzq5c8JA6z"},"tx_bg_board":{"__uuid__":"5b4j+S7atKfbrdY3bv+zij"},"tx_bg_input":{"__uuid__":"940caLx1ZD/pOIo8HNFEO8"},"tx_bg_logMain":{"__uuid__":"1fEj6ygXFCloyQpRCLgyoG"},"tx_bgphien":{"__uuid__":"6bglPEIsJJWLgnKQONKuch"},"tx_ef_c":{"__uuid__":"a7V3lcLj1EBb5xGd8f5sq+"}}}]