[{"__type__":"cc.SpriteFrame","content":{"name":"font_title","texture":"90DJj1eCxNzY/m9a2aw91G","rect":[0,0,398,1023],"offset":[-57,0.5],"originalSize":[512,1024],"capInsets":[0,0,0,0]}},{"__type__":"cc.BitmapFont","_name":"font_title","spriteFrame":{"__uuid__":"97fqsjsF1FC5PTHnVbrSFB"},"fontSize":32,"_fntConfig":{"commonHeight":60,"fontSize":32,"atlasName":"font_title.png","fontDefDictionary":{"9":{"rect":{"x":0,"y":0,"width":0,"height":0},"xOffset":0,"yOffset":0,"xAdvance":80},"32":{"rect":{"x":0,"y":0,"width":0,"height":0},"xOffset":0,"yOffset":0,"xAdvance":10},"33":{"rect":{"x":375,"y":312,"width":19,"height":42},"xOffset":0,"yOffset":18,"xAdvance":10},"34":{"rect":{"x":345,"y":609,"width":28,"height":24},"xOffset":0,"yOffset":18,"xAdvance":19},"35":{"rect":{"x":243,"y":218,"width":35,"height":38},"xOffset":0,"yOffset":20,"xAdvance":26},"36":{"rect":{"x":314,"y":920,"width":31,"height":48},"xOffset":0,"yOffset":15,"xAdvance":22},"37":{"rect":{"x":0,"y":974,"width":44,"height":44},"xOffset":0,"yOffset":17,"xAdvance":35},"38":{"rect":{"x":89,"y":476,"width":39,"height":44},"xOffset":0,"yOffset":17,"xAdvance":30},"39":{"rect":{"x":348,"y":688,"width":20,"height":26},"xOffset":0,"yOffset":18,"xAdvance":11},"40":{"rect":{"x":346,"y":920,"width":27,"height":52},"xOffset":0,"yOffset":18,"xAdvance":18},"41":{"rect":{"x":346,"y":97,"width":28,"height":52},"xOffset":0,"yOffset":18,"xAdvance":19},"42":{"rect":{"x":206,"y":826,"width":29,"height":29},"xOffset":0,"yOffset":18,"xAdvance":20},"43":{"rect":{"x":280,"y":43,"width":33,"height":33},"xOffset":0,"yOffset":27,"xAdvance":24},"44":{"rect":{"x":374,"y":994,"width":20,"height":26},"xOffset":0,"yOffset":41,"xAdvance":11},"45":{"rect":{"x":48,"y":60,"width":24,"height":19},"xOffset":0,"yOffset":33,"xAdvance":15},"46":{"rect":{"x":244,"y":364,"width":20,"height":19},"xOffset":0,"yOffset":41,"xAdvance":11},"47":{"rect":{"x":315,"y":580,"width":29,"height":46},"xOffset":0,"yOffset":18,"xAdvance":20},"48":{"rect":{"x":279,"y":129,"width":35,"height":44},"xOffset":0,"yOffset":17,"xAdvance":26},"49":{"rect":{"x":347,"y":827,"width":25,"height":42},"xOffset":0,"yOffset":18,"xAdvance":16},"50":{"rect":{"x":279,"y":957,"width":34,"height":43},"xOffset":0,"yOffset":17,"xAdvance":25},"51":{"rect":{"x":280,"y":286,"width":34,"height":44},"xOffset":0,"yOffset":17,"xAdvance":25},"52":{"rect":{"x":206,"y":87,"width":36,"height":42},"xOffset":0,"yOffset":18,"xAdvance":27},"53":{"rect":{"x":279,"y":85,"width":35,"height":43},"xOffset":0,"yOffset":18,"xAdvance":26},"54":{"rect":{"x":206,"y":686,"width":36,"height":43},"xOffset":0,"yOffset":18,"xAdvance":27},"55":{"rect":{"x":314,"y":877,"width":32,"height":42},"xOffset":0,"yOffset":18,"xAdvance":23},"56":{"rect":{"x":280,"y":417,"width":34,"height":44},"xOffset":0,"yOffset":17,"xAdvance":25},"57":{"rect":{"x":206,"y":547,"width":36,"height":43},"xOffset":0,"yOffset":17,"xAdvance":27},"58":{"rect":{"x":374,"y":229,"width":20,"height":35},"xOffset":0,"yOffset":25,"xAdvance":11},"59":{"rect":{"x":375,"y":170,"width":19,"height":42},"xOffset":0,"yOffset":25,"xAdvance":10},"60":{"rect":{"x":280,"y":604,"width":34,"height":35},"xOffset":0,"yOffset":26,"xAdvance":25},"61":{"rect":{"x":169,"y":394,"width":33,"height":29},"xOffset":0,"yOffset":29,"xAdvance":24},"62":{"rect":{"x":314,"y":229,"width":33,"height":35},"xOffset":0,"yOffset":26,"xAdvance":24},"63":{"rect":{"x":314,"y":772,"width":32,"height":43},"xOffset":0,"yOffset":17,"xAdvance":23},"64":{"rect":{"x":45,"y":484,"width":43,"height":44},"xOffset":0,"yOffset":17,"xAdvance":34},"65":{"rect":{"x":88,"y":578,"width":41,"height":42},"xOffset":0,"yOffset":18,"xAdvance":32},"66":{"rect":{"x":280,"y":331,"width":34,"height":42},"xOffset":0,"yOffset":18,"xAdvance":25},"67":{"rect":{"x":45,"y":275,"width":43,"height":44},"xOffset":0,"yOffset":17,"xAdvance":34},"68":{"rect":{"x":129,"y":424,"width":38,"height":42},"xOffset":0,"yOffset":18,"xAdvance":29},"69":{"rect":{"x":345,"y":523,"width":29,"height":42},"xOffset":0,"yOffset":18,"xAdvance":20},"70":{"rect":{"x":315,"y":425,"width":29,"height":42},"xOffset":0,"yOffset":18,"xAdvance":20},"71":{"rect":{"x":0,"y":161,"width":44,"height":44},"xOffset":0,"yOffset":17,"xAdvance":35},"72":{"rect":{"x":170,"y":0,"width":37,"height":42},"xOffset":0,"yOffset":18,"xAdvance":28},"73":{"rect":{"x":348,"y":0,"width":21,"height":42},"xOffset":0,"yOffset":18,"xAdvance":12},"74":{"rect":{"x":314,"y":685,"width":33,"height":43},"xOffset":0,"yOffset":18,"xAdvance":24},"75":{"rect":{"x":206,"y":730,"width":36,"height":42},"xOffset":0,"yOffset":18,"xAdvance":27},"76":{"rect":{"x":345,"y":427,"width":29,"height":42},"xOffset":0,"yOffset":18,"xAdvance":20},"77":{"rect":{"x":0,"y":832,"width":44,"height":42},"xOffset":0,"yOffset":18,"xAdvance":35},"78":{"rect":{"x":129,"y":115,"width":38,"height":42},"xOffset":0,"yOffset":18,"xAdvance":29},"79":{"rect":{"x":0,"y":875,"width":44,"height":44},"xOffset":0,"yOffset":17,"xAdvance":35},"80":{"rect":{"x":243,"y":85,"width":35,"height":42},"xOffset":0,"yOffset":18,"xAdvance":26},"81":{"rect":{"x":0,"y":80,"width":45,"height":44},"xOffset":0,"yOffset":17,"xAdvance":36},"82":{"rect":{"x":280,"y":374,"width":34,"height":42},"xOffset":0,"yOffset":18,"xAdvance":25},"83":{"rect":{"x":314,"y":640,"width":33,"height":44},"xOffset":0,"yOffset":17,"xAdvance":24},"84":{"rect":{"x":314,"y":969,"width":31,"height":42},"xOffset":0,"yOffset":18,"xAdvance":22},"85":{"rect":{"x":206,"y":591,"width":36,"height":43},"xOffset":0,"yOffset":18,"xAdvance":27},"86":{"rect":{"x":89,"y":375,"width":39,"height":42},"xOffset":0,"yOffset":18,"xAdvance":30},"87":{"rect":{"x":0,"y":0,"width":49,"height":42},"xOffset":0,"yOffset":18,"xAdvance":40},"88":{"rect":{"x":88,"y":115,"width":40,"height":42},"xOffset":0,"yOffset":18,"xAdvance":31},"89":{"rect":{"x":129,"y":979,"width":37,"height":42},"xOffset":0,"yOffset":18,"xAdvance":28},"90":{"rect":{"x":314,"y":729,"width":32,"height":42},"xOffset":0,"yOffset":18,"xAdvance":23},"91":{"rect":{"x":348,"y":634,"width":25,"height":53},"xOffset":0,"yOffset":17,"xAdvance":16},"92":{"rect":{"x":315,"y":265,"width":30,"height":46},"xOffset":0,"yOffset":18,"xAdvance":21},"93":{"rect":{"x":373,"y":783,"width":25,"height":53},"xOffset":0,"yOffset":17,"xAdvance":16},"94":{"rect":{"x":46,"y":132,"width":32,"height":27},"xOffset":0,"yOffset":18,"xAdvance":23},"95":{"rect":{"x":92,"y":44,"width":33,"height":15},"xOffset":0,"yOffset":50,"xAdvance":24},"96":{"rect":{"x":370,"y":0,"width":20,"height":26},"xOffset":0,"yOffset":18,"xAdvance":11},"97":{"rect":{"x":168,"y":143,"width":37,"height":36},"xOffset":0,"yOffset":24,"xAdvance":28},"98":{"rect":{"x":206,"y":43,"width":36,"height":43},"xOffset":0,"yOffset":17,"xAdvance":27},"99":{"rect":{"x":243,"y":128,"width":35,"height":37},"xOffset":0,"yOffset":23,"xAdvance":26},"100":{"rect":{"x":206,"y":503,"width":36,"height":43},"xOffset":0,"yOffset":17,"xAdvance":27},"101":{"rect":{"x":206,"y":130,"width":36,"height":37},"xOffset":0,"yOffset":23,"xAdvance":27},"102":{"rect":{"x":347,"y":783,"width":25,"height":43},"xOffset":0,"yOffset":16,"xAdvance":16},"103":{"rect":{"x":168,"y":667,"width":37,"height":45},"xOffset":0,"yOffset":24,"xAdvance":28},"104":{"rect":{"x":314,"y":0,"width":33,"height":42},"xOffset":0,"yOffset":17,"xAdvance":24},"105":{"rect":{"x":375,"y":723,"width":19,"height":42},"xOffset":0,"yOffset":17,"xAdvance":10},"106":{"rect":{"x":374,"y":890,"width":23,"height":50},"xOffset":0,"yOffset":17,"xAdvance":14},"107":{"rect":{"x":280,"y":0,"width":33,"height":42},"xOffset":0,"yOffset":17,"xAdvance":24},"108":{"rect":{"x":375,"y":80,"width":20,"height":42},"xOffset":0,"yOffset":17,"xAdvance":11},"109":{"rect":{"x":0,"y":43,"width":47,"height":36},"xOffset":0,"yOffset":23,"xAdvance":38},"110":{"rect":{"x":280,"y":773,"width":33,"height":36},"xOffset":0,"yOffset":23,"xAdvance":24},"111":{"rect":{"x":208,"y":0,"width":36,"height":36},"xOffset":0,"yOffset":24,"xAdvance":27},"112":{"rect":{"x":132,"y":0,"width":37,"height":43},"xOffset":0,"yOffset":24,"xAdvance":28},"113":{"rect":{"x":167,"y":975,"width":37,"height":44},"xOffset":0,"yOffset":23,"xAdvance":28},"114":{"rect":{"x":348,"y":229,"width":25,"height":35},"xOffset":0,"yOffset":24,"xAdvance":16},"115":{"rect":{"x":315,"y":79,"width":30,"height":36},"xOffset":0,"yOffset":24,"xAdvance":21},"116":{"rect":{"x":346,"y":265,"width":26,"height":42},"xOffset":0,"yOffset":17,"xAdvance":17},"117":{"rect":{"x":280,"y":688,"width":33,"height":36},"xOffset":0,"yOffset":24,"xAdvance":24},"118":{"rect":{"x":245,"y":0,"width":34,"height":35},"xOffset":0,"yOffset":24,"xAdvance":25},"119":{"rect":{"x":0,"y":125,"width":45,"height":35},"xOffset":0,"yOffset":24,"xAdvance":36},"120":{"rect":{"x":243,"y":538,"width":36,"height":35},"xOffset":0,"yOffset":24,"xAdvance":27},"121":{"rect":{"x":279,"y":913,"width":34,"height":43},"xOffset":0,"yOffset":24,"xAdvance":25},"122":{"rect":{"x":314,"y":43,"width":30,"height":35},"xOffset":0,"yOffset":24,"xAdvance":21},"123":{"rect":{"x":347,"y":729,"width":27,"height":53},"xOffset":0,"yOffset":18,"xAdvance":18},"124":{"rect":{"x":375,"y":123,"width":20,"height":46},"xOffset":0,"yOffset":18,"xAdvance":11},"125":{"rect":{"x":346,"y":43,"width":28,"height":53},"xOffset":0,"yOffset":18,"xAdvance":19},"126":{"rect":{"x":130,"y":91,"width":30,"height":22},"xOffset":0,"yOffset":33,"xAdvance":21},"192":{"rect":{"x":87,"y":919,"width":41,"height":52},"xOffset":0,"yOffset":8,"xAdvance":32},"193":{"rect":{"x":87,"y":751,"width":41,"height":52},"xOffset":0,"yOffset":8,"xAdvance":32},"194":{"rect":{"x":46,"y":80,"width":41,"height":51},"xOffset":0,"yOffset":9,"xAdvance":32},"195":{"rect":{"x":87,"y":972,"width":41,"height":50},"xOffset":0,"yOffset":10,"xAdvance":32},"200":{"rect":{"x":315,"y":372,"width":29,"height":52},"xOffset":0,"yOffset":8,"xAdvance":20},"201":{"rect":{"x":345,"y":374,"width":29,"height":52},"xOffset":0,"yOffset":8,"xAdvance":20},"202":{"rect":{"x":315,"y":528,"width":29,"height":51},"xOffset":0,"yOffset":9,"xAdvance":20},"204":{"rect":{"x":374,"y":941,"width":23,"height":52},"xOffset":0,"yOffset":8,"xAdvance":14},"205":{"rect":{"x":373,"y":837,"width":23,"height":52},"xOffset":0,"yOffset":8,"xAdvance":14},"210":{"rect":{"x":45,"y":320,"width":43,"height":53},"xOffset":0,"yOffset":8,"xAdvance":34},"211":{"rect":{"x":0,"y":920,"width":44,"height":53},"xOffset":0,"yOffset":8,"xAdvance":35},"212":{"rect":{"x":0,"y":779,"width":44,"height":52},"xOffset":0,"yOffset":9,"xAdvance":35},"213":{"rect":{"x":0,"y":545,"width":44,"height":51},"xOffset":0,"yOffset":10,"xAdvance":35},"217":{"rect":{"x":243,"y":257,"width":35,"height":53},"xOffset":0,"yOffset":8,"xAdvance":26},"218":{"rect":{"x":205,"y":859,"width":36,"height":53},"xOffset":0,"yOffset":8,"xAdvance":27},"221":{"rect":{"x":206,"y":450,"width":36,"height":52},"xOffset":0,"yOffset":8,"xAdvance":27},"224":{"rect":{"x":130,"y":44,"width":37,"height":46},"xOffset":0,"yOffset":14,"xAdvance":28},"225":{"rect":{"x":167,"y":871,"width":37,"height":47},"xOffset":0,"yOffset":13,"xAdvance":28},"226":{"rect":{"x":130,"y":269,"width":37,"height":46},"xOffset":0,"yOffset":14,"xAdvance":28},"227":{"rect":{"x":168,"y":575,"width":37,"height":45},"xOffset":0,"yOffset":15,"xAdvance":28},"232":{"rect":{"x":205,"y":913,"width":36,"height":47},"xOffset":0,"yOffset":13,"xAdvance":27},"233":{"rect":{"x":205,"y":961,"width":36,"height":47},"xOffset":0,"yOffset":13,"xAdvance":27},"234":{"rect":{"x":242,"y":876,"width":36,"height":46},"xOffset":0,"yOffset":14,"xAdvance":27},"236":{"rect":{"x":347,"y":870,"width":23,"height":46},"xOffset":0,"yOffset":13,"xAdvance":14},"237":{"rect":{"x":373,"y":265,"width":23,"height":46},"xOffset":0,"yOffset":13,"xAdvance":14},"242":{"rect":{"x":130,"y":316,"width":37,"height":46},"xOffset":0,"yOffset":14,"xAdvance":28},"243":{"rect":{"x":242,"y":970,"width":36,"height":47},"xOffset":0,"yOffset":13,"xAdvance":27},"244":{"rect":{"x":243,"y":436,"width":36,"height":46},"xOffset":0,"yOffset":14,"xAdvance":27},"245":{"rect":{"x":168,"y":621,"width":37,"height":45},"xOffset":0,"yOffset":15,"xAdvance":28},"249":{"rect":{"x":280,"y":725,"width":33,"height":47},"xOffset":0,"yOffset":13,"xAdvance":24},"250":{"rect":{"x":280,"y":640,"width":33,"height":47},"xOffset":0,"yOffset":13,"xAdvance":24},"253":{"rect":{"x":279,"y":812,"width":34,"height":54},"xOffset":0,"yOffset":13,"xAdvance":25},"258":{"rect":{"x":45,"y":923,"width":41,"height":50},"xOffset":0,"yOffset":10,"xAdvance":32},"259":{"rect":{"x":168,"y":713,"width":37,"height":45},"xOffset":0,"yOffset":15,"xAdvance":28},"272":{"rect":{"x":45,"y":974,"width":41,"height":42},"xOffset":0,"yOffset":18,"xAdvance":32},"273":{"rect":{"x":92,"y":0,"width":39,"height":43},"xOffset":0,"yOffset":17,"xAdvance":30},"296":{"rect":{"x":346,"y":973,"width":27,"height":50},"xOffset":0,"yOffset":10,"xAdvance":18},"297":{"rect":{"x":345,"y":566,"width":28,"height":42},"xOffset":0,"yOffset":17,"xAdvance":19},"360":{"rect":{"x":243,"y":166,"width":35,"height":51},"xOffset":0,"yOffset":10,"xAdvance":26},"361":{"rect":{"x":280,"y":508,"width":34,"height":45},"xOffset":0,"yOffset":15,"xAdvance":25},"416":{"rect":{"x":45,"y":529,"width":43,"height":48},"xOffset":0,"yOffset":13,"xAdvance":34},"417":{"rect":{"x":243,"y":626,"width":36,"height":41},"xOffset":0,"yOffset":19,"xAdvance":27},"431":{"rect":{"x":129,"y":375,"width":39,"height":48},"xOffset":0,"yOffset":13,"xAdvance":30},"432":{"rect":{"x":129,"y":467,"width":38,"height":41},"xOffset":0,"yOffset":19,"xAdvance":29},"7840":{"rect":{"x":87,"y":804,"width":41,"height":52},"xOffset":0,"yOffset":18,"xAdvance":32},"7841":{"rect":{"x":168,"y":813,"width":37,"height":45},"xOffset":0,"yOffset":24,"xAdvance":28},"7842":{"rect":{"x":88,"y":60,"width":41,"height":54},"xOffset":0,"yOffset":6,"xAdvance":32},"7843":{"rect":{"x":168,"y":180,"width":37,"height":49},"xOffset":0,"yOffset":11,"xAdvance":28},"7844":{"rect":{"x":45,"y":217,"width":43,"height":57},"xOffset":0,"yOffset":3,"xAdvance":34},"7845":{"rect":{"x":45,"y":578,"width":42,"height":52},"xOffset":0,"yOffset":8,"xAdvance":33},"7846":{"rect":{"x":50,"y":0,"width":41,"height":59},"xOffset":0,"yOffset":1,"xAdvance":32},"7847":{"rect":{"x":168,"y":230,"width":37,"height":54},"xOffset":0,"yOffset":6,"xAdvance":28},"7848":{"rect":{"x":87,"y":690,"width":41,"height":60},"xOffset":0,"yOffset":0,"xAdvance":32},"7849":{"rect":{"x":129,"y":621,"width":38,"height":54},"xOffset":0,"yOffset":6,"xAdvance":29},"7850":{"rect":{"x":87,"y":631,"width":41,"height":58},"xOffset":0,"yOffset":2,"xAdvance":32},"7851":{"rect":{"x":168,"y":424,"width":37,"height":52},"xOffset":0,"yOffset":8,"xAdvance":28},"7852":{"rect":{"x":87,"y":857,"width":41,"height":61},"xOffset":0,"yOffset":9,"xAdvance":32},"7853":{"rect":{"x":167,"y":919,"width":37,"height":55},"xOffset":0,"yOffset":14,"xAdvance":28},"7854":{"rect":{"x":45,"y":743,"width":41,"height":59},"xOffset":0,"yOffset":1,"xAdvance":32},"7855":{"rect":{"x":169,"y":340,"width":37,"height":53},"xOffset":0,"yOffset":7,"xAdvance":28},"7856":{"rect":{"x":45,"y":683,"width":41,"height":59},"xOffset":0,"yOffset":1,"xAdvance":32},"7857":{"rect":{"x":168,"y":759,"width":37,"height":53},"xOffset":0,"yOffset":7,"xAdvance":28},"7860":{"rect":{"x":45,"y":803,"width":41,"height":58},"xOffset":0,"yOffset":2,"xAdvance":32},"7861":{"rect":{"x":168,"y":477,"width":37,"height":51},"xOffset":0,"yOffset":9,"xAdvance":28},"7862":{"rect":{"x":45,"y":862,"width":41,"height":60},"xOffset":0,"yOffset":10,"xAdvance":32},"7863":{"rect":{"x":130,"y":214,"width":37,"height":54},"xOffset":0,"yOffset":15,"xAdvance":28},"7864":{"rect":{"x":345,"y":470,"width":29,"height":52},"xOffset":0,"yOffset":18,"xAdvance":20},"7865":{"rect":{"x":242,"y":923,"width":36,"height":46},"xOffset":0,"yOffset":23,"xAdvance":27},"7866":{"rect":{"x":345,"y":174,"width":29,"height":54},"xOffset":0,"yOffset":6,"xAdvance":20},"7867":{"rect":{"x":243,"y":762,"width":36,"height":49},"xOffset":0,"yOffset":11,"xAdvance":27},"7868":{"rect":{"x":315,"y":174,"width":29,"height":50},"xOffset":0,"yOffset":10,"xAdvance":20},"7869":{"rect":{"x":243,"y":716,"width":36,"height":45},"xOffset":0,"yOffset":15,"xAdvance":27},"7870":{"rect":{"x":315,"y":312,"width":29,"height":59},"xOffset":0,"yOffset":1,"xAdvance":20},"7871":{"rect":{"x":89,"y":269,"width":40,"height":51},"xOffset":0,"yOffset":9,"xAdvance":31},"7872":{"rect":{"x":315,"y":468,"width":29,"height":59},"xOffset":0,"yOffset":1,"xAdvance":20},"7873":{"rect":{"x":207,"y":332,"width":36,"height":53},"xOffset":0,"yOffset":7,"xAdvance":27},"7874":{"rect":{"x":314,"y":816,"width":32,"height":60},"xOffset":0,"yOffset":0,"xAdvance":23},"7875":{"rect":{"x":206,"y":276,"width":36,"height":55},"xOffset":0,"yOffset":5,"xAdvance":27},"7876":{"rect":{"x":315,"y":116,"width":30,"height":57},"xOffset":0,"yOffset":3,"xAdvance":21},"7877":{"rect":{"x":206,"y":224,"width":36,"height":51},"xOffset":0,"yOffset":9,"xAdvance":27},"7878":{"rect":{"x":345,"y":312,"width":29,"height":61},"xOffset":0,"yOffset":9,"xAdvance":20},"7879":{"rect":{"x":206,"y":168,"width":36,"height":55},"xOffset":0,"yOffset":14,"xAdvance":27},"7880":{"rect":{"x":374,"y":566,"width":22,"height":54},"xOffset":0,"yOffset":6,"xAdvance":13},"7881":{"rect":{"x":374,"y":621,"width":22,"height":48},"xOffset":0,"yOffset":11,"xAdvance":13},"7882":{"rect":{"x":374,"y":670,"width":21,"height":52},"xOffset":0,"yOffset":18,"xAdvance":12},"7883":{"rect":{"x":375,"y":27,"width":20,"height":52},"xOffset":0,"yOffset":17,"xAdvance":11},"7884":{"rect":{"x":45,"y":374,"width":43,"height":53},"xOffset":0,"yOffset":17,"xAdvance":34},"7885":{"rect":{"x":168,"y":529,"width":37,"height":45},"xOffset":0,"yOffset":24,"xAdvance":28},"7886":{"rect":{"x":45,"y":161,"width":44,"height":55},"xOffset":0,"yOffset":6,"xAdvance":35},"7887":{"rect":{"x":243,"y":386,"width":36,"height":49},"xOffset":0,"yOffset":11,"xAdvance":27},"7888":{"rect":{"x":0,"y":316,"width":44,"height":58},"xOffset":0,"yOffset":3,"xAdvance":35},"7889":{"rect":{"x":45,"y":631,"width":41,"height":51},"xOffset":0,"yOffset":9,"xAdvance":32},"7890":{"rect":{"x":0,"y":718,"width":44,"height":60},"xOffset":0,"yOffset":1,"xAdvance":35},"7891":{"rect":{"x":168,"y":285,"width":37,"height":54},"xOffset":0,"yOffset":6,"xAdvance":28},"7892":{"rect":{"x":0,"y":656,"width":44,"height":61},"xOffset":0,"yOffset":0,"xAdvance":35},"7893":{"rect":{"x":243,"y":483,"width":36,"height":54},"xOffset":0,"yOffset":6,"xAdvance":27},"7894":{"rect":{"x":0,"y":597,"width":44,"height":58},"xOffset":0,"yOffset":3,"xAdvance":35},"7895":{"rect":{"x":243,"y":574,"width":36,"height":51},"xOffset":0,"yOffset":9,"xAdvance":27},"7896":{"rect":{"x":0,"y":483,"width":44,"height":61},"xOffset":0,"yOffset":9,"xAdvance":35},"7897":{"rect":{"x":130,"y":158,"width":37,"height":55},"xOffset":0,"yOffset":14,"xAdvance":28},"7898":{"rect":{"x":0,"y":375,"width":44,"height":53},"xOffset":0,"yOffset":8,"xAdvance":35},"7899":{"rect":{"x":168,"y":95,"width":37,"height":47},"xOffset":0,"yOffset":13,"xAdvance":28},"7900":{"rect":{"x":0,"y":429,"width":44,"height":53},"xOffset":0,"yOffset":8,"xAdvance":35},"7901":{"rect":{"x":243,"y":668,"width":36,"height":47},"xOffset":0,"yOffset":13,"xAdvance":27},"7902":{"rect":{"x":45,"y":428,"width":43,"height":55},"xOffset":0,"yOffset":6,"xAdvance":34},"7903":{"rect":{"x":242,"y":826,"width":36,"height":49},"xOffset":0,"yOffset":11,"xAdvance":27},"7904":{"rect":{"x":0,"y":264,"width":44,"height":51},"xOffset":0,"yOffset":10,"xAdvance":35},"7905":{"rect":{"x":243,"y":37,"width":36,"height":47},"xOffset":0,"yOffset":13,"xAdvance":27},"7906":{"rect":{"x":0,"y":206,"width":44,"height":57},"xOffset":0,"yOffset":13,"xAdvance":35},"7907":{"rect":{"x":168,"y":44,"width":37,"height":50},"xOffset":0,"yOffset":19,"xAdvance":28},"7908":{"rect":{"x":206,"y":773,"width":36,"height":52},"xOffset":0,"yOffset":18,"xAdvance":27},"7909":{"rect":{"x":280,"y":462,"width":34,"height":45},"xOffset":0,"yOffset":24,"xAdvance":25},"7910":{"rect":{"x":206,"y":394,"width":36,"height":55},"xOffset":0,"yOffset":6,"xAdvance":27},"7911":{"rect":{"x":280,"y":554,"width":34,"height":49},"xOffset":0,"yOffset":11,"xAdvance":25},"7912":{"rect":{"x":90,"y":158,"width":39,"height":53},"xOffset":0,"yOffset":8,"xAdvance":30},"7913":{"rect":{"x":129,"y":823,"width":38,"height":47},"xOffset":0,"yOffset":13,"xAdvance":29},"7914":{"rect":{"x":89,"y":321,"width":40,"height":53},"xOffset":0,"yOffset":8,"xAdvance":31},"7915":{"rect":{"x":129,"y":509,"width":38,"height":47},"xOffset":0,"yOffset":13,"xAdvance":29},"7916":{"rect":{"x":89,"y":521,"width":39,"height":55},"xOffset":0,"yOffset":6,"xAdvance":30},"7917":{"rect":{"x":129,"y":676,"width":38,"height":49},"xOffset":0,"yOffset":11,"xAdvance":29},"7918":{"rect":{"x":89,"y":217,"width":40,"height":51},"xOffset":0,"yOffset":10,"xAdvance":31},"7919":{"rect":{"x":129,"y":777,"width":38,"height":45},"xOffset":0,"yOffset":15,"xAdvance":29},"7920":{"rect":{"x":89,"y":418,"width":39,"height":57},"xOffset":0,"yOffset":13,"xAdvance":30},"7921":{"rect":{"x":129,"y":726,"width":38,"height":50},"xOffset":0,"yOffset":19,"xAdvance":29},"7922":{"rect":{"x":130,"y":557,"width":37,"height":52},"xOffset":0,"yOffset":8,"xAdvance":28},"7923":{"rect":{"x":279,"y":174,"width":35,"height":54},"xOffset":0,"yOffset":13,"xAdvance":26},"7924":{"rect":{"x":129,"y":871,"width":37,"height":52},"xOffset":0,"yOffset":18,"xAdvance":28},"7925":{"rect":{"x":279,"y":867,"width":34,"height":45},"xOffset":0,"yOffset":24,"xAdvance":25},"7926":{"rect":{"x":129,"y":924,"width":37,"height":54},"xOffset":0,"yOffset":6,"xAdvance":28},"7927":{"rect":{"x":279,"y":229,"width":34,"height":56},"xOffset":0,"yOffset":11,"xAdvance":25},"7928":{"rect":{"x":206,"y":635,"width":36,"height":50},"xOffset":0,"yOffset":10,"xAdvance":27},"7929":{"rect":{"x":244,"y":311,"width":35,"height":52},"xOffset":0,"yOffset":15,"xAdvance":26}},"kerningDict":{}}}]