[[{"__type__":"cc.Prefab","_name":"item5","data":{"__id__":1}},{"__type__":"cc.Node","_name":"item5","_components":[{"__type__":"cc.Sprite","node":{"__id__":1},"_materials":[{"__uuid__":"ecpdLyjvZBwrvm+cedCcQy"}],"_spriteFrame":{"__uuid__":"93M6beoKdLooyslMTowXuA"}}],"_prefab":{"__type__":"cc.PrefabInfo","root":{"__id__":1},"asset":{"__uuid__":"4dpNA5XTZDLYmOBgq3NzhH"},"fileId":"7f1FwxzBhLqJQyjPYSpWeL"},"_contentSize":{"__type__":"cc.Size","width":187,"height":198},"_trs":{"__type__":"TypedArray","ctor":"Float64Array","array":[0,0,0,0,0,0,1,0.8,0.8,1]}}],{"__type__":"cc.SpriteFrame","content":{"name":"item5","texture":"b1ANA5WlBHTZRRL+Ptu5aS","rect":[0,0,187,198],"offset":[0,0],"originalSize":[187,198],"capInsets":[0,0,0,0]}}]