{"__type__":"dragonBones.DragonBonesAsset","_name":"kyby_paotai3_ske","_dragonBonesJson":"{\"frameRate\":24,\"name\":\"kyby_paotai3\",\"version\":\"5.5\",\"compatibleVersion\":\"5.5\",\"armature\":[{\"type\":\"Armature\",\"frameRate\":24,\"name\":\"kyby_paotai3\",\"aabb\":{\"x\":-128.18,\"y\":-173.86,\"width\":255,\"height\":300.86},\"bone\":[{\"name\":\"root\",\"transform\":{\"y\":41.6754}},{\"length\":199,\"name\":\"paotai3＿lyrdi1\",\"parent\":\"root\",\"transform\":{\"skX\":-90.4881,\"skY\":-90.4881,\"scX\":0.36,\"scY\":0.36}},{\"length\":49,\"name\":\"paotai3＿lyrzhong01\",\"parent\":\"paotai3＿lyrdi1\",\"transform\":{\"x\":207.8718,\"y\":-1.6792,\"skX\":1.1253,\"skY\":1.1253}},{\"length\":84,\"name\":\"paotai3＿lyrtou1\",\"parent\":\"paotai3＿lyrdi1\",\"transform\":{\"x\":304.3915,\"y\":2.2932,\"skX\":-0.4589,\"skY\":-0.4589}},{\"length\":182,\"name\":\"paotai3＿lyrding1\",\"parent\":\"paotai3＿lyrdi1\",\"transform\":{\"x\":87.619,\"y\":-1.8537,\"skX\":0.551,\"skY\":0.551}},{\"length\":92,\"name\":\"paotai3＿lyrzhong3\",\"parent\":\"paotai3＿lyrdi1\",\"transform\":{\"x\":151.7696,\"y\":-1.6572,\"skX\":0.4881,\"skY\":0.4881}},{\"name\":\"number\",\"parent\":\"paotai3＿lyrdi1\",\"transform\":{\"x\":120.6483,\"y\":1.0278,\"skX\":90.4881,\"skY\":90.4881,\"scX\":2.7778,\"scY\":2.7778}},{\"length\":33,\"name\":\"paotai3＿lyrzhong02\",\"parent\":\"paotai3＿lyrzhong3\",\"transform\":{\"x\":60.35,\"y\":0.3,\"skX\":0.4341,\"skY\":0.4341}},{\"length\":43,\"name\":\"paotai3＿lyrzhong1\",\"parent\":\"paotai3＿lyrzhong01\",\"transform\":{\"x\":54.7383,\"y\":-1.3589,\"skX\":1.3872,\"skY\":1.3872}},{\"length\":35,\"name\":\"paotai3＿lyrtou\",\"parent\":\"paotai3＿lyrtou1\",\"transform\":{\"x\":90.6756,\"y\":-0.8015,\"skX\":0.947,\"skY\":0.947}},{\"length\":88,\"name\":\"paotai3＿lyrzhong2\",\"parent\":\"paotai3＿lyrzhong02\",\"transform\":{\"x\":41.1356,\"y\":-2.0617,\"skX\":-0.7262,\"skY\":-0.7262}},{\"name\":\"pao0001\",\"parent\":\"paotai3＿lyrtou\",\"transform\":{\"x\":16.9785,\"y\":-0.383,\"skX\":90,\"skY\":90,\"scX\":2.8,\"scY\":2.8}}],\"slot\":[{\"displayIndex\":2,\"name\":\"pao0001\",\"parent\":\"pao0001\"},{\"name\":\"paotai3＿lyrdi\",\"parent\":\"paotai3＿lyrdi1\"},{\"name\":\"paotai3＿lyrtou\",\"parent\":\"paotai3＿lyrtou\"},{\"name\":\"paotai3＿lyrzhong\",\"parent\":\"paotai3＿lyrzhong1\"},{\"name\":\"paotai3＿lyrzhong2\",\"parent\":\"paotai3＿lyrzhong2\"},{\"name\":\"paotai3＿lyrzhong3\",\"parent\":\"paotai3＿lyrzhong3\"},{\"name\":\"paotai3＿lyrdi1\",\"parent\":\"paotai3＿lyrdi1\"},{\"name\":\"paotai3＿lyrding1\",\"parent\":\"paotai3＿lyrding1\"},{\"displayIndex\":-1,\"name\":\"number\",\"parent\":\"number\"}],\"skin\":[{\"slot\":[{\"name\":\"paotai3＿lyrzhong3\",\"display\":[{\"name\":\"paotai3＿lyrzhong3\",\"transform\":{\"x\":46.25,\"y\":0.55,\"skX\":90,\"skY\":90}}]},{\"name\":\"paotai3＿lyrdi1\",\"display\":[{\"name\":\"paotai3＿lyrdi1\",\"transform\":{\"x\":138.01,\"y\":-0.72,\"skX\":90.49,\"skY\":90.49}}]},{\"name\":\"pao0001\",\"display\":[{\"name\":\"pao0003\",\"transform\":{\"x\":-0.3,\"y\":-26}},{\"name\":\"pao0002\",\"transform\":{\"x\":-0.3,\"y\":-26}},{\"name\":\"pao0001\",\"transform\":{\"x\":-0.3,\"y\":-26}}]},{\"name\":\"paotai3＿lyrding1\",\"display\":[{\"name\":\"paotai3＿lyrding1\",\"transform\":{\"x\":94.4,\"y\":1.1,\"skX\":89.94,\"skY\":89.94}}]},{\"name\":\"paotai3＿lyrdi\",\"display\":[{\"name\":\"di\",\"transform\":{\"x\":135.51,\"y\":-0.75,\"skX\":90.49,\"skY\":90.49},\"path\":\"paotai3＿lyrdi\"}]},{\"name\":\"paotai3＿lyrtou\",\"display\":[{\"name\":\"paotai3＿lyrtou\",\"transform\":{\"x\":-31.05,\"y\":0.2,\"skX\":90,\"skY\":90}}]},{\"name\":\"paotai3＿lyrzhong\",\"display\":[{\"name\":\"zhong\",\"transform\":{\"x\":20.43,\"y\":0.58,\"skX\":87.98,\"skY\":87.98},\"path\":\"paotai3＿lyrzhong\"}]},{\"name\":\"paotai3＿lyrzhong2\",\"display\":[{\"name\":\"zhong2\",\"transform\":{\"x\":19.26,\"y\":1.81,\"skX\":90.29,\"skY\":90.29},\"path\":\"paotai3＿lyrzhong2\"}]}]}],\"animation\":[{\"duration\":6,\"name\":\"appear\",\"bone\":[{\"name\":\"paotai3＿lyrtou1\",\"translateFrame\":[{\"duration\":6,\"tweenEasing\":0,\"x\":-242},{\"duration\":0}]},{\"name\":\"paotai3＿lyrzhong01\",\"translateFrame\":[{\"duration\":5,\"tweenEasing\":0,\"x\":-173},{}]},{\"name\":\"paotai3＿lyrding1\",\"translateFrame\":[{\"duration\":4,\"tweenEasing\":0,\"x\":-30},{\"duration\":2}]},{\"name\":\"paotai3＿lyrzhong3\",\"translateFrame\":[{\"duration\":4,\"tweenEasing\":0,\"x\":-144},{\"duration\":2}]}],\"slot\":[{\"name\":\"paotai3＿lyrdi\",\"colorFrame\":[{\"duration\":3,\"tweenEasing\":0,\"value\":{\"aM\":0}},{\"duration\":3}]},{\"name\":\"paotai3＿lyrtou\",\"colorFrame\":[{\"tweenEasing\":0,\"value\":{\"aM\":0}},{\"duration\":2,\"tweenEasing\":0,\"value\":{\"aM\":0}},{\"duration\":3}]},{\"name\":\"paotai3＿lyrzhong\",\"colorFrame\":[{\"tweenEasing\":0,\"value\":{\"aM\":0}},{\"duration\":2,\"tweenEasing\":0,\"value\":{\"aM\":0}},{\"duration\":3}]},{\"name\":\"paotai3＿lyrzhong2\",\"colorFrame\":[{\"duration\":3,\"tweenEasing\":0,\"value\":{\"aM\":0}},{\"duration\":3}]},{\"name\":\"paotai3＿lyrzhong3\",\"colorFrame\":[{\"duration\":3,\"tweenEasing\":0,\"value\":{\"aM\":0}},{\"duration\":3}]},{\"name\":\"paotai3＿lyrdi1\",\"colorFrame\":[{\"duration\":2,\"tweenEasing\":0,\"value\":{\"aM\":0}},{\"duration\":4}]},{\"name\":\"paotai3＿lyrding1\",\"colorFrame\":[{\"duration\":3,\"tweenEasing\":0,\"value\":{\"aM\":0}},{\"duration\":3}]},{\"name\":\"pao0001\",\"displayFrame\":[{\"duration\":6,\"value\":-1}]}]},{\"duration\":4,\"name\":\"fire\",\"bone\":[{\"name\":\"paotai3＿lyrdi1\",\"translateFrame\":[{\"tweenEasing\":0},{\"duration\":3,\"tweenEasing\":0,\"y\":12.32},{\"duration\":0}]},{\"name\":\"paotai3＿lyrding1\",\"translateFrame\":[{\"tweenEasing\":0},{\"duration\":3,\"tweenEasing\":0,\"x\":-12.14,\"y\":-0.1},{\"duration\":0}]},{\"name\":\"paotai3＿lyrzhong01\",\"translateFrame\":[{\"tweenEasing\":0},{\"duration\":3,\"tweenEasing\":0,\"x\":-44.41,\"y\":-0.38},{\"duration\":0}]},{\"name\":\"paotai3＿lyrtou1\",\"translateFrame\":[{\"tweenEasing\":0},{\"duration\":3,\"tweenEasing\":0,\"x\":-64.89,\"y\":-0.55},{\"duration\":0}]},{\"name\":\"paotai3＿lyrzhong3\",\"translateFrame\":[{\"tweenEasing\":0},{\"duration\":3,\"tweenEasing\":0,\"x\":-18.52,\"y\":-0.16},{\"duration\":0}]}],\"slot\":[{\"name\":\"pao0001\",\"displayFrame\":[{\"value\":2},{\"duration\":2,\"value\":1},{},{\"duration\":0,\"value\":-1}]}]},{\"duration\":6,\"name\":\"disappear\",\"bone\":[{\"name\":\"paotai3＿lyrding1\",\"translateFrame\":[{\"duration\":2},{\"duration\":4,\"tweenEasing\":0},{\"duration\":0,\"x\":-30}]},{\"name\":\"paotai3＿lyrzhong01\",\"translateFrame\":[{},{\"duration\":5,\"tweenEasing\":0},{\"duration\":0,\"x\":-173}]},{\"name\":\"paotai3＿lyrtou1\",\"translateFrame\":[{\"duration\":6,\"tweenEasing\":0},{\"duration\":0,\"x\":-242}]},{\"name\":\"paotai3＿lyrzhong3\",\"translateFrame\":[{\"duration\":2},{\"duration\":4,\"tweenEasing\":0},{\"duration\":0,\"x\":-144}]}],\"slot\":[{\"name\":\"paotai3＿lyrdi\",\"colorFrame\":[{\"duration\":3},{\"duration\":3,\"tweenEasing\":0},{\"duration\":0,\"value\":{\"aM\":0}}]},{\"name\":\"paotai3＿lyrtou\",\"colorFrame\":[{\"duration\":3},{\"duration\":2,\"tweenEasing\":0},{\"value\":{\"aM\":0}}]},{\"name\":\"paotai3＿lyrzhong\",\"colorFrame\":[{\"duration\":3},{\"duration\":2,\"tweenEasing\":0},{\"value\":{\"aM\":0}}]},{\"name\":\"paotai3＿lyrzhong2\",\"colorFrame\":[{\"duration\":3},{\"duration\":3,\"tweenEasing\":0},{\"duration\":0,\"value\":{\"aM\":0}}]},{\"name\":\"paotai3＿lyrzhong3\",\"colorFrame\":[{\"duration\":3},{\"duration\":3,\"tweenEasing\":0},{\"duration\":0,\"value\":{\"aM\":0}}]},{\"name\":\"paotai3＿lyrdi1\",\"colorFrame\":[{\"duration\":4},{\"duration\":2,\"tweenEasing\":0},{\"duration\":0,\"value\":{\"aM\":0}}]},{\"name\":\"paotai3＿lyrding1\",\"colorFrame\":[{\"duration\":3},{\"duration\":3,\"tweenEasing\":0},{\"duration\":0,\"value\":{\"aM\":0}}]},{\"name\":\"pao0001\",\"displayFrame\":[{\"duration\":6,\"value\":-1}]}]},{\"duration\":0,\"playTimes\":0,\"name\":\"stand\",\"slot\":[{\"name\":\"pao0001\",\"displayFrame\":[{\"duration\":0,\"value\":-1}]}]}],\"defaultActions\":[{\"gotoAndPlay\":\"appear\"}]}]}"}