{"__type__":"dragonBones.DragonBonesAtlasAsset","_name":"tuobaoguiwang_shadow_tex","_atlasJson":"{\"width\":1024,\"imagePath\":\"tuobaoguiwang_shadow_tex.png\",\"height\":1024,\"name\":\"tuobaoguiwang_shadow\",\"SubTexture\":[{\"y\":654,\"frameX\":-417,\"frameHeight\":765,\"frameY\":-294,\"width\":204,\"frameWidth\":1020,\"height\":145,\"name\":\"00012\",\"x\":210},{\"y\":1,\"frameX\":-424,\"frameHeight\":765,\"frameY\":-296,\"width\":207,\"frameWidth\":1020,\"height\":170,\"name\":\"00007\",\"x\":408},{\"y\":553,\"frameX\":-423,\"frameHeight\":765,\"frameY\":-296,\"width\":207,\"frameWidth\":1020,\"height\":157,\"name\":\"00008\",\"x\":1},{\"y\":379,\"frameX\":-425,\"frameHeight\":765,\"frameY\":-275,\"width\":194,\"frameWidth\":1020,\"height\":172,\"name\":\"00005\",\"x\":1},{\"y\":1,\"frameX\":-418,\"frameHeight\":765,\"frameY\":-293,\"width\":203,\"frameWidth\":1020,\"height\":167,\"name\":\"00015\",\"x\":617},{\"y\":712,\"frameX\":-417,\"frameHeight\":765,\"frameY\":-293,\"width\":204,\"frameWidth\":1020,\"height\":155,\"name\":\"00014\",\"x\":1},{\"y\":357,\"frameX\":-422,\"frameHeight\":765,\"frameY\":-296,\"width\":205,\"frameWidth\":1020,\"height\":147,\"name\":\"00009\",\"x\":204},{\"y\":506,\"frameX\":-417,\"frameHeight\":765,\"frameY\":-294,\"width\":204,\"frameWidth\":1020,\"height\":146,\"name\":\"00013\",\"x\":210},{\"y\":180,\"frameX\":-423,\"frameHeight\":765,\"frameY\":-278,\"width\":196,\"frameWidth\":1020,\"height\":175,\"name\":\"00002\",\"x\":204},{\"y\":1,\"frameX\":-425,\"frameHeight\":765,\"frameY\":-274,\"width\":201,\"frameWidth\":1020,\"height\":198,\"name\":\"00006\",\"x\":1},{\"y\":869,\"frameX\":-415,\"frameHeight\":765,\"frameY\":-282,\"width\":200,\"frameWidth\":1020,\"height\":154,\"name\":\"00004\",\"x\":1},{\"y\":1,\"frameX\":-420,\"frameHeight\":765,\"frameY\":-293,\"width\":202,\"frameWidth\":1020,\"height\":177,\"name\":\"00000\",\"x\":204},{\"y\":201,\"frameX\":-421,\"frameHeight\":765,\"frameY\":-291,\"width\":201,\"frameWidth\":1020,\"height\":176,\"name\":\"00001\",\"x\":1},{\"y\":173,\"frameX\":-418,\"frameHeight\":765,\"frameY\":-295,\"width\":204,\"frameWidth\":1020,\"height\":143,\"name\":\"00011\",\"x\":408},{\"y\":1,\"frameX\":-424,\"frameHeight\":765,\"frameY\":-277,\"width\":192,\"frameWidth\":1020,\"height\":158,\"name\":\"00003\",\"x\":822},{\"y\":801,\"frameX\":-420,\"frameHeight\":765,\"frameY\":-295,\"width\":204,\"frameWidth\":1020,\"height\":145,\"name\":\"00010\",\"x\":207}]}","_texture":{"__uuid__":"4dLcRzUkxHFa4OPXyH36tq"},"texture":{"__uuid__":"4dLcRzUkxHFa4OPXyH36tq"}}