{"__type__":"dragonBones.DragonBonesAsset","_name":"hetun_shadow_ske","_dragonBonesJson":"{\"frameRate\":24,\"name\":\"hetun_shadow\",\"version\":\"5.5\",\"compatibleVersion\":\"5.5\",\"armature\":[{\"type\":\"Sheet\",\"frameRate\":24,\"name\":\"hetun_shadow\",\"aabb\":{\"x\":-150,\"y\":-150,\"width\":300,\"height\":300},\"bone\":[{\"name\":\"root\"}],\"slot\":[{\"displayIndex\":3,\"name\":\"sheetSlot\",\"parent\":\"root\"}],\"skin\":[{\"slot\":[{\"name\":\"sheetSlot\",\"display\":[{\"name\":\"00000\"},{\"name\":\"00002\"},{\"name\":\"00004\"},{\"name\":\"00006\"},{\"name\":\"00008\"},{\"name\":\"00010\"},{\"name\":\"00012\"},{\"name\":\"00014\"}]}]}],\"animation\":[{\"duration\":8,\"playTimes\":0,\"name\":\"hetun_shadow\",\"slot\":[{\"name\":\"sheetSlot\",\"displayFrame\":[{},{\"value\":1},{\"value\":2},{\"value\":3},{\"value\":4},{\"value\":5},{\"value\":6},{\"value\":7}]}]}],\"defaultActions\":[{\"gotoAndPlay\":\"hetun_shadow\"}]}]}"}