[{"__type__":"cc.SpriteFrame","content":{"name":"megajackpot_font_1","texture":"77sR0a2Z9B7aIQC0/jUQr1","rect":[0,0,74,127],"offset":[-27,0.5],"originalSize":[128,128],"capInsets":[0,0,0,0]}},{"__type__":"cc.BitmapFont","_name":"megajackpot_font_1","spriteFrame":{"__uuid__":"4fQHjRtTZI1q1kM9EaxSBZ"},"fontSize":32,"_fntConfig":{"commonHeight":33,"fontSize":32,"atlasName":"megajackpot_font_1.png","fontDefDictionary":{"9":{"rect":{"x":0,"y":0,"width":0,"height":0},"xOffset":0,"yOffset":0,"xAdvance":96},"32":{"rect":{"x":0,"y":0,"width":0,"height":0},"xOffset":0,"yOffset":0,"xAdvance":12},"44":{"rect":{"x":0,"y":113,"width":13,"height":14},"xOffset":0,"yOffset":20,"xAdvance":8},"46":{"rect":{"x":0,"y":99,"width":13,"height":13},"xOffset":0,"yOffset":20,"xAdvance":8},"48":{"rect":{"x":41,"y":33,"width":18,"height":32},"xOffset":0,"yOffset":1,"xAdvance":13},"49":{"rect":{"x":59,"y":66,"width":15,"height":32},"xOffset":0,"yOffset":1,"xAdvance":10},"50":{"rect":{"x":0,"y":33,"width":20,"height":32},"xOffset":0,"yOffset":1,"xAdvance":15},"51":{"rect":{"x":42,"y":0,"width":18,"height":32},"xOffset":0,"yOffset":1,"xAdvance":13},"52":{"rect":{"x":0,"y":0,"width":22,"height":32},"xOffset":0,"yOffset":1,"xAdvance":17},"53":{"rect":{"x":40,"y":66,"width":18,"height":32},"xOffset":0,"yOffset":1,"xAdvance":13},"54":{"rect":{"x":21,"y":33,"width":19,"height":32},"xOffset":0,"yOffset":1,"xAdvance":14},"55":{"rect":{"x":0,"y":66,"width":19,"height":32},"xOffset":0,"yOffset":1,"xAdvance":14},"56":{"rect":{"x":23,"y":0,"width":18,"height":32},"xOffset":0,"yOffset":1,"xAdvance":13},"57":{"rect":{"x":20,"y":66,"width":19,"height":32},"xOffset":0,"yOffset":1,"xAdvance":14}},"kerningDict":{}}}]