{"__type__":"cc.AnimationClip","_name":"XocDia","_duration":2.75,"speed":2.6,"curveData":{"props":{"position":[{"frame":0,"value":[0,0]},{"frame":0.08333333333333333,"value":[5,0]},{"frame":0.16666666666666666,"value":[0,5]},{"frame":0.25,"value":[-5,0]},{"frame":0.3333333333333333,"value":[0,-5]},{"frame":0.4166666666666667,"value":[0,0]},{"frame":0.5,"value":[5,0]},{"frame":0.5833333333333334,"value":[0,0]},{"frame":0.6666666666666666,"value":[-5,0]},{"frame":0.75,"value":[0,0]},{"frame":0.8333333333333334,"value":[5,0]},{"frame":0.9166666666666666,"value":[0,0]},{"frame":1,"value":[0,5]},{"frame":1.0833333333333333,"value":[-5,0]},{"frame":1.1666666666666667,"value":[0,-5]},{"frame":1.25,"value":[0,0]},{"frame":1.3333333333333333,"value":[5,0]},{"frame":1.4166666666666667,"value":[0,5]},{"frame":1.5,"value":[-5,0]},{"frame":1.5833333333333333,"value":[0,0]},{"frame":1.6666666666666667,"value":[5,0]},{"frame":1.75,"value":[0,0]},{"frame":1.8333333333333333,"value":[-5,0]},{"frame":1.9166666666666667,"value":[0,0]},{"frame":2,"value":[5,0]},{"frame":2.0833333333333335,"value":[0,0]},{"frame":2.1666666666666665,"value":[0,5]},{"frame":2.25,"value":[-5,0]},{"frame":2.3333333333333335,"value":[0,-5]},{"frame":2.4166666666666665,"value":[0,0]},{"frame":2.5,"value":[5,0]},{"frame":2.5833333333333335,"value":[0,5]},{"frame":2.6666666666666665,"value":[-5,0]},{"frame":2.75,"value":[0,0]}]}}}