[{"__type__":"cc.SpriteFrame","content":{"name":"2A","texture":"b700esaW1NobQa6pW5jXa0","rect":[116,331,113,161],"offset":[0,0],"originalSize":[113,161],"capInsets":[0,0,0,0]}},[{"__type__":"cc.Prefab","_name":"mini-card","data":{"__id__":1}},{"__type__":"cc.Node","_name":"mini-card","_components":[{"__type__":"cc.Sprite","node":{"__id__":1},"_spriteFrame":{"__uuid__":"9eFMC3gOdNT7yg9ONmKoEP"},"_sizeMode":0}],"_prefab":{"__type__":"cc.PrefabInfo","root":{"__id__":1},"asset":{"__uuid__":"b9GEPr8J9BfJa7OEm922WB"},"fileId":"5auU9kAnNEFKjplWrGWiV7"},"_contentSize":{"__type__":"cc.Size","width":65.54,"height":93.38},"_trs":{"__type__":"TypedArray","ctor":"Float64Array","array":[0,0,0,0,0,0,1,1,1,1]},"_zIndex":0}]]