{"__type__":"dragonBones.DragonBonesAtlasAsset","_name":"meirenyu2_tex","_atlasJson":"{\"width\":1019,\"SubTexture\":[{\"frameHeight\":286,\"y\":1006,\"frameWidth\":419,\"frameX\":-59,\"width\":336,\"frameY\":-69,\"height\":159,\"name\":\"fish23_7\",\"x\":1},{\"frameHeight\":286,\"y\":844,\"frameWidth\":419,\"frameX\":-58,\"width\":336,\"frameY\":-73,\"height\":160,\"name\":\"fish23_8\",\"x\":1},{\"frameHeight\":286,\"y\":650,\"frameWidth\":419,\"frameX\":-47,\"width\":348,\"frameY\":-46,\"height\":189,\"name\":\"fish23_4\",\"x\":363},{\"frameHeight\":286,\"y\":224,\"frameWidth\":419,\"frameX\":-51,\"width\":368,\"frameY\":-41,\"height\":207,\"name\":\"fish23_11\",\"x\":1},{\"frameHeight\":286,\"y\":650,\"frameWidth\":419,\"frameX\":-55,\"width\":360,\"frameY\":-52,\"height\":192,\"name\":\"fish23_10\",\"x\":1},{\"frameHeight\":286,\"y\":223,\"frameWidth\":419,\"frameX\":-53,\"width\":366,\"frameY\":-30,\"height\":209,\"name\":\"fish23_16\",\"x\":371},{\"frameHeight\":286,\"y\":434,\"frameWidth\":419,\"frameX\":-57,\"width\":336,\"frameY\":-34,\"height\":214,\"name\":\"fish23_17\",\"x\":339},{\"frameHeight\":286,\"y\":433,\"frameWidth\":419,\"frameX\":-57,\"width\":336,\"frameY\":-34,\"height\":214,\"name\":\"fish23_1\",\"x\":1},{\"frameHeight\":286,\"y\":1,\"frameWidth\":419,\"frameX\":-54,\"width\":365,\"frameY\":-23,\"height\":220,\"name\":\"fish23_14\",\"x\":371},{\"frameHeight\":286,\"y\":434,\"frameWidth\":419,\"frameX\":-54,\"width\":340,\"frameY\":-39,\"height\":209,\"name\":\"fish23_2\",\"x\":677},{\"frameHeight\":286,\"y\":1,\"frameWidth\":419,\"frameX\":-51,\"width\":368,\"frameY\":-23,\"height\":221,\"name\":\"fish23_13\",\"x\":1},{\"frameHeight\":286,\"y\":841,\"frameWidth\":419,\"frameX\":-56,\"width\":338,\"frameY\":-54,\"height\":170,\"name\":\"fish23_5\",\"x\":363}],\"height\":1167,\"name\":\"meirenyu2\",\"imagePath\":\"meirenyu2_tex.png\"}","_texture":{"__uuid__":"0c6YPgzHNE4JgLNMgEcHd7"},"texture":{"__uuid__":"0c6YPgzHNE4JgLNMgEcHd7"}}