{"__type__":"dragonBones.DragonBonesAsset","_name":"zhangyuwang_shadow_ske","_dragonBonesJson":"{\"frameRate\":24,\"name\":\"zhangyuwang_shadow\",\"version\":\"5.5\",\"compatibleVersion\":\"5.5\",\"armature\":[{\"type\":\"Armature\",\"frameRate\":24,\"name\":\"Armature\",\"aabb\":{\"x\":-106.5,\"y\":-137,\"width\":213,\"height\":274},\"bone\":[{\"name\":\"root\"},{\"name\":\"bone\",\"parent\":\"root\",\"transform\":{\"scX\":-2,\"scY\":2}}],\"slot\":[{\"displayIndex\":14,\"name\":\"yingzi0001\",\"parent\":\"bone\"}],\"skin\":[{\"slot\":[{\"name\":\"yingzi0001\",\"display\":[{\"name\":\"yingzi0015\"},{\"name\":\"yingzi0014\"},{\"name\":\"yingzi0013\"},{\"name\":\"yingzi0012\"},{\"name\":\"yingzi0011\"},{\"name\":\"yingzi0010\"},{\"name\":\"yingzi0009\"},{\"name\":\"yingzi0008\"},{\"name\":\"yingzi0007\"},{\"name\":\"yingzi0006\"},{\"name\":\"yingzi0005\"},{\"name\":\"yingzi0004\"},{\"name\":\"yingzi0003\"},{\"name\":\"yingzi0002\"},{\"name\":\"yingzi0001\"}]}]}],\"animation\":[{\"duration\":11,\"playTimes\":0,\"name\":\"newAnimation\",\"slot\":[{\"name\":\"yingzi0001\",\"displayFrame\":[{\"value\":14},{\"value\":13},{\"value\":11},{\"value\":10},{\"value\":8},{\"value\":7},{\"value\":6},{\"value\":5},{\"value\":4},{\"value\":2},{\"value\":1},{\"duration\":0}]}]}],\"defaultActions\":[{\"gotoAndPlay\":\"newAnimation\"}]}]}"}