[{"__type__":"cc.SpriteFrame","content":{"name":"megajackpot_font_2","texture":"c8Z9WzVYdC+peCyEiWY9Kr","rect":[0,0,57,23],"offset":[-3.5,4.5],"originalSize":[64,32],"capInsets":[0,0,0,0]}},{"__type__":"cc.BitmapFont","_name":"megajackpot_font_2","spriteFrame":{"__uuid__":"2cGgYohNpOZrEp/kZ8EHx9"},"fontSize":32,"_fntConfig":{"commonHeight":12,"fontSize":32,"atlasName":"megajackpot_font_2.png","fontDefDictionary":{"9":{"rect":{"x":0,"y":0,"width":0,"height":0},"xOffset":0,"yOffset":0,"xAdvance":48},"32":{"rect":{"x":0,"y":0,"width":0,"height":0},"xOffset":0,"yOffset":0,"xAdvance":6},"48":{"rect":{"x":0,"y":13,"width":8,"height":10},"xOffset":0,"yOffset":2,"xAdvance":9},"49":{"rect":{"x":52,"y":11,"width":5,"height":10},"xOffset":0,"yOffset":2,"xAdvance":6},"50":{"rect":{"x":27,"y":11,"width":8,"height":10},"xOffset":0,"yOffset":2,"xAdvance":9},"51":{"rect":{"x":44,"y":11,"width":7,"height":10},"xOffset":0,"yOffset":2,"xAdvance":8},"52":{"rect":{"x":27,"y":0,"width":8,"height":10},"xOffset":0,"yOffset":2,"xAdvance":9},"53":{"rect":{"x":36,"y":0,"width":8,"height":10},"xOffset":0,"yOffset":2,"xAdvance":9},"54":{"rect":{"x":18,"y":13,"width":8,"height":10},"xOffset":0,"yOffset":2,"xAdvance":9},"55":{"rect":{"x":36,"y":11,"width":7,"height":10},"xOffset":0,"yOffset":2,"xAdvance":8},"56":{"rect":{"x":45,"y":0,"width":7,"height":10},"xOffset":0,"yOffset":2,"xAdvance":8},"57":{"rect":{"x":9,"y":13,"width":8,"height":10},"xOffset":0,"yOffset":2,"xAdvance":9},"76":{"rect":{"x":0,"y":0,"width":26,"height":12},"xOffset":0,"yOffset":2,"xAdvance":27}},"kerningDict":{}}}]