[[{"__type__":"cc.Prefab","_name":"2_2_g6","data":{"__id__":1}},{"__type__":"cc.Node","_name":"2_2_g6","_children":[{"__id__":2},{"__id__":12},{"__id__":22},{"__id__":32},{"__id__":42},{"__id__":52}],"_components":[{"__id__":62},{"__type__":"93eafuGlupJxI0wpNs4ofEh","node":{"__id__":1},"anim":{"__id__":62},"fish":[{"__id__":10},{"__id__":20},{"__id__":30},{"__id__":40},{"__id__":50},{"__id__":60}]}],"_prefab":{"__type__":"cc.PrefabInfo","root":{"__id__":1},"asset":{"__uuid__":"5fkriHOXhNcIIbFMHiHa98"},"fileId":"ec8QOXy2NE74BH+hBeFWa4"},"_trs":{"__type__":"TypedArray","ctor":"Float64Array","array":[-899.265,-75.197,0,0,0,0,1,1,1,1]}},{"__type__":"cc.Node","_name":"1","_parent":{"__id__":1},"_children":[{"__id__":3},{"__id__":5},{"__id__":6},{"__id__":7},{"__id__":8}],"_components":[{"__id__":9},{"__id__":10},{"__id__":11}],"_prefab":{"__type__":"cc.PrefabInfo","root":{"__id__":1},"asset":{"__uuid__":"5fkriHOXhNcIIbFMHiHa98"},"fileId":"c7Qi1y/dxDyLx7S9SuXdPk"},"_trs":{"__type__":"TypedArray","ctor":"Float64Array","array":[-93,10.912,0,0,0,0,1,1,1,1]},"_groupIndex":6,"groupIndex":6},{"__type__":"cc.Node","_name":"fish","_parent":{"__id__":2},"_components":[{"__id__":4}],"_prefab":{"__type__":"cc.PrefabInfo","root":{"__id__":1},"asset":{"__uuid__":"5fkriHOXhNcIIbFMHiHa98"},"fileId":"d6DtUi8kBHPotYt3qKrKJV"},"_trs":{"__type__":"TypedArray","ctor":"Float64Array","array":[4,12,0,0,0,0,1,1,1,1]}},{"__type__":"dragonBones.ArmatureDisplay","node":{"__id__":3},"_materials":[{"__uuid__":"ecpdLyjvZBwrvm+cedCcQy"}],"_armatureName":"hongshanyu","_animationName":"hongshanyu","_preCacheMode":0,"_armatureKey":"22fc0303-e5b2-4573-9780-a85825d184dd#59b86e18-a42a-42f3-9b51-a1fa6a82e62e","_N$dragonAsset":{"__uuid__":"22/AMD5bJFc5eAqFgl0YTd"},"_N$dragonAtlasAsset":{"__uuid__":"59uG4YpCpC85tRofpqguYu"},"_N$timeScale":0.8},{"__type__":"cc.Node","_name":"head","_parent":{"__id__":2},"_prefab":{"__type__":"cc.PrefabInfo","root":{"__id__":1},"asset":{"__uuid__":"5fkriHOXhNcIIbFMHiHa98"},"fileId":"93VtM7HMhJ/Zc3AtnxfzgC"},"_trs":{"__type__":"TypedArray","ctor":"Float64Array","array":[-36.053,5.662,0,0,0,0,1,1,1,1]}},{"__type__":"cc.Node","_name":"end","_parent":{"__id__":2},"_prefab":{"__type__":"cc.PrefabInfo","root":{"__id__":1},"asset":{"__uuid__":"5fkriHOXhNcIIbFMHiHa98"},"fileId":"9fNXoL8p9AsJjBiAa+Cw7p"},"_trs":{"__type__":"TypedArray","ctor":"Float64Array","array":[-4.425999999999998,8.402999999999999,0,0,0,0,1,1,1,1]}},{"__type__":"cc.Node","_name":"fish_suoding_other","_parent":{"__id__":2},"_active":false,"_components":[{"__type__":"cc.Sprite","node":{"__id__":7},"_materials":[{"__uuid__":"ecpdLyjvZBwrvm+cedCcQy"}],"_spriteFrame":{"__uuid__":"d6GNvieS9K8pqo+oyuZNkc"}},{"__type__":"cc.Animation","node":{"__id__":7},"_defaultClip":{"__uuid__":"41C/GXlRNOjLlgy6YN7juw"},"_clips":[{"__uuid__":"41C/GXlRNOjLlgy6YN7juw"}],"playOnLoad":true}],"_prefab":{"__type__":"cc.PrefabInfo","root":{"__id__":1},"asset":{"__uuid__":"5fkriHOXhNcIIbFMHiHa98"},"fileId":"e2AplBTSZNArDfPHJ3cKmN"},"_opacity":97,"_contentSize":{"__type__":"cc.Size","width":169,"height":169},"_trs":{"__type__":"TypedArray","ctor":"Float64Array","array":[-4,5,0,0,0,0,1,0.85,0.85,1]}},{"__type__":"cc.Node","_name":"fish_suoding_me","_parent":{"__id__":2},"_active":false,"_components":[{"__type__":"cc.Sprite","node":{"__id__":8},"_materials":[{"__uuid__":"ecpdLyjvZBwrvm+cedCcQy"}],"_spriteFrame":{"__uuid__":"d6GNvieS9K8pqo+oyuZNkc"}},{"__type__":"cc.Animation","node":{"__id__":8},"_defaultClip":{"__uuid__":"41C/GXlRNOjLlgy6YN7juw"},"_clips":[{"__uuid__":"41C/GXlRNOjLlgy6YN7juw"}],"playOnLoad":true}],"_prefab":{"__type__":"cc.PrefabInfo","root":{"__id__":1},"asset":{"__uuid__":"5fkriHOXhNcIIbFMHiHa98"},"fileId":"bfAta8wuVP2rHI0KCx1KC+"},"_contentSize":{"__type__":"cc.Size","width":169,"height":169},"_trs":{"__type__":"TypedArray","ctor":"Float64Array","array":[-4,5,0,0,0,0,1,1,1,1]}},{"__type__":"dragonBones.ArmatureDisplay","node":{"__id__":2},"_materials":[{"__uuid__":"ecpdLyjvZBwrvm+cedCcQy"}],"_armatureName":"hongshanyu_shadow","_animationName":"hongshanyu_shadow","_preCacheMode":0,"_armatureKey":"8fcd66b4-3529-46ad-8f00-ea6d9c87079f#e2db6bd6-106b-40ab-98f6-9b4abca1b71a","_N$dragonAsset":{"__uuid__":"8fzWa0NSlGrY8A6m2chwef"},"_N$dragonAtlasAsset":{"__uuid__":"e222vWEGtAq5j2m0q8obca"},"_N$timeScale":0.8},{"__type__":"655c6/MZdJNZo/YxgAvEk8A","node":{"__id__":2},"fish":{"__id__":4},"shadow":{"__id__":9},"collider":{"__id__":11},"head":{"__id__":5},"end":{"__id__":6},"suoMe":{"__id__":8},"suoOther":{"__id__":7}},{"__type__":"cc.PolygonCollider","node":{"__id__":2},"points":[{"__type__":"cc.Vec2","x":-21.6,"y":-9.7},{"__type__":"cc.Vec2","x":-3.8,"y":-18.5},{"__type__":"cc.Vec2","x":51.9,"y":12.6},{"__type__":"cc.Vec2","x":53.1,"y":24.1},{"__type__":"cc.Vec2","x":12.7,"y":36},{"__type__":"cc.Vec2","x":-20.4,"y":28.8},{"__type__":"cc.Vec2","x":-38,"y":7.8}]},{"__type__":"cc.Node","_name":"2","_parent":{"__id__":1},"_children":[{"__id__":13},{"__id__":15},{"__id__":16},{"__id__":17},{"__id__":18}],"_components":[{"__id__":19},{"__id__":20},{"__id__":21}],"_prefab":{"__type__":"cc.PrefabInfo","root":{"__id__":1},"asset":{"__uuid__":"5fkriHOXhNcIIbFMHiHa98"},"fileId":"e1P5GZdGBOZalT9P3/uWkj"},"_trs":{"__type__":"TypedArray","ctor":"Float64Array","array":[-32.311,69.575,0,0,0,0,1,1,1,1]},"_groupIndex":6,"groupIndex":6},{"__type__":"cc.Node","_name":"fish","_parent":{"__id__":12},"_components":[{"__id__":14}],"_prefab":{"__type__":"cc.PrefabInfo","root":{"__id__":1},"asset":{"__uuid__":"5fkriHOXhNcIIbFMHiHa98"},"fileId":"4fqZhb9lpNZrHdZDl5GaBC"},"_trs":{"__type__":"TypedArray","ctor":"Float64Array","array":[4,12,0,0,0,0,1,1,1,1]}},{"__type__":"dragonBones.ArmatureDisplay","node":{"__id__":13},"_materials":[{"__uuid__":"ecpdLyjvZBwrvm+cedCcQy"}],"_armatureName":"hongshanyu","_animationName":"hongshanyu","_preCacheMode":0,"_armatureKey":"22fc0303-e5b2-4573-9780-a85825d184dd#59b86e18-a42a-42f3-9b51-a1fa6a82e62e","_N$dragonAsset":{"__uuid__":"22/AMD5bJFc5eAqFgl0YTd"},"_N$dragonAtlasAsset":{"__uuid__":"59uG4YpCpC85tRofpqguYu"},"_N$timeScale":0.8},{"__type__":"cc.Node","_name":"head","_parent":{"__id__":12},"_prefab":{"__type__":"cc.PrefabInfo","root":{"__id__":1},"asset":{"__uuid__":"5fkriHOXhNcIIbFMHiHa98"},"fileId":"05N7xmPAxPu43IwFWu1DnR"},"_trs":{"__type__":"TypedArray","ctor":"Float64Array","array":[-35.752,5.886,0,0,0,0,1,1,1,1]}},{"__type__":"cc.Node","_name":"end","_parent":{"__id__":12},"_prefab":{"__type__":"cc.PrefabInfo","root":{"__id__":1},"asset":{"__uuid__":"5fkriHOXhNcIIbFMHiHa98"},"fileId":"a3CTQFx2ZNp4ivCxJI7CCj"},"_trs":{"__type__":"TypedArray","ctor":"Float64Array","array":[-4.425999999999998,8.402999999999999,0,0,0,0,1,1,1,1]}},{"__type__":"cc.Node","_name":"fish_suoding_other","_parent":{"__id__":12},"_active":false,"_components":[{"__type__":"cc.Sprite","node":{"__id__":17},"_materials":[{"__uuid__":"ecpdLyjvZBwrvm+cedCcQy"}],"_spriteFrame":{"__uuid__":"d6GNvieS9K8pqo+oyuZNkc"}},{"__type__":"cc.Animation","node":{"__id__":17},"_defaultClip":{"__uuid__":"41C/GXlRNOjLlgy6YN7juw"},"_clips":[{"__uuid__":"41C/GXlRNOjLlgy6YN7juw"}],"playOnLoad":true}],"_prefab":{"__type__":"cc.PrefabInfo","root":{"__id__":1},"asset":{"__uuid__":"5fkriHOXhNcIIbFMHiHa98"},"fileId":"62WoQsa+1CrrsWzhkpx50c"},"_opacity":97,"_contentSize":{"__type__":"cc.Size","width":169,"height":169},"_trs":{"__type__":"TypedArray","ctor":"Float64Array","array":[-4,5,0,0,0,0,1,0.85,0.85,1]}},{"__type__":"cc.Node","_name":"fish_suoding_me","_parent":{"__id__":12},"_active":false,"_components":[{"__type__":"cc.Sprite","node":{"__id__":18},"_materials":[{"__uuid__":"ecpdLyjvZBwrvm+cedCcQy"}],"_spriteFrame":{"__uuid__":"d6GNvieS9K8pqo+oyuZNkc"}},{"__type__":"cc.Animation","node":{"__id__":18},"_defaultClip":{"__uuid__":"41C/GXlRNOjLlgy6YN7juw"},"_clips":[{"__uuid__":"41C/GXlRNOjLlgy6YN7juw"}],"playOnLoad":true}],"_prefab":{"__type__":"cc.PrefabInfo","root":{"__id__":1},"asset":{"__uuid__":"5fkriHOXhNcIIbFMHiHa98"},"fileId":"9fFHjEHtBCJKzSRzevGnYz"},"_contentSize":{"__type__":"cc.Size","width":169,"height":169},"_trs":{"__type__":"TypedArray","ctor":"Float64Array","array":[-4,5,0,0,0,0,1,1,1,1]}},{"__type__":"dragonBones.ArmatureDisplay","node":{"__id__":12},"_materials":[{"__uuid__":"ecpdLyjvZBwrvm+cedCcQy"}],"_armatureName":"hongshanyu_shadow","_animationName":"hongshanyu_shadow","_preCacheMode":0,"_armatureKey":"8fcd66b4-3529-46ad-8f00-ea6d9c87079f#e2db6bd6-106b-40ab-98f6-9b4abca1b71a","_N$dragonAsset":{"__uuid__":"8fzWa0NSlGrY8A6m2chwef"},"_N$dragonAtlasAsset":{"__uuid__":"e222vWEGtAq5j2m0q8obca"},"_N$timeScale":0.8},{"__type__":"655c6/MZdJNZo/YxgAvEk8A","node":{"__id__":12},"fish":{"__id__":14},"shadow":{"__id__":19},"collider":{"__id__":21},"head":{"__id__":15},"end":{"__id__":16},"suoMe":{"__id__":18},"suoOther":{"__id__":17}},{"__type__":"cc.PolygonCollider","node":{"__id__":12},"points":[{"__type__":"cc.Vec2","x":-21.6,"y":-9.7},{"__type__":"cc.Vec2","x":-3.8,"y":-18.5},{"__type__":"cc.Vec2","x":51.9,"y":12.6},{"__type__":"cc.Vec2","x":53.1,"y":24.1},{"__type__":"cc.Vec2","x":12.7,"y":36},{"__type__":"cc.Vec2","x":-20.4,"y":28.8},{"__type__":"cc.Vec2","x":-38,"y":7.8}]},{"__type__":"cc.Node","_name":"3","_parent":{"__id__":1},"_children":[{"__id__":23},{"__id__":25},{"__id__":26},{"__id__":27},{"__id__":28}],"_components":[{"__id__":29},{"__id__":30},{"__id__":31}],"_prefab":{"__type__":"cc.PrefabInfo","root":{"__id__":1},"asset":{"__uuid__":"5fkriHOXhNcIIbFMHiHa98"},"fileId":"6co8nLmcNGyryZ8n683gxQ"},"_trs":{"__type__":"TypedArray","ctor":"Float64Array","array":[-49.421,-56.841,0,0,0,0,1,1,1,1]},"_groupIndex":6,"groupIndex":6},{"__type__":"cc.Node","_name":"fish","_parent":{"__id__":22},"_components":[{"__id__":24}],"_prefab":{"__type__":"cc.PrefabInfo","root":{"__id__":1},"asset":{"__uuid__":"5fkriHOXhNcIIbFMHiHa98"},"fileId":"d3SfDK8cdK2b3P1YInuEZu"},"_trs":{"__type__":"TypedArray","ctor":"Float64Array","array":[4,12,0,0,0,0,1,1,1,1]}},{"__type__":"dragonBones.ArmatureDisplay","node":{"__id__":23},"_materials":[{"__uuid__":"ecpdLyjvZBwrvm+cedCcQy"}],"_armatureName":"hongshanyu","_animationName":"hongshanyu","_preCacheMode":0,"_armatureKey":"22fc0303-e5b2-4573-9780-a85825d184dd#59b86e18-a42a-42f3-9b51-a1fa6a82e62e","_N$dragonAsset":{"__uuid__":"22/AMD5bJFc5eAqFgl0YTd"},"_N$dragonAtlasAsset":{"__uuid__":"59uG4YpCpC85tRofpqguYu"},"_N$timeScale":0.8},{"__type__":"cc.Node","_name":"head","_parent":{"__id__":22},"_prefab":{"__type__":"cc.PrefabInfo","root":{"__id__":1},"asset":{"__uuid__":"5fkriHOXhNcIIbFMHiHa98"},"fileId":"d7jsVy1mhBTq2HTnlJ9m5q"},"_trs":{"__type__":"TypedArray","ctor":"Float64Array","array":[-35.752,5.886,0,0,0,0,1,1,1,1]}},{"__type__":"cc.Node","_name":"end","_parent":{"__id__":22},"_prefab":{"__type__":"cc.PrefabInfo","root":{"__id__":1},"asset":{"__uuid__":"5fkriHOXhNcIIbFMHiHa98"},"fileId":"afkkKMmZZK/JggnTzxRnAl"},"_trs":{"__type__":"TypedArray","ctor":"Float64Array","array":[-4.425999999999998,8.402999999999999,0,0,0,0,1,1,1,1]}},{"__type__":"cc.Node","_name":"fish_suoding_other","_parent":{"__id__":22},"_active":false,"_components":[{"__type__":"cc.Sprite","node":{"__id__":27},"_materials":[{"__uuid__":"ecpdLyjvZBwrvm+cedCcQy"}],"_spriteFrame":{"__uuid__":"d6GNvieS9K8pqo+oyuZNkc"}},{"__type__":"cc.Animation","node":{"__id__":27},"_defaultClip":{"__uuid__":"41C/GXlRNOjLlgy6YN7juw"},"_clips":[{"__uuid__":"41C/GXlRNOjLlgy6YN7juw"}],"playOnLoad":true}],"_prefab":{"__type__":"cc.PrefabInfo","root":{"__id__":1},"asset":{"__uuid__":"5fkriHOXhNcIIbFMHiHa98"},"fileId":"20fD3A6CdHEK/LeRNKKq6a"},"_opacity":97,"_contentSize":{"__type__":"cc.Size","width":169,"height":169},"_trs":{"__type__":"TypedArray","ctor":"Float64Array","array":[-4,5,0,0,0,0,1,0.85,0.85,1]}},{"__type__":"cc.Node","_name":"fish_suoding_me","_parent":{"__id__":22},"_active":false,"_components":[{"__type__":"cc.Sprite","node":{"__id__":28},"_materials":[{"__uuid__":"ecpdLyjvZBwrvm+cedCcQy"}],"_spriteFrame":{"__uuid__":"d6GNvieS9K8pqo+oyuZNkc"}},{"__type__":"cc.Animation","node":{"__id__":28},"_defaultClip":{"__uuid__":"41C/GXlRNOjLlgy6YN7juw"},"_clips":[{"__uuid__":"41C/GXlRNOjLlgy6YN7juw"}],"playOnLoad":true}],"_prefab":{"__type__":"cc.PrefabInfo","root":{"__id__":1},"asset":{"__uuid__":"5fkriHOXhNcIIbFMHiHa98"},"fileId":"bdeZ+MJYFOtpY8emcCMRV0"},"_contentSize":{"__type__":"cc.Size","width":169,"height":169},"_trs":{"__type__":"TypedArray","ctor":"Float64Array","array":[-4,5,0,0,0,0,1,1,1,1]}},{"__type__":"dragonBones.ArmatureDisplay","node":{"__id__":22},"_materials":[{"__uuid__":"ecpdLyjvZBwrvm+cedCcQy"}],"_armatureName":"hongshanyu_shadow","_animationName":"hongshanyu_shadow","_preCacheMode":0,"_armatureKey":"8fcd66b4-3529-46ad-8f00-ea6d9c87079f#e2db6bd6-106b-40ab-98f6-9b4abca1b71a","_N$dragonAsset":{"__uuid__":"8fzWa0NSlGrY8A6m2chwef"},"_N$dragonAtlasAsset":{"__uuid__":"e222vWEGtAq5j2m0q8obca"},"_N$timeScale":0.8},{"__type__":"655c6/MZdJNZo/YxgAvEk8A","node":{"__id__":22},"fish":{"__id__":24},"shadow":{"__id__":29},"collider":{"__id__":31},"head":{"__id__":25},"end":{"__id__":26},"suoMe":{"__id__":28},"suoOther":{"__id__":27}},{"__type__":"cc.PolygonCollider","node":{"__id__":22},"points":[{"__type__":"cc.Vec2","x":-21.6,"y":-9.7},{"__type__":"cc.Vec2","x":-3.8,"y":-18.5},{"__type__":"cc.Vec2","x":51.9,"y":12.6},{"__type__":"cc.Vec2","x":53.1,"y":24.1},{"__type__":"cc.Vec2","x":12.7,"y":36},{"__type__":"cc.Vec2","x":-20.4,"y":28.8},{"__type__":"cc.Vec2","x":-38,"y":7.8}]},{"__type__":"cc.Node","_name":"4","_parent":{"__id__":1},"_children":[{"__id__":33},{"__id__":35},{"__id__":36},{"__id__":37},{"__id__":38}],"_components":[{"__id__":39},{"__id__":40},{"__id__":41}],"_prefab":{"__type__":"cc.PrefabInfo","root":{"__id__":1},"asset":{"__uuid__":"5fkriHOXhNcIIbFMHiHa98"},"fileId":"225Bx0l1RItL+uKbXMF3jB"},"_trs":{"__type__":"TypedArray","ctor":"Float64Array","array":[82.512,68.385,0,0,0,0,1,1,1,1]},"_groupIndex":6,"groupIndex":6},{"__type__":"cc.Node","_name":"fish","_parent":{"__id__":32},"_components":[{"__id__":34}],"_prefab":{"__type__":"cc.PrefabInfo","root":{"__id__":1},"asset":{"__uuid__":"5fkriHOXhNcIIbFMHiHa98"},"fileId":"01vg+f5bVKqIW8Gl8Y2z1z"},"_trs":{"__type__":"TypedArray","ctor":"Float64Array","array":[4,12,0,0,0,0,1,1,1,1]}},{"__type__":"dragonBones.ArmatureDisplay","node":{"__id__":33},"_materials":[{"__uuid__":"ecpdLyjvZBwrvm+cedCcQy"}],"_armatureName":"hongshanyu","_animationName":"hongshanyu","_preCacheMode":0,"_armatureKey":"22fc0303-e5b2-4573-9780-a85825d184dd#59b86e18-a42a-42f3-9b51-a1fa6a82e62e","_N$dragonAsset":{"__uuid__":"22/AMD5bJFc5eAqFgl0YTd"},"_N$dragonAtlasAsset":{"__uuid__":"59uG4YpCpC85tRofpqguYu"},"_N$timeScale":0.8},{"__type__":"cc.Node","_name":"head","_parent":{"__id__":32},"_prefab":{"__type__":"cc.PrefabInfo","root":{"__id__":1},"asset":{"__uuid__":"5fkriHOXhNcIIbFMHiHa98"},"fileId":"d6cJuUl0FD2pvEjBxIm/o4"},"_trs":{"__type__":"TypedArray","ctor":"Float64Array","array":[-35.752,5.886,0,0,0,0,1,1,1,1]}},{"__type__":"cc.Node","_name":"end","_parent":{"__id__":32},"_prefab":{"__type__":"cc.PrefabInfo","root":{"__id__":1},"asset":{"__uuid__":"5fkriHOXhNcIIbFMHiHa98"},"fileId":"ca0ySTTPpO+YOsDEjjLM+L"},"_trs":{"__type__":"TypedArray","ctor":"Float64Array","array":[-4.425999999999998,8.402999999999999,0,0,0,0,1,1,1,1]}},{"__type__":"cc.Node","_name":"fish_suoding_other","_parent":{"__id__":32},"_active":false,"_components":[{"__type__":"cc.Sprite","node":{"__id__":37},"_materials":[{"__uuid__":"ecpdLyjvZBwrvm+cedCcQy"}],"_spriteFrame":{"__uuid__":"d6GNvieS9K8pqo+oyuZNkc"}},{"__type__":"cc.Animation","node":{"__id__":37},"_defaultClip":{"__uuid__":"41C/GXlRNOjLlgy6YN7juw"},"_clips":[{"__uuid__":"41C/GXlRNOjLlgy6YN7juw"}],"playOnLoad":true}],"_prefab":{"__type__":"cc.PrefabInfo","root":{"__id__":1},"asset":{"__uuid__":"5fkriHOXhNcIIbFMHiHa98"},"fileId":"772mu3SDpMe5V7Yrz9tTJk"},"_opacity":97,"_contentSize":{"__type__":"cc.Size","width":169,"height":169},"_trs":{"__type__":"TypedArray","ctor":"Float64Array","array":[-4,5,0,0,0,0,1,0.85,0.85,1]}},{"__type__":"cc.Node","_name":"fish_suoding_me","_parent":{"__id__":32},"_active":false,"_components":[{"__type__":"cc.Sprite","node":{"__id__":38},"_materials":[{"__uuid__":"ecpdLyjvZBwrvm+cedCcQy"}],"_spriteFrame":{"__uuid__":"d6GNvieS9K8pqo+oyuZNkc"}},{"__type__":"cc.Animation","node":{"__id__":38},"_defaultClip":{"__uuid__":"41C/GXlRNOjLlgy6YN7juw"},"_clips":[{"__uuid__":"41C/GXlRNOjLlgy6YN7juw"}],"playOnLoad":true}],"_prefab":{"__type__":"cc.PrefabInfo","root":{"__id__":1},"asset":{"__uuid__":"5fkriHOXhNcIIbFMHiHa98"},"fileId":"ccuyJE5/BBz7p4bYud+1E3"},"_contentSize":{"__type__":"cc.Size","width":169,"height":169},"_trs":{"__type__":"TypedArray","ctor":"Float64Array","array":[-4,5,0,0,0,0,1,1,1,1]}},{"__type__":"dragonBones.ArmatureDisplay","node":{"__id__":32},"_materials":[{"__uuid__":"ecpdLyjvZBwrvm+cedCcQy"}],"_armatureName":"hongshanyu_shadow","_animationName":"hongshanyu_shadow","_preCacheMode":0,"_armatureKey":"8fcd66b4-3529-46ad-8f00-ea6d9c87079f#e2db6bd6-106b-40ab-98f6-9b4abca1b71a","_N$dragonAsset":{"__uuid__":"8fzWa0NSlGrY8A6m2chwef"},"_N$dragonAtlasAsset":{"__uuid__":"e222vWEGtAq5j2m0q8obca"},"_N$timeScale":0.8},{"__type__":"655c6/MZdJNZo/YxgAvEk8A","node":{"__id__":32},"fish":{"__id__":34},"shadow":{"__id__":39},"collider":{"__id__":41},"head":{"__id__":35},"end":{"__id__":36},"suoMe":{"__id__":38},"suoOther":{"__id__":37}},{"__type__":"cc.PolygonCollider","node":{"__id__":32},"points":[{"__type__":"cc.Vec2","x":-21.6,"y":-9.7},{"__type__":"cc.Vec2","x":-3.8,"y":-18.5},{"__type__":"cc.Vec2","x":51.9,"y":12.6},{"__type__":"cc.Vec2","x":53.1,"y":24.1},{"__type__":"cc.Vec2","x":12.7,"y":36},{"__type__":"cc.Vec2","x":-20.4,"y":28.8},{"__type__":"cc.Vec2","x":-38,"y":7.8}]},{"__type__":"cc.Node","_name":"5","_parent":{"__id__":1},"_children":[{"__id__":43},{"__id__":45},{"__id__":46},{"__id__":47},{"__id__":48}],"_components":[{"__id__":49},{"__id__":50},{"__id__":51}],"_prefab":{"__type__":"cc.PrefabInfo","root":{"__id__":1},"asset":{"__uuid__":"5fkriHOXhNcIIbFMHiHa98"},"fileId":"2eyy8LzlZH4qnQmzblonvS"},"_trs":{"__type__":"TypedArray","ctor":"Float64Array","array":[21.265,2.556,0,0,0,0,1,1,1,1]},"_groupIndex":6,"groupIndex":6},{"__type__":"cc.Node","_name":"fish","_parent":{"__id__":42},"_components":[{"__id__":44}],"_prefab":{"__type__":"cc.PrefabInfo","root":{"__id__":1},"asset":{"__uuid__":"5fkriHOXhNcIIbFMHiHa98"},"fileId":"bc3pGRTMxDTatLAoMVJnny"},"_trs":{"__type__":"TypedArray","ctor":"Float64Array","array":[4,12,0,0,0,0,1,1,1,1]}},{"__type__":"dragonBones.ArmatureDisplay","node":{"__id__":43},"_materials":[{"__uuid__":"ecpdLyjvZBwrvm+cedCcQy"}],"_armatureName":"hongshanyu","_animationName":"hongshanyu","_preCacheMode":0,"_armatureKey":"22fc0303-e5b2-4573-9780-a85825d184dd#59b86e18-a42a-42f3-9b51-a1fa6a82e62e","_N$dragonAsset":{"__uuid__":"22/AMD5bJFc5eAqFgl0YTd"},"_N$dragonAtlasAsset":{"__uuid__":"59uG4YpCpC85tRofpqguYu"},"_N$timeScale":0.8},{"__type__":"cc.Node","_name":"head","_parent":{"__id__":42},"_prefab":{"__type__":"cc.PrefabInfo","root":{"__id__":1},"asset":{"__uuid__":"5fkriHOXhNcIIbFMHiHa98"},"fileId":"5aYbfxUadBeop1UuICW2O3"},"_trs":{"__type__":"TypedArray","ctor":"Float64Array","array":[-35.752,5.886,0,0,0,0,1,1,1,1]}},{"__type__":"cc.Node","_name":"end","_parent":{"__id__":42},"_prefab":{"__type__":"cc.PrefabInfo","root":{"__id__":1},"asset":{"__uuid__":"5fkriHOXhNcIIbFMHiHa98"},"fileId":"b7c0q3wONHyKo1Y6wj+Gqr"},"_trs":{"__type__":"TypedArray","ctor":"Float64Array","array":[-4.425999999999998,8.402999999999999,0,0,0,0,1,1,1,1]}},{"__type__":"cc.Node","_name":"fish_suoding_other","_parent":{"__id__":42},"_active":false,"_components":[{"__type__":"cc.Sprite","node":{"__id__":47},"_materials":[{"__uuid__":"ecpdLyjvZBwrvm+cedCcQy"}],"_spriteFrame":{"__uuid__":"d6GNvieS9K8pqo+oyuZNkc"}},{"__type__":"cc.Animation","node":{"__id__":47},"_defaultClip":{"__uuid__":"41C/GXlRNOjLlgy6YN7juw"},"_clips":[{"__uuid__":"41C/GXlRNOjLlgy6YN7juw"}],"playOnLoad":true}],"_prefab":{"__type__":"cc.PrefabInfo","root":{"__id__":1},"asset":{"__uuid__":"5fkriHOXhNcIIbFMHiHa98"},"fileId":"c9BaGGiWFKtKepB1L0nBD2"},"_opacity":97,"_contentSize":{"__type__":"cc.Size","width":169,"height":169},"_trs":{"__type__":"TypedArray","ctor":"Float64Array","array":[-4,5,0,0,0,0,1,0.85,0.85,1]}},{"__type__":"cc.Node","_name":"fish_suoding_me","_parent":{"__id__":42},"_active":false,"_components":[{"__type__":"cc.Sprite","node":{"__id__":48},"_materials":[{"__uuid__":"ecpdLyjvZBwrvm+cedCcQy"}],"_spriteFrame":{"__uuid__":"d6GNvieS9K8pqo+oyuZNkc"}},{"__type__":"cc.Animation","node":{"__id__":48},"_defaultClip":{"__uuid__":"41C/GXlRNOjLlgy6YN7juw"},"_clips":[{"__uuid__":"41C/GXlRNOjLlgy6YN7juw"}],"playOnLoad":true}],"_prefab":{"__type__":"cc.PrefabInfo","root":{"__id__":1},"asset":{"__uuid__":"5fkriHOXhNcIIbFMHiHa98"},"fileId":"268OjLwGZFAaVXTXm39W3T"},"_contentSize":{"__type__":"cc.Size","width":169,"height":169},"_trs":{"__type__":"TypedArray","ctor":"Float64Array","array":[-4,5,0,0,0,0,1,1,1,1]}},{"__type__":"dragonBones.ArmatureDisplay","node":{"__id__":42},"_materials":[{"__uuid__":"ecpdLyjvZBwrvm+cedCcQy"}],"_armatureName":"hongshanyu_shadow","_animationName":"hongshanyu_shadow","_preCacheMode":0,"_armatureKey":"8fcd66b4-3529-46ad-8f00-ea6d9c87079f#e2db6bd6-106b-40ab-98f6-9b4abca1b71a","_N$dragonAsset":{"__uuid__":"8fzWa0NSlGrY8A6m2chwef"},"_N$dragonAtlasAsset":{"__uuid__":"e222vWEGtAq5j2m0q8obca"},"_N$timeScale":0.8},{"__type__":"655c6/MZdJNZo/YxgAvEk8A","node":{"__id__":42},"fish":{"__id__":44},"shadow":{"__id__":49},"collider":{"__id__":51},"head":{"__id__":45},"end":{"__id__":46},"suoMe":{"__id__":48},"suoOther":{"__id__":47}},{"__type__":"cc.PolygonCollider","node":{"__id__":42},"points":[{"__type__":"cc.Vec2","x":-21.6,"y":-9.7},{"__type__":"cc.Vec2","x":-3.8,"y":-18.5},{"__type__":"cc.Vec2","x":51.9,"y":12.6},{"__type__":"cc.Vec2","x":53.1,"y":24.1},{"__type__":"cc.Vec2","x":12.7,"y":36},{"__type__":"cc.Vec2","x":-20.4,"y":28.8},{"__type__":"cc.Vec2","x":-38,"y":7.8}]},{"__type__":"cc.Node","_name":"6","_parent":{"__id__":1},"_children":[{"__id__":53},{"__id__":55},{"__id__":56},{"__id__":57},{"__id__":58}],"_components":[{"__id__":59},{"__id__":60},{"__id__":61}],"_prefab":{"__type__":"cc.PrefabInfo","root":{"__id__":1},"asset":{"__uuid__":"5fkriHOXhNcIIbFMHiHa98"},"fileId":"1fcoJvyvRGmr8FufkYHjKt"},"_trs":{"__type__":"TypedArray","ctor":"Float64Array","array":[61.796,-59.799,0,0,0,0,1,1,1,1]},"_groupIndex":6,"groupIndex":6},{"__type__":"cc.Node","_name":"fish","_parent":{"__id__":52},"_components":[{"__id__":54}],"_prefab":{"__type__":"cc.PrefabInfo","root":{"__id__":1},"asset":{"__uuid__":"5fkriHOXhNcIIbFMHiHa98"},"fileId":"a7thIMlbhNh5fPAQmV6KG0"},"_trs":{"__type__":"TypedArray","ctor":"Float64Array","array":[4,12,0,0,0,0,1,1,1,1]}},{"__type__":"dragonBones.ArmatureDisplay","node":{"__id__":53},"_materials":[{"__uuid__":"ecpdLyjvZBwrvm+cedCcQy"}],"_armatureName":"hongshanyu","_animationName":"hongshanyu","_preCacheMode":0,"_armatureKey":"22fc0303-e5b2-4573-9780-a85825d184dd#59b86e18-a42a-42f3-9b51-a1fa6a82e62e","_N$dragonAsset":{"__uuid__":"22/AMD5bJFc5eAqFgl0YTd"},"_N$dragonAtlasAsset":{"__uuid__":"59uG4YpCpC85tRofpqguYu"},"_N$timeScale":0.8},{"__type__":"cc.Node","_name":"head","_parent":{"__id__":52},"_prefab":{"__type__":"cc.PrefabInfo","root":{"__id__":1},"asset":{"__uuid__":"5fkriHOXhNcIIbFMHiHa98"},"fileId":"76MRluDERETbWH9Yz5g94d"},"_trs":{"__type__":"TypedArray","ctor":"Float64Array","array":[-35.752,5.886,0,0,0,0,1,1,1,1]}},{"__type__":"cc.Node","_name":"end","_parent":{"__id__":52},"_prefab":{"__type__":"cc.PrefabInfo","root":{"__id__":1},"asset":{"__uuid__":"5fkriHOXhNcIIbFMHiHa98"},"fileId":"22xFuLDrFECYnOyZqoT1jj"},"_trs":{"__type__":"TypedArray","ctor":"Float64Array","array":[-4.425999999999998,8.402999999999999,0,0,0,0,1,1,1,1]}},{"__type__":"cc.Node","_name":"fish_suoding_other","_parent":{"__id__":52},"_active":false,"_components":[{"__type__":"cc.Sprite","node":{"__id__":57},"_materials":[{"__uuid__":"ecpdLyjvZBwrvm+cedCcQy"}],"_spriteFrame":{"__uuid__":"d6GNvieS9K8pqo+oyuZNkc"}},{"__type__":"cc.Animation","node":{"__id__":57},"_defaultClip":{"__uuid__":"41C/GXlRNOjLlgy6YN7juw"},"_clips":[{"__uuid__":"41C/GXlRNOjLlgy6YN7juw"}],"playOnLoad":true}],"_prefab":{"__type__":"cc.PrefabInfo","root":{"__id__":1},"asset":{"__uuid__":"5fkriHOXhNcIIbFMHiHa98"},"fileId":"83n2CAv+JMV4JzGkdF1crC"},"_opacity":97,"_contentSize":{"__type__":"cc.Size","width":169,"height":169},"_trs":{"__type__":"TypedArray","ctor":"Float64Array","array":[-4,5,0,0,0,0,1,0.85,0.85,1]}},{"__type__":"cc.Node","_name":"fish_suoding_me","_parent":{"__id__":52},"_active":false,"_components":[{"__type__":"cc.Sprite","node":{"__id__":58},"_materials":[{"__uuid__":"ecpdLyjvZBwrvm+cedCcQy"}],"_spriteFrame":{"__uuid__":"d6GNvieS9K8pqo+oyuZNkc"}},{"__type__":"cc.Animation","node":{"__id__":58},"_defaultClip":{"__uuid__":"41C/GXlRNOjLlgy6YN7juw"},"_clips":[{"__uuid__":"41C/GXlRNOjLlgy6YN7juw"}],"playOnLoad":true}],"_prefab":{"__type__":"cc.PrefabInfo","root":{"__id__":1},"asset":{"__uuid__":"5fkriHOXhNcIIbFMHiHa98"},"fileId":"4fPzNv6A5ChYQGKRIpvwvy"},"_contentSize":{"__type__":"cc.Size","width":169,"height":169},"_trs":{"__type__":"TypedArray","ctor":"Float64Array","array":[-4,5,0,0,0,0,1,1,1,1]}},{"__type__":"dragonBones.ArmatureDisplay","node":{"__id__":52},"_materials":[{"__uuid__":"ecpdLyjvZBwrvm+cedCcQy"}],"_armatureName":"hongshanyu_shadow","_animationName":"hongshanyu_shadow","_preCacheMode":0,"_armatureKey":"8fcd66b4-3529-46ad-8f00-ea6d9c87079f#e2db6bd6-106b-40ab-98f6-9b4abca1b71a","_N$dragonAsset":{"__uuid__":"8fzWa0NSlGrY8A6m2chwef"},"_N$dragonAtlasAsset":{"__uuid__":"e222vWEGtAq5j2m0q8obca"},"_N$timeScale":0.8},{"__type__":"655c6/MZdJNZo/YxgAvEk8A","node":{"__id__":52},"fish":{"__id__":54},"shadow":{"__id__":59},"collider":{"__id__":61},"head":{"__id__":55},"end":{"__id__":56},"suoMe":{"__id__":58},"suoOther":{"__id__":57}},{"__type__":"cc.PolygonCollider","node":{"__id__":52},"points":[{"__type__":"cc.Vec2","x":-21.6,"y":-9.7},{"__type__":"cc.Vec2","x":-3.8,"y":-18.5},{"__type__":"cc.Vec2","x":51.9,"y":12.6},{"__type__":"cc.Vec2","x":53.1,"y":24.1},{"__type__":"cc.Vec2","x":12.7,"y":36},{"__type__":"cc.Vec2","x":-20.4,"y":28.8},{"__type__":"cc.Vec2","x":-38,"y":7.8}]},{"__type__":"cc.Animation","node":{"__id__":1},"_clips":[{"__uuid__":"e9fQCD2kxOlprlZnrlNB4D"},{"__uuid__":"8d7O9pkUxGeLiqU1YIs1AF"},{"__uuid__":"b3zbrzR5hN9I3qwIo34tbt"},{"__uuid__":"2ariK0QvBNC5JUT7b0wqqI"},{"__uuid__":"fePRiE3NlMlq8E72ur/DY6"},{"__uuid__":"c0/4JeptRBw7MgzV6pokCU"},{"__uuid__":"f0EWEJkV1AJIjOA7cBrPzk"},{"__uuid__":"04hzkOLzpE8Ym7yjQmNgmF"},{"__uuid__":"cek4xpsdJL5a/xqAWte7V8"},{"__uuid__":"cbkHOHPXxC4bNJyGf5k2g9"},{"__uuid__":"36YgJg+WRAppELNCQpL2gR"}]}],{"__type__":"cc.SpriteFrame","content":{"name":"fish_game_pic_suoding1","texture":"bclyb1CdFAXZK7vE6k7C0V","rect":[0,0,169,169],"offset":[-0.5,0.5],"originalSize":[170,170],"capInsets":[0,0,0,0]}}]