{"__type__":"dragonBones.DragonBonesAsset","_name":"gamehall_effect_touch_ske","_dragonBonesJson":"{\"frameRate\":24,\"name\":\"gamehall_effect_touch\",\"version\":\"5.5\",\"compatibleVersion\":\"5.5\",\"armature\":[{\"type\":\"Armature\",\"frameRate\":24,\"name\":\"gamehall_effect_touch\",\"aabb\":{\"x\":-65.08,\"y\":-112.31,\"width\":148.22,\"height\":219},\"bone\":[{\"name\":\"root\"},{\"name\":\"bone3\",\"parent\":\"root\",\"transform\":{\"x\":16.6452,\"y\":-2.8093,\"scX\":2.4,\"scY\":2.4}},{\"name\":\"bone21\",\"parent\":\"root\",\"transform\":{\"x\":5.4233,\"y\":5.4233,\"scX\":-2,\"scY\":-2}},{\"name\":\"bone31\",\"parent\":\"root\",\"transform\":{\"x\":16.6452,\"y\":-2.8093,\"scX\":-2.4,\"scY\":-2.4}},{\"name\":\"bone4\",\"parent\":\"root\"},{\"name\":\"bone2\",\"parent\":\"root\",\"transform\":{\"x\":5.4233,\"y\":5.4233,\"scX\":2,\"scY\":2}},{\"name\":\"huase00011\",\"parent\":\"bone4\",\"transform\":{\"x\":-5.3867,\"y\":-6.0106,\"scX\":1.5215,\"scY\":1.5215}},{\"name\":\"huase0001111\",\"parent\":\"bone4\",\"transform\":{\"x\":-1.0235,\"y\":8.1706}},{\"name\":\"huase000111111\",\"parent\":\"bone4\",\"transform\":{\"x\":-6.4568,\"y\":-1.0867,\"scX\":0.8135,\"scY\":0.8135}},{\"name\":\"huase000111\",\"parent\":\"bone4\",\"transform\":{\"x\":-11.2047,\"y\":5.6253,\"scX\":1.082,\"scY\":1.082}},{\"name\":\"bone1\",\"parent\":\"bone4\"},{\"name\":\"bone\",\"parent\":\"bone4\"},{\"name\":\"huase0001\",\"parent\":\"bone4\",\"transform\":{\"x\":12.596,\"y\":1.923}},{\"name\":\"huase00011111\",\"parent\":\"bone4\",\"transform\":{\"x\":5.6421,\"y\":-12.6596}},{\"name\":\"guangyun\",\"parent\":\"bone4\",\"transform\":{\"scX\":5.7331,\"scY\":5.7331}}],\"slot\":[{\"blendMode\":\"add\",\"name\":\"guangyun\",\"parent\":\"guangyun\"},{\"blendMode\":\"add\",\"name\":\"huase0001\",\"parent\":\"huase0001\"},{\"blendMode\":\"add\",\"name\":\"quan0002\",\"parent\":\"bone1\"},{\"blendMode\":\"add\",\"name\":\"quan0001\",\"parent\":\"bone\"},{\"blendMode\":\"add\",\"name\":\"xian10002\",\"parent\":\"bone2\"},{\"displayIndex\":17,\"name\":\"xian20001\",\"parent\":\"bone3\"},{\"blendMode\":\"add\",\"displayIndex\":5,\"name\":\"huase00011\",\"parent\":\"huase00011\"},{\"blendMode\":\"add\",\"displayIndex\":2,\"name\":\"huase000111\",\"parent\":\"huase000111\"},{\"blendMode\":\"add\",\"displayIndex\":7,\"name\":\"huase0001111\",\"parent\":\"huase0001111\"},{\"blendMode\":\"add\",\"displayIndex\":6,\"name\":\"huase00011111\",\"parent\":\"huase00011111\"},{\"blendMode\":\"add\",\"displayIndex\":3,\"name\":\"huase000111111\",\"parent\":\"huase000111111\"},{\"blendMode\":\"add\",\"name\":\"xian100021\",\"parent\":\"bone21\"},{\"displayIndex\":17,\"name\":\"xian200011\",\"parent\":\"bone31\"}],\"skin\":[{\"slot\":[{\"name\":\"xian100021\",\"display\":[{\"name\":\"xian10002\"},{\"name\":\"xian10020\"},{\"name\":\"xian10019\"},{\"name\":\"xian10018\"},{\"name\":\"xian10017\"},{\"name\":\"xian10016\"},{\"name\":\"xian10015\"},{\"name\":\"xian10014\"},{\"name\":\"xian10013\"},{\"name\":\"xian10012\"},{\"name\":\"xian10011\"},{\"name\":\"xian10010\"},{\"name\":\"xian10009\"},{\"name\":\"xian10008\"},{\"name\":\"xian10007\"},{\"name\":\"xian10006\"},{\"name\":\"xian10005\"},{\"name\":\"xian10004\"},{\"name\":\"xian10003\"}]},{\"name\":\"xian10002\",\"display\":[{\"name\":\"xian10002\"},{\"name\":\"xian10020\"},{\"name\":\"xian10019\"},{\"name\":\"xian10018\"},{\"name\":\"xian10017\"},{\"name\":\"xian10016\"},{\"name\":\"xian10015\"},{\"name\":\"xian10014\"},{\"name\":\"xian10013\"},{\"name\":\"xian10012\"},{\"name\":\"xian10011\"},{\"name\":\"xian10010\"},{\"name\":\"xian10009\"},{\"name\":\"xian10008\"},{\"name\":\"xian10007\"},{\"name\":\"xian10006\"},{\"name\":\"xian10005\"},{\"name\":\"xian10004\"},{\"name\":\"xian10003\"}]},{\"name\":\"huase00011\",\"display\":[{\"name\":\"huase0008\",\"transform\":{\"x\":1.8,\"y\":2.41}},{\"name\":\"huase0007\",\"transform\":{\"x\":1.8,\"y\":2.41}},{\"name\":\"huase0006\",\"transform\":{\"x\":1.8,\"y\":2.41}},{\"name\":\"huase0005\",\"transform\":{\"x\":1.8,\"y\":2.41}},{\"name\":\"huase0004\",\"transform\":{\"x\":1.8,\"y\":2.41}},{\"name\":\"huase0003\",\"transform\":{\"x\":1.8,\"y\":2.41}},{\"name\":\"huase0002\",\"transform\":{\"x\":1.8,\"y\":2.41}},{\"name\":\"huase0001\",\"transform\":{\"x\":1.8,\"y\":2.41}}]},{\"name\":\"huase0001111\",\"display\":[{\"name\":\"huase0008\",\"transform\":{\"x\":1.8,\"y\":2.41}},{\"name\":\"huase0007\",\"transform\":{\"x\":1.8,\"y\":2.41}},{\"name\":\"huase0006\",\"transform\":{\"x\":1.8,\"y\":2.41}},{\"name\":\"huase0005\",\"transform\":{\"x\":1.8,\"y\":2.41}},{\"name\":\"huase0004\",\"transform\":{\"x\":1.8,\"y\":2.41}},{\"name\":\"huase0003\",\"transform\":{\"x\":1.8,\"y\":2.41}},{\"name\":\"huase0002\",\"transform\":{\"x\":1.8,\"y\":2.41}},{\"name\":\"huase0001\",\"transform\":{\"x\":1.8,\"y\":2.41}}]},{\"name\":\"huase0001\",\"display\":[{\"name\":\"huase0008\",\"transform\":{\"x\":1.8,\"y\":2.41}},{\"name\":\"huase0007\",\"transform\":{\"x\":1.8,\"y\":2.41}},{\"name\":\"huase0006\",\"transform\":{\"x\":1.8,\"y\":2.41}},{\"name\":\"huase0005\",\"transform\":{\"x\":1.8,\"y\":2.41}},{\"name\":\"huase0004\",\"transform\":{\"x\":1.8,\"y\":2.41}},{\"name\":\"huase0003\",\"transform\":{\"x\":1.8,\"y\":2.41}},{\"name\":\"huase0002\",\"transform\":{\"x\":1.8,\"y\":2.41}},{\"name\":\"huase0001\",\"transform\":{\"x\":1.8,\"y\":2.41}}]},{\"name\":\"huase000111111\",\"display\":[{\"name\":\"huase0008\",\"transform\":{\"x\":1.8,\"y\":2.41}},{\"name\":\"huase0007\",\"transform\":{\"x\":1.8,\"y\":2.41}},{\"name\":\"huase0006\",\"transform\":{\"x\":1.8,\"y\":2.41}},{\"name\":\"huase0005\",\"transform\":{\"x\":1.8,\"y\":2.41}},{\"name\":\"huase0004\",\"transform\":{\"x\":1.8,\"y\":2.41}},{\"name\":\"huase0003\",\"transform\":{\"x\":1.8,\"y\":2.41}},{\"name\":\"huase0002\",\"transform\":{\"x\":1.8,\"y\":2.41}},{\"name\":\"huase0001\",\"transform\":{\"x\":1.8,\"y\":2.41}}]},{\"name\":\"quan0001\",\"display\":[{\"name\":\"quan0001\"}]},{\"name\":\"xian200011\",\"display\":[{\"name\":\"xian20020\"},{\"name\":\"xian20019\"},{\"name\":\"xian20018\"},{\"name\":\"xian20017\"},{\"name\":\"xian20016\"},{\"name\":\"xian20015\"},{\"name\":\"xian20014\"},{\"name\":\"xian20013\"},{\"name\":\"xian20012\"},{\"name\":\"xian20011\"},{\"name\":\"xian20010\"},{\"name\":\"xian20009\"},{\"name\":\"xian20008\"},{\"name\":\"xian20007\"},{\"name\":\"xian20006\"},{\"name\":\"xian20005\"},{\"name\":\"xian20004\"},{\"name\":\"xian20003\"},{\"name\":\"xian20002\"},{\"name\":\"xian20001\"}]},{\"name\":\"xian20001\",\"display\":[{\"name\":\"xian20020\"},{\"name\":\"xian20019\"},{\"name\":\"xian20018\"},{\"name\":\"xian20017\"},{\"name\":\"xian20016\"},{\"name\":\"xian20015\"},{\"name\":\"xian20014\"},{\"name\":\"xian20013\"},{\"name\":\"xian20012\"},{\"name\":\"xian20011\"},{\"name\":\"xian20010\"},{\"name\":\"xian20009\"},{\"name\":\"xian20008\"},{\"name\":\"xian20007\"},{\"name\":\"xian20006\"},{\"name\":\"xian20005\"},{\"name\":\"xian20004\"},{\"name\":\"xian20003\"},{\"name\":\"xian20002\"},{\"name\":\"xian20001\"}]},{\"name\":\"huase000111\",\"display\":[{\"name\":\"huase0008\",\"transform\":{\"x\":1.8,\"y\":2.41}},{\"name\":\"huase0007\",\"transform\":{\"x\":1.8,\"y\":2.41}},{\"name\":\"huase0006\",\"transform\":{\"x\":1.8,\"y\":2.41}},{\"name\":\"huase0005\",\"transform\":{\"x\":1.8,\"y\":2.41}},{\"name\":\"huase0004\",\"transform\":{\"x\":1.8,\"y\":2.41}},{\"name\":\"huase0003\",\"transform\":{\"x\":1.8,\"y\":2.41}},{\"name\":\"huase0002\",\"transform\":{\"x\":1.8,\"y\":2.41}},{\"name\":\"huase0001\",\"transform\":{\"x\":1.8,\"y\":2.41}}]},{\"name\":\"guangyun\",\"display\":[{\"name\":\"guangyun\"}]},{\"name\":\"huase00011111\",\"display\":[{\"name\":\"huase0008\",\"transform\":{\"x\":1.8,\"y\":2.41}},{\"name\":\"huase0007\",\"transform\":{\"x\":1.8,\"y\":2.41}},{\"name\":\"huase0006\",\"transform\":{\"x\":1.8,\"y\":2.41}},{\"name\":\"huase0005\",\"transform\":{\"x\":1.8,\"y\":2.41}},{\"name\":\"huase0004\",\"transform\":{\"x\":1.8,\"y\":2.41}},{\"name\":\"huase0003\",\"transform\":{\"x\":1.8,\"y\":2.41}},{\"name\":\"huase0002\",\"transform\":{\"x\":1.8,\"y\":2.41}},{\"name\":\"huase0001\",\"transform\":{\"x\":1.8,\"y\":2.41}}]},{\"name\":\"quan0002\",\"display\":[{\"name\":\"quan0002\"}]}]}],\"animation\":[{\"duration\":30,\"playTimes\":0,\"name\":\"newAnimation\",\"bone\":[{\"name\":\"huase0001\",\"translateFrame\":[{\"duration\":13,\"tweenEasing\":0,\"x\":-6.68,\"y\":4.01},{\"duration\":17,\"x\":50.75,\"y\":35.39}],\"scaleFrame\":[{\"duration\":6,\"tweenEasing\":0,\"x\":0.44,\"y\":0.44},{\"duration\":7,\"tweenEasing\":0,\"x\":0.76,\"y\":0.76},{\"duration\":17,\"x\":0.47,\"y\":0.47}]},{\"name\":\"bone\",\"scaleFrame\":[{\"duration\":24,\"tweenEasing\":0,\"x\":0.59,\"y\":0.59},{\"duration\":6,\"x\":1.18,\"y\":1.18}]},{\"name\":\"bone1\",\"scaleFrame\":[{\"duration\":24,\"tweenEasing\":0,\"x\":0.69,\"y\":0.69},{\"duration\":6,\"x\":0.91,\"y\":0.91}]},{\"name\":\"huase00011\",\"translateFrame\":[{\"duration\":4},{\"duration\":13,\"tweenEasing\":0,\"x\":3.19,\"y\":-0.06},{\"duration\":13,\"x\":-6.16,\"y\":-62.71}],\"scaleFrame\":[{\"duration\":4},{\"duration\":6,\"tweenEasing\":0,\"x\":0.44,\"y\":0.44},{\"duration\":7,\"tweenEasing\":0,\"x\":0.76,\"y\":0.76},{\"duration\":13,\"x\":0.47,\"y\":0.47}]},{\"name\":\"huase000111\",\"translateFrame\":[{},{\"duration\":13,\"tweenEasing\":0,\"x\":-6.68,\"y\":4.01},{\"duration\":16,\"x\":-43.39,\"y\":20.58}],\"scaleFrame\":[{},{\"duration\":6,\"tweenEasing\":0,\"x\":0.44,\"y\":0.44},{\"duration\":7,\"tweenEasing\":0,\"x\":0.76,\"y\":0.76},{\"duration\":16,\"x\":0.47,\"y\":0.47}]},{\"name\":\"huase0001111\",\"translateFrame\":[{\"duration\":5},{\"duration\":13,\"tweenEasing\":0,\"x\":0.45,\"y\":-2.1},{\"duration\":12,\"x\":-10.31,\"y\":46.54}],\"scaleFrame\":[{\"duration\":5},{\"duration\":6,\"tweenEasing\":0,\"x\":0.44,\"y\":0.44},{\"duration\":7,\"tweenEasing\":0,\"x\":0.76,\"y\":0.76},{\"duration\":12,\"x\":0.47,\"y\":0.47}]},{\"name\":\"huase00011111\",\"translateFrame\":[{\"duration\":2},{\"duration\":13,\"tweenEasing\":0,\"x\":-1.22,\"y\":16.23},{\"duration\":15,\"x\":45.52,\"y\":-25.11}],\"scaleFrame\":[{\"duration\":2},{\"duration\":6,\"tweenEasing\":0,\"x\":0.44,\"y\":0.44},{\"duration\":7,\"tweenEasing\":0,\"x\":0.76,\"y\":0.76},{\"duration\":15,\"x\":0.47,\"y\":0.47}]},{\"name\":\"huase000111111\",\"translateFrame\":[{\"duration\":3},{\"duration\":13,\"tweenEasing\":0,\"x\":4.04,\"y\":-4.29},{\"duration\":14,\"x\":-34.97,\"y\":-30.37}],\"scaleFrame\":[{\"duration\":3},{\"duration\":6,\"tweenEasing\":0,\"x\":0.44,\"y\":0.44},{\"duration\":7,\"tweenEasing\":0,\"x\":0.76,\"y\":0.76},{\"duration\":14,\"x\":0.47,\"y\":0.47}]},{\"name\":\"bone21\",\"translateFrame\":[{\"duration\":30,\"x\":-10.76,\"y\":-1.33}]},{\"name\":\"bone4\",\"scaleFrame\":[{\"duration\":30,\"x\":1.12,\"y\":1.12}]},{\"name\":\"guangyun\",\"scaleFrame\":[{\"duration\":8,\"tweenEasing\":0,\"x\":0.36,\"y\":0.36},{\"duration\":22,\"x\":0.56,\"y\":0.56}]}],\"slot\":[{\"name\":\"huase0001\",\"colorFrame\":[{\"duration\":6,\"tweenEasing\":0,\"value\":{\"aM\":0}},{\"duration\":7,\"tweenEasing\":0},{\"duration\":17,\"value\":{\"aM\":0}}]},{\"name\":\"quan0002\",\"colorFrame\":[{\"duration\":18,\"tweenEasing\":0},{\"duration\":12,\"value\":{\"aM\":0}}]},{\"name\":\"quan0001\",\"colorFrame\":[{\"duration\":6,\"tweenEasing\":0,\"value\":{\"aM\":0}},{\"duration\":14,\"tweenEasing\":0},{\"duration\":10,\"value\":{\"aM\":0}}]},{\"name\":\"xian10002\",\"displayFrame\":[{},{\"duration\":2,\"value\":18},{\"duration\":2,\"value\":17},{\"value\":16},{\"duration\":2,\"value\":15},{\"value\":14},{\"duration\":2,\"value\":13},{\"duration\":2,\"value\":12},{\"value\":11},{\"value\":10},{\"duration\":2,\"value\":9},{\"duration\":2,\"value\":8},{\"value\":7},{\"duration\":2,\"value\":6},{\"duration\":2,\"value\":5},{\"value\":4},{\"duration\":2,\"value\":3},{\"duration\":2,\"value\":2},{\"value\":1},{\"duration\":0,\"value\":-1}]},{\"name\":\"xian20001\",\"displayFrame\":[{\"duration\":30,\"value\":-1}]},{\"name\":\"huase00011\",\"displayFrame\":[{\"duration\":4,\"value\":-1},{\"duration\":26,\"value\":5}],\"colorFrame\":[{\"duration\":4},{\"duration\":6,\"tweenEasing\":0,\"value\":{\"aM\":0}},{\"duration\":7,\"tweenEasing\":0},{\"duration\":13,\"value\":{\"aM\":0}}]},{\"name\":\"huase000111\",\"displayFrame\":[{\"value\":-1},{\"duration\":29,\"value\":2}],\"colorFrame\":[{},{\"duration\":6,\"tweenEasing\":0,\"value\":{\"aM\":0}},{\"duration\":7,\"tweenEasing\":0},{\"duration\":16,\"value\":{\"aM\":0}}]},{\"name\":\"huase0001111\",\"displayFrame\":[{\"duration\":5,\"value\":-1},{\"duration\":25,\"value\":7}],\"colorFrame\":[{\"duration\":5},{\"duration\":6,\"tweenEasing\":0,\"value\":{\"aM\":0}},{\"duration\":7,\"tweenEasing\":0},{\"duration\":12,\"value\":{\"aM\":0}}]},{\"name\":\"huase00011111\",\"displayFrame\":[{\"duration\":2,\"value\":-1},{\"duration\":28,\"value\":6}],\"colorFrame\":[{\"duration\":2},{\"duration\":6,\"tweenEasing\":0,\"value\":{\"aM\":0}},{\"duration\":7,\"tweenEasing\":0},{\"duration\":15,\"value\":{\"aM\":0}}]},{\"name\":\"huase000111111\",\"displayFrame\":[{\"duration\":3,\"value\":-1},{\"duration\":27,\"value\":3}],\"colorFrame\":[{\"duration\":3},{\"duration\":6,\"tweenEasing\":0,\"value\":{\"aM\":0}},{\"duration\":7,\"tweenEasing\":0},{\"duration\":14,\"value\":{\"aM\":0}}]},{\"name\":\"xian100021\",\"displayFrame\":[{},{\"duration\":2,\"value\":18},{\"duration\":2,\"value\":17},{\"value\":16},{\"duration\":2,\"value\":15},{\"value\":14},{\"duration\":2,\"value\":13},{\"duration\":2,\"value\":12},{\"value\":11},{\"value\":10},{\"duration\":2,\"value\":9},{\"duration\":2,\"value\":8},{\"value\":7},{\"duration\":2,\"value\":6},{\"duration\":2,\"value\":5},{\"value\":4},{\"duration\":2,\"value\":3},{\"duration\":2,\"value\":2},{\"value\":1},{\"duration\":0,\"value\":-1}]},{\"name\":\"xian200011\",\"displayFrame\":[{\"duration\":30,\"value\":-1}]},{\"name\":\"guangyun\",\"colorFrame\":[{\"duration\":4,\"tweenEasing\":0,\"value\":{\"aM\":0}},{\"duration\":4,\"tweenEasing\":0},{\"duration\":22,\"value\":{\"aM\":0}}]}]},{\"duration\":30,\"playTimes\":0,\"name\":\"newAnimation2\",\"bone\":[{\"name\":\"huase0001\",\"translateFrame\":[{\"duration\":13,\"tweenEasing\":0,\"x\":-6.68,\"y\":4.01},{\"duration\":17,\"x\":50.75,\"y\":35.39}],\"scaleFrame\":[{\"duration\":6,\"tweenEasing\":0,\"x\":0.44,\"y\":0.44},{\"duration\":7,\"tweenEasing\":0,\"x\":0.76,\"y\":0.76},{\"duration\":17,\"x\":0.47,\"y\":0.47}]},{\"name\":\"bone\",\"scaleFrame\":[{\"duration\":24,\"tweenEasing\":0,\"x\":0.59,\"y\":0.59},{\"duration\":6,\"x\":1.18,\"y\":1.18}]},{\"name\":\"bone1\",\"scaleFrame\":[{\"duration\":24,\"tweenEasing\":0,\"x\":0.69,\"y\":0.69},{\"duration\":6,\"x\":0.91,\"y\":0.91}]},{\"name\":\"huase00011\",\"translateFrame\":[{\"duration\":5},{\"duration\":13,\"tweenEasing\":0,\"x\":3.19,\"y\":-0.06},{\"duration\":12,\"x\":-6.16,\"y\":-62.71}],\"scaleFrame\":[{\"duration\":5},{\"duration\":6,\"tweenEasing\":0,\"x\":0.44,\"y\":0.44},{\"duration\":7,\"tweenEasing\":0,\"x\":0.76,\"y\":0.76},{\"duration\":12,\"x\":0.47,\"y\":0.47}]},{\"name\":\"huase000111\",\"translateFrame\":[{\"duration\":2},{\"duration\":13,\"tweenEasing\":0,\"x\":-6.68,\"y\":4.01},{\"duration\":15,\"x\":-43.39,\"y\":20.58}],\"scaleFrame\":[{\"duration\":2},{\"duration\":6,\"tweenEasing\":0,\"x\":0.44,\"y\":0.44},{\"duration\":7,\"tweenEasing\":0,\"x\":0.76,\"y\":0.76},{\"duration\":15,\"x\":0.47,\"y\":0.47}]},{\"name\":\"huase0001111\",\"translateFrame\":[{\"duration\":3},{\"duration\":13,\"tweenEasing\":0,\"x\":0.45,\"y\":-2.1},{\"duration\":14,\"x\":-10.31,\"y\":46.54}],\"scaleFrame\":[{\"duration\":3},{\"duration\":6,\"tweenEasing\":0,\"x\":0.44,\"y\":0.44},{\"duration\":7,\"tweenEasing\":0,\"x\":0.76,\"y\":0.76},{\"duration\":14,\"x\":0.47,\"y\":0.47}]},{\"name\":\"huase00011111\",\"translateFrame\":[{\"duration\":4},{\"duration\":13,\"tweenEasing\":0,\"x\":-1.22,\"y\":16.23},{\"duration\":13,\"x\":45.52,\"y\":-25.11}],\"scaleFrame\":[{\"duration\":4},{\"duration\":6,\"tweenEasing\":0,\"x\":0.44,\"y\":0.44},{\"duration\":7,\"tweenEasing\":0,\"x\":0.76,\"y\":0.76},{\"duration\":13,\"x\":0.47,\"y\":0.47}]},{\"name\":\"huase000111111\",\"translateFrame\":[{},{\"duration\":13,\"tweenEasing\":0,\"x\":4.04,\"y\":-4.29},{\"duration\":16,\"x\":-34.97,\"y\":-30.37}],\"scaleFrame\":[{},{\"duration\":6,\"tweenEasing\":0,\"x\":0.44,\"y\":0.44},{\"duration\":7,\"tweenEasing\":0,\"x\":0.76,\"y\":0.76},{\"duration\":16,\"x\":0.47,\"y\":0.47}]},{\"name\":\"bone21\",\"translateFrame\":[{\"duration\":30,\"x\":-10.76,\"y\":-1.33}]},{\"name\":\"bone31\",\"translateFrame\":[{\"duration\":30,\"x\":-18.74,\"y\":-2.26}]},{\"name\":\"bone4\",\"scaleFrame\":[{\"duration\":30,\"x\":1.5,\"y\":1.5}]},{\"name\":\"guangyun\",\"scaleFrame\":[{\"duration\":8,\"tweenEasing\":0,\"x\":0.45,\"y\":0.45},{\"duration\":22,\"x\":0.69,\"y\":0.69}]}],\"slot\":[{\"name\":\"huase0001\",\"displayFrame\":[{\"duration\":30,\"value\":5}],\"colorFrame\":[{\"duration\":6,\"tweenEasing\":0,\"value\":{\"aM\":0}},{\"duration\":7,\"tweenEasing\":0},{\"duration\":17,\"value\":{\"aM\":0}}]},{\"name\":\"quan0002\",\"colorFrame\":[{\"duration\":18,\"tweenEasing\":0},{\"duration\":12,\"value\":{\"aM\":0}}]},{\"name\":\"quan0001\",\"colorFrame\":[{\"duration\":6,\"tweenEasing\":0,\"value\":{\"aM\":0}},{\"duration\":14,\"tweenEasing\":0},{\"duration\":10,\"value\":{\"aM\":0}}]},{\"name\":\"xian10002\",\"displayFrame\":[{\"duration\":30,\"value\":-1}]},{\"name\":\"xian20001\",\"displayFrame\":[{\"value\":19},{\"duration\":2,\"value\":18},{\"value\":17},{\"duration\":2,\"value\":16},{\"value\":15},{\"duration\":2,\"value\":14},{\"value\":13},{\"duration\":2,\"value\":12},{\"value\":11},{\"duration\":2,\"value\":10},{\"value\":9},{\"duration\":2,\"value\":8},{\"value\":7},{\"duration\":2,\"value\":6},{\"value\":5},{\"duration\":2,\"value\":4},{\"value\":3},{\"duration\":2,\"value\":2},{\"duration\":2,\"value\":1},{},{\"duration\":0,\"value\":-1}]},{\"name\":\"huase00011\",\"displayFrame\":[{\"duration\":5,\"value\":-1},{\"duration\":25,\"value\":6}],\"colorFrame\":[{\"duration\":5},{\"duration\":6,\"tweenEasing\":0,\"value\":{\"aM\":0}},{\"duration\":7,\"tweenEasing\":0},{\"duration\":12,\"value\":{\"aM\":0}}]},{\"name\":\"huase000111\",\"displayFrame\":[{\"duration\":2,\"value\":-1},{\"duration\":28,\"value\":7}],\"colorFrame\":[{\"duration\":2},{\"duration\":6,\"tweenEasing\":0,\"value\":{\"aM\":0}},{\"duration\":7,\"tweenEasing\":0},{\"duration\":15,\"value\":{\"aM\":0}}]},{\"name\":\"huase0001111\",\"displayFrame\":[{\"duration\":3,\"value\":-1},{\"duration\":27,\"value\":2}],\"colorFrame\":[{\"duration\":3},{\"duration\":6,\"tweenEasing\":0,\"value\":{\"aM\":0}},{\"duration\":7,\"tweenEasing\":0},{\"duration\":14,\"value\":{\"aM\":0}}]},{\"name\":\"huase00011111\",\"displayFrame\":[{\"duration\":4,\"value\":-1},{\"duration\":26,\"value\":1}],\"colorFrame\":[{\"duration\":4},{\"duration\":6,\"tweenEasing\":0,\"value\":{\"aM\":0}},{\"duration\":7,\"tweenEasing\":0},{\"duration\":13,\"value\":{\"aM\":0}}]},{\"name\":\"huase000111111\",\"displayFrame\":[{\"value\":-1},{\"duration\":2,\"value\":6},{\"duration\":27}],\"colorFrame\":[{},{\"duration\":6,\"tweenEasing\":0,\"value\":{\"aM\":0}},{\"duration\":7,\"tweenEasing\":0},{\"duration\":16,\"value\":{\"aM\":0}}]},{\"name\":\"xian100021\",\"displayFrame\":[{\"duration\":30,\"value\":-1}]},{\"name\":\"xian200011\",\"displayFrame\":[{\"value\":19},{\"duration\":2,\"value\":18},{\"value\":17},{\"duration\":2,\"value\":16},{\"value\":15},{\"duration\":2,\"value\":14},{\"value\":13},{\"duration\":2,\"value\":12},{\"value\":11},{\"duration\":2,\"value\":10},{\"value\":9},{\"duration\":2,\"value\":8},{\"value\":7},{\"duration\":2,\"value\":6},{\"value\":5},{\"duration\":2,\"value\":4},{\"value\":3},{\"duration\":2,\"value\":2},{\"duration\":2,\"value\":1},{},{\"duration\":0,\"value\":-1}]},{\"name\":\"guangyun\",\"colorFrame\":[{\"duration\":4,\"tweenEasing\":0,\"value\":{\"aM\":0}},{\"duration\":4,\"tweenEasing\":0},{\"duration\":22,\"value\":{\"aM\":0}}]}]},{\"duration\":30,\"playTimes\":0,\"name\":\"newAnimation_shu\",\"bone\":[{\"name\":\"huase0001\",\"translateFrame\":[{\"duration\":13,\"tweenEasing\":0,\"x\":-6.68,\"y\":4.01},{\"duration\":17,\"x\":50.75,\"y\":35.39}],\"scaleFrame\":[{\"duration\":6,\"tweenEasing\":0,\"x\":0.44,\"y\":0.44},{\"duration\":7,\"tweenEasing\":0,\"x\":0.76,\"y\":0.76},{\"duration\":17,\"x\":0.47,\"y\":0.47}]},{\"name\":\"bone\",\"scaleFrame\":[{\"duration\":24,\"tweenEasing\":0,\"x\":0.59,\"y\":0.59},{\"duration\":6,\"x\":1.18,\"y\":1.18}]},{\"name\":\"bone1\",\"scaleFrame\":[{\"duration\":24,\"tweenEasing\":0,\"x\":0.69,\"y\":0.69},{\"duration\":6,\"x\":0.91,\"y\":0.91}]},{\"name\":\"bone3\",\"translateFrame\":[{\"duration\":30,\"x\":-10.08,\"y\":1.57}],\"scaleFrame\":[{\"duration\":30,\"x\":0.68,\"y\":0.55}]},{\"name\":\"huase00011\",\"translateFrame\":[{\"duration\":5},{\"duration\":13,\"tweenEasing\":0,\"x\":3.19,\"y\":-0.06},{\"duration\":12,\"x\":-6.16,\"y\":-62.71}],\"scaleFrame\":[{\"duration\":5},{\"duration\":6,\"tweenEasing\":0,\"x\":0.44,\"y\":0.44},{\"duration\":7,\"tweenEasing\":0,\"x\":0.76,\"y\":0.76},{\"duration\":12,\"x\":0.47,\"y\":0.47}]},{\"name\":\"huase000111\",\"translateFrame\":[{\"duration\":2},{\"duration\":13,\"tweenEasing\":0,\"x\":-6.68,\"y\":4.01},{\"duration\":15,\"x\":-43.39,\"y\":20.58}],\"scaleFrame\":[{\"duration\":2},{\"duration\":6,\"tweenEasing\":0,\"x\":0.44,\"y\":0.44},{\"duration\":7,\"tweenEasing\":0,\"x\":0.76,\"y\":0.76},{\"duration\":15,\"x\":0.47,\"y\":0.47}]},{\"name\":\"huase0001111\",\"translateFrame\":[{\"duration\":3},{\"duration\":13,\"tweenEasing\":0,\"x\":0.45,\"y\":-2.1},{\"duration\":14,\"x\":-10.31,\"y\":46.54}],\"scaleFrame\":[{\"duration\":3},{\"duration\":6,\"tweenEasing\":0,\"x\":0.44,\"y\":0.44},{\"duration\":7,\"tweenEasing\":0,\"x\":0.76,\"y\":0.76},{\"duration\":14,\"x\":0.47,\"y\":0.47}]},{\"name\":\"huase00011111\",\"translateFrame\":[{\"duration\":4},{\"duration\":13,\"tweenEasing\":0,\"x\":-1.22,\"y\":16.23},{\"duration\":13,\"x\":45.52,\"y\":-25.11}],\"scaleFrame\":[{\"duration\":4},{\"duration\":6,\"tweenEasing\":0,\"x\":0.44,\"y\":0.44},{\"duration\":7,\"tweenEasing\":0,\"x\":0.76,\"y\":0.76},{\"duration\":13,\"x\":0.47,\"y\":0.47}]},{\"name\":\"huase000111111\",\"translateFrame\":[{},{\"duration\":13,\"tweenEasing\":0,\"x\":4.04,\"y\":-4.29},{\"duration\":16,\"x\":-34.97,\"y\":-30.37}],\"scaleFrame\":[{},{\"duration\":6,\"tweenEasing\":0,\"x\":0.44,\"y\":0.44},{\"duration\":7,\"tweenEasing\":0,\"x\":0.76,\"y\":0.76},{\"duration\":16,\"x\":0.47,\"y\":0.47}]},{\"name\":\"bone21\",\"translateFrame\":[{\"duration\":30,\"x\":-10.76,\"y\":-1.33}]},{\"name\":\"bone31\",\"translateFrame\":[{\"duration\":30,\"x\":-21.33,\"y\":-2.26}],\"scaleFrame\":[{\"duration\":30,\"x\":0.68,\"y\":0.55}]},{\"name\":\"bone4\",\"scaleFrame\":[{\"duration\":30,\"x\":1.04,\"y\":1.04}]},{\"name\":\"guangyun\",\"scaleFrame\":[{\"duration\":8,\"tweenEasing\":0,\"x\":0.45,\"y\":0.45},{\"duration\":22,\"x\":0.69,\"y\":0.69}]}],\"slot\":[{\"name\":\"huase0001\",\"displayFrame\":[{\"duration\":30,\"value\":5}],\"colorFrame\":[{\"duration\":6,\"tweenEasing\":0,\"value\":{\"aM\":0}},{\"duration\":7,\"tweenEasing\":0},{\"duration\":17,\"value\":{\"aM\":0}}]},{\"name\":\"quan0002\",\"colorFrame\":[{\"duration\":18,\"tweenEasing\":0},{\"duration\":12,\"value\":{\"aM\":0}}]},{\"name\":\"quan0001\",\"colorFrame\":[{\"duration\":6,\"tweenEasing\":0,\"value\":{\"aM\":0}},{\"duration\":14,\"tweenEasing\":0},{\"duration\":10,\"value\":{\"aM\":0}}]},{\"name\":\"xian10002\",\"displayFrame\":[{\"duration\":30,\"value\":-1}]},{\"name\":\"xian20001\",\"displayFrame\":[{\"value\":19},{\"duration\":2,\"value\":18},{\"value\":17},{\"duration\":2,\"value\":16},{\"value\":15},{\"duration\":2,\"value\":14},{\"value\":13},{\"duration\":2,\"value\":12},{\"value\":11},{\"duration\":2,\"value\":10},{\"value\":9},{\"duration\":2,\"value\":8},{\"value\":7},{\"duration\":2,\"value\":6},{\"value\":5},{\"duration\":2,\"value\":4},{\"value\":3},{\"duration\":2,\"value\":2},{\"duration\":2,\"value\":1},{},{\"duration\":0,\"value\":-1}]},{\"name\":\"huase00011\",\"displayFrame\":[{\"duration\":5,\"value\":-1},{\"duration\":25,\"value\":6}],\"colorFrame\":[{\"duration\":5},{\"duration\":6,\"tweenEasing\":0,\"value\":{\"aM\":0}},{\"duration\":7,\"tweenEasing\":0},{\"duration\":12,\"value\":{\"aM\":0}}]},{\"name\":\"huase000111\",\"displayFrame\":[{\"duration\":2,\"value\":-1},{\"duration\":28,\"value\":7}],\"colorFrame\":[{\"duration\":2},{\"duration\":6,\"tweenEasing\":0,\"value\":{\"aM\":0}},{\"duration\":7,\"tweenEasing\":0},{\"duration\":15,\"value\":{\"aM\":0}}]},{\"name\":\"huase0001111\",\"displayFrame\":[{\"duration\":3,\"value\":-1},{\"duration\":27,\"value\":2}],\"colorFrame\":[{\"duration\":3},{\"duration\":6,\"tweenEasing\":0,\"value\":{\"aM\":0}},{\"duration\":7,\"tweenEasing\":0},{\"duration\":14,\"value\":{\"aM\":0}}]},{\"name\":\"huase00011111\",\"displayFrame\":[{\"duration\":4,\"value\":-1},{\"duration\":26,\"value\":1}],\"colorFrame\":[{\"duration\":4},{\"duration\":6,\"tweenEasing\":0,\"value\":{\"aM\":0}},{\"duration\":7,\"tweenEasing\":0},{\"duration\":13,\"value\":{\"aM\":0}}]},{\"name\":\"huase000111111\",\"displayFrame\":[{\"value\":-1},{\"duration\":2,\"value\":6},{\"duration\":27}],\"colorFrame\":[{},{\"duration\":6,\"tweenEasing\":0,\"value\":{\"aM\":0}},{\"duration\":7,\"tweenEasing\":0},{\"duration\":16,\"value\":{\"aM\":0}}]},{\"name\":\"xian100021\",\"displayFrame\":[{\"duration\":30,\"value\":-1}]},{\"name\":\"xian200011\",\"displayFrame\":[{\"value\":19},{\"duration\":2,\"value\":18},{\"value\":17},{\"duration\":2,\"value\":16},{\"value\":15},{\"duration\":2,\"value\":14},{\"value\":13},{\"duration\":2,\"value\":12},{\"value\":11},{\"duration\":2,\"value\":10},{\"value\":9},{\"duration\":2,\"value\":8},{\"value\":7},{\"duration\":2,\"value\":6},{\"value\":5},{\"duration\":2,\"value\":4},{\"value\":3},{\"duration\":2,\"value\":2},{\"duration\":2,\"value\":1},{},{\"duration\":0,\"value\":-1}]},{\"name\":\"guangyun\",\"colorFrame\":[{\"duration\":4,\"tweenEasing\":0,\"value\":{\"aM\":0}},{\"duration\":4,\"tweenEasing\":0},{\"duration\":22,\"value\":{\"aM\":0}}]}]}],\"defaultActions\":[{\"gotoAndPlay\":\"newAnimation\"}]}]}"}