{"__type__":"dragonBones.DragonBonesAtlasAsset","_name":"kyby_hall_bj_chuan_tex","_atlasJson":"{\"SubTexture\":[{\"width\":181,\"y\":560,\"height\":262,\"name\":\"fan02\",\"x\":660},{\"width\":238,\"y\":560,\"height\":342,\"name\":\"fan01\",\"x\":1},{\"width\":330,\"y\":1,\"height\":557,\"name\":\"chuan\",\"x\":1},{\"frameX\":-14,\"y\":989,\"frameY\":-2,\"frameWidth\":24,\"width\":8,\"frameHeight\":16,\"height\":12,\"name\":\"saoguang_02\",\"x\":575},{\"frameX\":-2,\"y\":991,\"frameY\":-4,\"frameWidth\":24,\"width\":6,\"frameHeight\":16,\"height\":7,\"name\":\"saoguang_11\",\"x\":703},{\"frameX\":-16,\"y\":910,\"frameY\":-2,\"frameWidth\":24,\"width\":6,\"frameHeight\":16,\"height\":11,\"name\":\"saoguang_01\",\"x\":887},{\"frameX\":-7,\"y\":910,\"frameY\":-4,\"frameWidth\":24,\"width\":11,\"frameHeight\":16,\"height\":10,\"name\":\"saoguang_06\",\"x\":838},{\"frameX\":-2,\"y\":959,\"frameY\":-4,\"frameWidth\":24,\"width\":8,\"frameHeight\":16,\"height\":8,\"name\":\"saoguang_10\",\"x\":471},{\"frameX\":-10,\"y\":1008,\"frameY\":-2,\"frameWidth\":24,\"width\":11,\"frameHeight\":16,\"height\":12,\"name\":\"saoguang_04\",\"x\":1011},{\"frameX\":-2,\"y\":989,\"frameY\":-4,\"frameWidth\":24,\"width\":10,\"frameHeight\":16,\"height\":9,\"name\":\"saoguang_09\",\"x\":585},{\"frameX\":-9,\"y\":910,\"frameY\":-4,\"frameWidth\":24,\"width\":10,\"frameHeight\":16,\"height\":10,\"name\":\"saoguang_05\",\"x\":851},{\"frameX\":-4,\"y\":910,\"frameY\":-4,\"frameWidth\":24,\"width\":10,\"frameHeight\":16,\"height\":10,\"name\":\"saoguang_08\",\"x\":863},{\"frameX\":-2,\"y\":1000,\"frameY\":-4,\"frameWidth\":24,\"width\":3,\"frameHeight\":16,\"height\":4,\"name\":\"saoguang_13\",\"x\":591},{\"frameX\":-12,\"y\":1010,\"frameY\":-2,\"frameWidth\":24,\"width\":10,\"frameHeight\":16,\"height\":12,\"name\":\"saoguang_03\",\"x\":949},{\"frameX\":-18,\"y\":1010,\"frameY\":-2,\"frameWidth\":24,\"width\":4,\"frameHeight\":16,\"height\":10,\"name\":\"saoguang_00\",\"x\":961},{\"frameX\":-2,\"y\":1000,\"frameY\":-4,\"frameWidth\":24,\"width\":4,\"frameHeight\":16,\"height\":6,\"name\":\"saoguang_12\",\"x\":585},{\"frameX\":-6,\"y\":910,\"frameY\":-4,\"frameWidth\":24,\"width\":10,\"frameHeight\":16,\"height\":10,\"name\":\"saoguang_07\",\"x\":875},{\"frameX\":-1,\"y\":744,\"frameY\":-1,\"frameWidth\":53,\"width\":51,\"frameHeight\":54,\"height\":52,\"name\":\"xx_09\",\"x\":603},{\"frameX\":-5,\"y\":969,\"frameY\":-5,\"frameWidth\":50,\"width\":37,\"frameHeight\":50,\"height\":40,\"name\":\"jinzi_01\",\"x\":471},{\"frameX\":-20,\"y\":946,\"frameY\":-5,\"frameWidth\":50,\"width\":9,\"frameHeight\":50,\"height\":40,\"name\":\"jinzi_09\",\"x\":1007},{\"frameX\":-7,\"y\":946,\"frameY\":-5,\"frameWidth\":50,\"width\":37,\"frameHeight\":50,\"height\":40,\"name\":\"jinzi_05\",\"x\":968},{\"frameX\":-32,\"y\":924,\"frameY\":-61,\"frameWidth\":145,\"width\":106,\"frameHeight\":141,\"height\":75,\"name\":\"shuixl_13\",\"x\":711},{\"frameX\":-27,\"y\":879,\"frameY\":-51,\"frameWidth\":145,\"width\":107,\"frameHeight\":141,\"height\":78,\"name\":\"shuixl_12\",\"x\":371},{\"frameX\":0,\"y\":695,\"frameY\":-5,\"frameWidth\":145,\"width\":125,\"frameHeight\":141,\"height\":130,\"name\":\"shuixl_06\",\"x\":843},{\"frameX\":-25,\"y\":875,\"frameY\":-40,\"frameWidth\":145,\"width\":107,\"frameHeight\":141,\"height\":92,\"name\":\"shuixl_11\",\"x\":490},{\"frameX\":0,\"y\":560,\"frameY\":-2,\"frameWidth\":145,\"width\":123,\"frameHeight\":141,\"height\":133,\"name\":\"shuixl_05\",\"x\":843},{\"frameX\":-5,\"y\":824,\"frameY\":-34,\"frameWidth\":145,\"width\":125,\"frameHeight\":141,\"height\":98,\"name\":\"shuixl_10\",\"x\":711},{\"frameX\":-1,\"y\":904,\"frameY\":-27,\"frameWidth\":145,\"width\":128,\"frameHeight\":141,\"height\":107,\"name\":\"shuixl_09\",\"x\":1},{\"frameX\":0,\"y\":744,\"frameY\":-3,\"frameWidth\":145,\"width\":117,\"frameHeight\":141,\"height\":133,\"name\":\"shuixl_04\",\"x\":371},{\"frameX\":-122,\"y\":1010,\"frameY\":-113,\"frameWidth\":145,\"width\":21,\"frameHeight\":141,\"height\":10,\"name\":\"shuixl_17\",\"x\":926},{\"frameX\":0,\"y\":744,\"frameY\":-9,\"frameWidth\":145,\"width\":111,\"frameHeight\":141,\"height\":129,\"name\":\"shuixl_03\",\"x\":490},{\"frameX\":-102,\"y\":988,\"frameY\":-100,\"frameWidth\":145,\"width\":41,\"frameHeight\":141,\"height\":25,\"name\":\"shuixl_16\",\"x\":968},{\"frameX\":0,\"y\":872,\"frameY\":-19,\"frameWidth\":145,\"width\":128,\"frameHeight\":141,\"height\":116,\"name\":\"shuixl_08\",\"x\":241},{\"frameX\":0,\"y\":904,\"frameY\":-22,\"frameWidth\":145,\"width\":99,\"frameHeight\":141,\"height\":118,\"name\":\"shuixl_02\",\"x\":131},{\"frameX\":0,\"y\":744,\"frameY\":-9,\"frameWidth\":145,\"width\":128,\"frameHeight\":141,\"height\":126,\"name\":\"shuixl_07\",\"x\":241},{\"frameX\":0,\"y\":827,\"frameY\":-55,\"frameWidth\":145,\"width\":71,\"frameHeight\":141,\"height\":81,\"name\":\"shuixl_01\",\"x\":838},{\"frameX\":-42,\"y\":959,\"frameY\":-82,\"frameWidth\":145,\"width\":98,\"frameHeight\":141,\"height\":55,\"name\":\"shuixl_15\",\"x\":371},{\"frameX\":0,\"y\":907,\"frameY\":-98,\"frameWidth\":145,\"width\":45,\"frameHeight\":141,\"height\":37,\"name\":\"shuixl_00\",\"x\":968},{\"frameX\":-37,\"y\":953,\"frameY\":-71,\"frameWidth\":145,\"width\":102,\"frameHeight\":141,\"height\":66,\"name\":\"shuixl_14\",\"x\":599},{\"width\":28,\"y\":990,\"height\":28,\"name\":\"ppp\",\"x\":896},{\"width\":417,\"y\":560,\"height\":182,\"name\":\"ziti\",\"x\":241},{\"width\":106,\"y\":824,\"height\":127,\"name\":\"deng\",\"x\":603},{\"width\":75,\"y\":924,\"height\":99,\"name\":\"chuanmao\",\"x\":819},{\"frameX\":-2,\"y\":827,\"frameY\":-4,\"frameWidth\":76,\"width\":70,\"frameHeight\":85,\"height\":78,\"name\":\"ciguang02\",\"x\":911},{\"frameX\":-3,\"y\":464,\"frameY\":-13,\"frameWidth\":76,\"width\":61,\"frameHeight\":85,\"height\":70,\"name\":\"ciguang24\",\"x\":333},{\"frameX\":-2,\"y\":238,\"frameY\":-9,\"frameWidth\":76,\"width\":66,\"frameHeight\":85,\"height\":73,\"name\":\"ciguang00\",\"x\":333},{\"frameX\":-3,\"y\":464,\"frameY\":-13,\"frameWidth\":76,\"width\":61,\"frameHeight\":85,\"height\":69,\"name\":\"ciguang26\",\"x\":396},{\"frameX\":-4,\"y\":1,\"frameY\":-14,\"frameWidth\":76,\"width\":60,\"frameHeight\":85,\"height\":69,\"name\":\"ciguang22\",\"x\":403},{\"frameX\":-6,\"y\":80,\"frameY\":-2,\"frameWidth\":76,\"width\":68,\"frameHeight\":85,\"height\":77,\"name\":\"ciguang08\",\"x\":333},{\"frameX\":-7,\"y\":313,\"frameY\":-8,\"frameWidth\":76,\"width\":61,\"frameHeight\":85,\"height\":75,\"name\":\"ciguang16\",\"x\":333},{\"frameX\":-5,\"y\":313,\"frameY\":-10,\"frameWidth\":76,\"width\":61,\"frameHeight\":85,\"height\":73,\"name\":\"ciguang20\",\"x\":396},{\"frameX\":-8,\"y\":238,\"frameY\":-9,\"frameWidth\":76,\"width\":62,\"frameHeight\":85,\"height\":71,\"name\":\"ciguang14\",\"x\":401},{\"frameX\":-7,\"y\":159,\"frameY\":-9,\"frameWidth\":76,\"width\":60,\"frameHeight\":85,\"height\":73,\"name\":\"ciguang18\",\"x\":402},{\"frameX\":-8,\"y\":390,\"frameY\":-5,\"frameWidth\":76,\"width\":62,\"frameHeight\":85,\"height\":72,\"name\":\"ciguang12\",\"x\":333},{\"frameX\":-6,\"y\":159,\"frameY\":-3,\"frameWidth\":76,\"width\":67,\"frameHeight\":85,\"height\":77,\"name\":\"ciguang06\",\"x\":333},{\"frameX\":-3,\"y\":388,\"frameY\":-12,\"frameWidth\":76,\"width\":60,\"frameHeight\":85,\"height\":70,\"name\":\"ciguang28\",\"x\":397},{\"frameX\":-3,\"y\":910,\"frameY\":-3,\"frameWidth\":76,\"width\":70,\"frameHeight\":85,\"height\":78,\"name\":\"ciguang04\",\"x\":896},{\"frameX\":-7,\"y\":1,\"frameY\":-1,\"frameWidth\":76,\"width\":68,\"frameHeight\":85,\"height\":77,\"name\":\"ciguang10\",\"x\":333},{\"frameX\":-51,\"y\":990,\"frameY\":0,\"frameWidth\":79,\"width\":26,\"frameHeight\":18,\"height\":18,\"name\":\"saoguang0018\",\"x\":232},{\"frameX\":0,\"y\":989,\"frameY\":0,\"frameWidth\":79,\"width\":13,\"frameHeight\":18,\"height\":18,\"name\":\"saoguang0003\",\"x\":560},{\"frameX\":-13,\"y\":1001,\"frameY\":0,\"frameWidth\":79,\"width\":26,\"frameHeight\":18,\"height\":18,\"name\":\"saoguang0009\",\"x\":703},{\"frameX\":-72,\"y\":904,\"frameY\":0,\"frameWidth\":79,\"width\":7,\"frameHeight\":18,\"height\":18,\"name\":\"saoguang0023\",\"x\":232},{\"frameX\":-17,\"y\":798,\"frameY\":0,\"frameWidth\":79,\"width\":26,\"frameHeight\":18,\"height\":18,\"name\":\"saoguang0010\",\"x\":632},{\"frameX\":-76,\"y\":973,\"frameY\":-2,\"frameWidth\":79,\"width\":3,\"frameHeight\":18,\"height\":16,\"name\":\"saoguang0024\",\"x\":703},{\"frameX\":-55,\"y\":989,\"frameY\":0,\"frameWidth\":79,\"width\":24,\"frameHeight\":18,\"height\":18,\"name\":\"saoguang0019\",\"x\":510},{\"frameX\":0,\"y\":989,\"frameY\":0,\"frameWidth\":79,\"width\":22,\"frameHeight\":18,\"height\":18,\"name\":\"saoguang0005\",\"x\":536},{\"frameX\":-21,\"y\":1001,\"frameY\":0,\"frameWidth\":79,\"width\":26,\"frameHeight\":18,\"height\":18,\"name\":\"saoguang0011\",\"x\":787},{\"frameX\":-61,\"y\":969,\"frameY\":0,\"frameWidth\":79,\"width\":18,\"frameHeight\":18,\"height\":18,\"name\":\"saoguang0020\",\"x\":538},{\"frameX\":-38,\"y\":1001,\"frameY\":0,\"frameWidth\":79,\"width\":26,\"frameHeight\":18,\"height\":18,\"name\":\"saoguang0015\",\"x\":731},{\"frameX\":0,\"y\":969,\"frameY\":0,\"frameWidth\":79,\"width\":18,\"frameHeight\":18,\"height\":18,\"name\":\"saoguang0004\",\"x\":558},{\"frameX\":-42,\"y\":1001,\"frameY\":0,\"frameWidth\":79,\"width\":26,\"frameHeight\":18,\"height\":18,\"name\":\"saoguang0016\",\"x\":759},{\"frameX\":0,\"y\":990,\"frameY\":0,\"frameWidth\":79,\"width\":26,\"frameHeight\":18,\"height\":18,\"name\":\"saoguang0006\",\"x\":316},{\"frameX\":0,\"y\":953,\"frameY\":0,\"frameWidth\":79,\"width\":5,\"frameHeight\":18,\"height\":18,\"name\":\"saoguang0001\",\"x\":703},{\"frameX\":-63,\"y\":969,\"frameY\":0,\"frameWidth\":79,\"width\":16,\"frameHeight\":18,\"height\":18,\"name\":\"saoguang0021\",\"x\":578},{\"frameX\":-25,\"y\":990,\"frameY\":0,\"frameWidth\":79,\"width\":27,\"frameHeight\":18,\"height\":18,\"name\":\"saoguang0012\",\"x\":926},{\"frameX\":-30,\"y\":990,\"frameY\":0,\"frameWidth\":79,\"width\":26,\"frameHeight\":18,\"height\":18,\"name\":\"saoguang0013\",\"x\":260},{\"frameX\":-4,\"y\":990,\"frameY\":0,\"frameWidth\":79,\"width\":26,\"frameHeight\":18,\"height\":18,\"name\":\"saoguang0007\",\"x\":288},{\"frameX\":-46,\"y\":798,\"frameY\":0,\"frameWidth\":79,\"width\":27,\"frameHeight\":18,\"height\":18,\"name\":\"saoguang0017\",\"x\":603},{\"frameX\":0,\"y\":988,\"frameY\":0,\"frameWidth\":79,\"width\":9,\"frameHeight\":18,\"height\":18,\"name\":\"saoguang0002\",\"x\":1011},{\"frameX\":-9,\"y\":969,\"frameY\":0,\"frameWidth\":79,\"width\":26,\"frameHeight\":18,\"height\":18,\"name\":\"saoguang0008\",\"x\":510},{\"frameX\":-34,\"y\":990,\"frameY\":0,\"frameWidth\":79,\"width\":25,\"frameHeight\":18,\"height\":18,\"name\":\"saoguang0014\",\"x\":344},{\"frameX\":-68,\"y\":990,\"frameY\":0,\"frameWidth\":79,\"width\":11,\"frameHeight\":18,\"height\":18,\"name\":\"saoguang0022\",\"x\":955}],\"width\":1024,\"imagePath\":\"kyby_hall_bj_chuan_tex.png\",\"height\":1024,\"name\":\"kyby_hall_bj_chuan\"}","_texture":{"__uuid__":"a46tH42GxB1bO9M49QaAqO"},"texture":{"__uuid__":"a46tH42GxB1bO9M49QaAqO"}}