[{"__type__":"cc.Prefab","_name":"cointMe","data":{"__id__":1}},{"__type__":"cc.Node","_name":"cointMe","_components":[{"__id__":2},{"__type__":"0523fq9zpdKS5b1accvj8bj","node":{"__id__":1},"coint":{"__id__":2}}],"_prefab":{"__type__":"cc.PrefabInfo","root":{"__id__":1},"asset":{"__uuid__":"23japmTkJI9KT0rh4u2ST4"},"fileId":"a9lO9Pk9hO/rFdfl+3nAsn"},"_trs":{"__type__":"TypedArray","ctor":"Float64Array","array":[0,0,0,0,0,0,1,0.7,0.7,1]}},{"__type__":"dragonBones.ArmatureDisplay","node":{"__id__":1},"_materials":[{"__uuid__":"ecpdLyjvZBwrvm+cedCcQy"}],"_armatureName":"kyby_jinbi","_animationName":"drop","_preCacheMode":0,"playTimes":1,"_armatureKey":"4d746319-0496-4bf0-aefa-02b9b606ab64#96471584-b5cf-4e0d-957b-4a427026246e","_N$dragonAsset":{"__uuid__":"4ddGMZBJZL8K76Arm2Bqtk"},"_N$dragonAtlasAsset":{"__uuid__":"96RxWEtc9ODZV7SkJwJiRu"}}]