[{"__type__":"cc.SpriteFrame","content":{"name":"coming-soon","texture":"73HRMZLhtFUZUbJhCeQLkn","rect":[172,71,80,89],"offset":[0,0],"originalSize":[80,89],"capInsets":[0,0,0,0]}},{"__type__":"cc.SpriteFrame","content":{"name":"button-guide","texture":"73HRMZLhtFUZUbJhCeQLkn","rect":[0,0,64,69],"offset":[0,0],"originalSize":[64,69],"capInsets":[0,0,0,0]}},{"__type__":"cc.SpriteFrame","content":{"name":"button-vang-nho","texture":"73HRMZLhtFUZUbJhCeQLkn","rect":[0,71,86,65],"offset":[0,0],"originalSize":[86,65],"capInsets":[0,0,0,0]}},{"__type__":"cc.SpriteFrame","content":{"name":"button-arrow","texture":"73HRMZLhtFUZUbJhCeQLkn","rect":[252,71,87,93],"offset":[0,0],"originalSize":[87,93],"capInsets":[0,0,0,0]}},{"__type__":"cc.SpriteFrame","content":{"name":"button-loc","texture":"73HRMZLhtFUZUbJhCeQLkn","rect":[768,0,68,71],"offset":[0,0],"originalSize":[68,71],"capInsets":[0,0,0,0]}},{"__type__":"cc.SpriteFrame","content":{"name":"button_cong","texture":"73HRMZLhtFUZUbJhCeQLkn","rect":[320,0,64,69],"offset":[0,0],"originalSize":[64,69],"capInsets":[0,0,0,0]}},{"__type__":"cc.SpriteFrame","content":{"name":"button-guide-2","texture":"73HRMZLhtFUZUbJhCeQLkn","rect":[128,0,64,69],"offset":[0,0],"originalSize":[64,69],"capInsets":[0,0,0,0]}},{"__type__":"cc.SpriteFrame","content":{"name":"button-history","texture":"73HRMZLhtFUZUbJhCeQLkn","rect":[448,0,64,69],"offset":[0,0],"originalSize":[64,69],"capInsets":[0,0,0,0]}},{"__type__":"cc.SpriteFrame","content":{"name":"button-money-press","texture":"73HRMZLhtFUZUbJhCeQLkn","rect":[192,0,64,69],"offset":[0,0],"originalSize":[64,69],"capInsets":[0,0,0,0]}},{"__type__":"cc.SpriteFrame","content":{"name":"button-Award","texture":"73HRMZLhtFUZUbJhCeQLkn","rect":[512,0,64,69],"offset":[0,0],"originalSize":[64,69],"capInsets":[0,0,0,0]}},{"__type__":"cc.SpriteFrame","content":{"name":"button-money","texture":"73HRMZLhtFUZUbJhCeQLkn","rect":[384,0,64,69],"offset":[0,0],"originalSize":[64,69],"capInsets":[0,0,0,0]}},{"__type__":"cc.SpriteFrame","content":{"name":"button-x","texture":"73HRMZLhtFUZUbJhCeQLkn","rect":[256,0,64,69],"offset":[0,0],"originalSize":[64,69],"capInsets":[0,0,0,0]}},{"__type__":"cc.SpriteFrame","content":{"name":"button-rutloc","texture":"73HRMZLhtFUZUbJhCeQLkn","rect":[836,0,108,50],"offset":[0,0],"originalSize":[108,50],"capInsets":[0,0,0,0]}},{"__type__":"cc.SpriteFrame","content":{"name":"button-chat","texture":"73HRMZLhtFUZUbJhCeQLkn","rect":[640,0,64,69],"offset":[0,0],"originalSize":[64,69],"capInsets":[0,0,0,0]}},{"__type__":"cc.SpriteFrame","content":{"name":"button-yellow-small","texture":"73HRMZLhtFUZUbJhCeQLkn","rect":[339,71,152,67],"offset":[0,0],"originalSize":[152,67],"capInsets":[0,0,0,0]}},{"__type__":"cc.SpriteFrame","content":{"name":"buttons","texture":"73HRMZLhtFUZUbJhCeQLkn","rect":[649,71,302,98],"offset":[0,0],"originalSize":[302,98],"capInsets":[0,0,0,0]}},{"__type__":"cc.SpriteFrame","content":{"name":"button-do-nho","texture":"73HRMZLhtFUZUbJhCeQLkn","rect":[86,71,86,65],"offset":[0,0],"originalSize":[86,65],"capInsets":[0,0,0,0]}},{"__type__":"cc.SpriteFrame","content":{"name":"button-history-2","texture":"73HRMZLhtFUZUbJhCeQLkn","rect":[64,0,64,69],"offset":[0,0],"originalSize":[64,69],"capInsets":[0,0,0,0]}},{"__type__":"cc.SpriteFrame","content":{"name":"button-choithu-press","texture":"73HRMZLhtFUZUbJhCeQLkn","rect":[491,71,158,67],"offset":[0,0],"originalSize":[158,67],"capInsets":[0,0,0,0]}},{"__type__":"cc.SpriteFrame","content":{"name":"button-change","texture":"73HRMZLhtFUZUbJhCeQLkn","rect":[704,0,64,69],"offset":[0,0],"originalSize":[64,69],"capInsets":[0,0,0,0]}},{"__type__":"cc.SpriteAtlas","_name":"button_v2.plist","_spriteFrames":{"button-":{"__uuid__":"fd+OSctwNCNrFhj9AXdM7A"},"button-Award":{"__uuid__":"7aJZksgmhLz7qzYM7MIbNR"},"button-arrow":{"__uuid__":"4fO/vznj1PcajuNPJOYalA"},"button-change":{"__uuid__":"eeqy/SGxVDa5iPVSm28HEY"},"button-chat":{"__uuid__":"97MMu7hTlCy4WvWw4rT//g"},"button-choithu-press":{"__uuid__":"e7zkpHFnJMI6ZUS+YJM0Wn"},"button-do-nho":{"__uuid__":"d0Ge5VFhdFqojs8MUrsNfU"},"button-guide-2":{"__uuid__":"65VTUQUNdCDZcmBkUcZXL5"},"button-guide":{"__uuid__":"2d0DyeALlFKaR9X6yGrPS8"},"button-history-2":{"__uuid__":"dedlT7muBAa53xQJ4hsFjj"},"button-history":{"__uuid__":"6aS1THn1NG6L5iZkdffgNp"},"button-loc":{"__uuid__":"548w2eHWRMD6VimahCJktP"},"button-money-press":{"__uuid__":"75OHz5+TlOAJQGQ8luctOe"},"button-money":{"__uuid__":"7d3MEZmv1AlbxtaKDruNGa"},"button-rutloc":{"__uuid__":"8eD+QJu+1PGIU/9e/Z5v45"},"button-vang-nho":{"__uuid__":"2f5D660uNP0bJT7i2UMBiE"},"button-x":{"__uuid__":"852xAz7udAvp8a6xBQsqdl"},"button-yellow-small":{"__uuid__":"aajYW/YphHT7S81LUeEwU4"},"button_cong":{"__uuid__":"5faIKm3gJEtY0W/8bPUGr9"},"buttons":{"__uuid__":"c2SzvSs9xAypGKv5P2Ur3s"},"coming-soon":{"__uuid__":"26sApYgIJOtrsgSe9Zdp7+"}}},{"__type__":"cc.SpriteFrame","content":{"name":"button-","texture":"73HRMZLhtFUZUbJhCeQLkn","rect":[576,0,64,69],"offset":[0,0],"originalSize":[64,69],"capInsets":[0,0,0,0]}}]