[[{"__type__":"cc.Prefab","_name":"x15_3","data":{"__id__":1}},{"__type__":"cc.Node","_name":"x15_3","_children":[{"__id__":2},{"__id__":4},{"__id__":6},{"__id__":7},{"__id__":8},{"__id__":9}],"_components":[{"__type__":"655c6/MZdJNZo/YxgAvEk8A","node":{"__id__":1},"fish":{"__id__":5},"shadow":{"__id__":3},"collider":{"__id__":10},"anim":{"__id__":11},"head":{"__id__":6},"end":{"__id__":7},"suoMe":{"__id__":9},"suoOther":{"__id__":8}},{"__id__":11},{"__id__":10}],"_prefab":{"__type__":"cc.PrefabInfo","root":{"__id__":1},"asset":{"__uuid__":"8aqfkskglPAYA3L9xaZez5"},"fileId":"e6G59oxnBJ3a5Uow4cMMvF"},"_trs":{"__type__":"TypedArray","ctor":"Float64Array","array":[0,0,0,0,0,0,1,1,1,1]},"_groupIndex":6,"groupIndex":6},{"__type__":"cc.Node","_name":"shadow","_parent":{"__id__":1},"_components":[{"__id__":3}],"_prefab":{"__type__":"cc.PrefabInfo","root":{"__id__":1},"asset":{"__uuid__":"8aqfkskglPAYA3L9xaZez5"},"fileId":"8eJDF/nLRJ2pOVwWayqtuo"},"_trs":{"__type__":"TypedArray","ctor":"Float64Array","array":[-13,-12,0,0,0,0,1,0.9,0.9,1]},"_groupIndex":6,"groupIndex":6},{"__type__":"dragonBones.ArmatureDisplay","node":{"__id__":2},"_materials":[{"__uuid__":"ecpdLyjvZBwrvm+cedCcQy"}],"_armatureName":"zhangyu_shadow","_animationName":"zhangyu_shadow","_preCacheMode":0,"_armatureKey":"9a6948f8-ffef-4683-a351-ff8565cbb21f#9482cebb-d723-4030-b689-3b6d03ede72b","_N$dragonAsset":{"__uuid__":"9aaUj4/+9Gg6NR/4Vly7If"},"_N$dragonAtlasAsset":{"__uuid__":"94gs671yNAMLaJO20D7ecr"},"_N$timeScale":0.5},{"__type__":"cc.Node","_name":"fish","_parent":{"__id__":1},"_components":[{"__id__":5}],"_prefab":{"__type__":"cc.PrefabInfo","root":{"__id__":1},"asset":{"__uuid__":"8aqfkskglPAYA3L9xaZez5"},"fileId":"a5VD82pT9PQoTagztmjVMG"},"_trs":{"__type__":"TypedArray","ctor":"Float64Array","array":[0,0,0,0,0,0,1,0.9,0.9,1]}},{"__type__":"dragonBones.ArmatureDisplay","node":{"__id__":4},"_materials":[{"__uuid__":"ecpdLyjvZBwrvm+cedCcQy"}],"_armatureName":"zhangyu","_animationName":"newAnimation","_preCacheMode":0,"_armatureKey":"9fabc362-8b99-438f-9a48-9d163003471f#232bdded-960c-4795-84fe-90fdf8368646","_N$dragonAsset":{"__uuid__":"9fq8Nii5lDj5pInRYwA0cf"},"_N$dragonAtlasAsset":{"__uuid__":"23K93tlgxHlYT+kP34NoZG"},"_N$timeScale":0.46875},{"__type__":"cc.Node","_name":"head","_parent":{"__id__":1},"_prefab":{"__type__":"cc.PrefabInfo","root":{"__id__":1},"asset":{"__uuid__":"8aqfkskglPAYA3L9xaZez5"},"fileId":"3fINOrV4hC+Y8TUhZETPVS"},"_trs":{"__type__":"TypedArray","ctor":"Float64Array","array":[-57.55,26.194,0,0,0,0,1,1,1,1]}},{"__type__":"cc.Node","_name":"end","_parent":{"__id__":1},"_prefab":{"__type__":"cc.PrefabInfo","root":{"__id__":1},"asset":{"__uuid__":"8aqfkskglPAYA3L9xaZez5"},"fileId":"1ePLxkW9xLBLNyI+BsKNma"},"_trs":{"__type__":"TypedArray","ctor":"Float64Array","array":[29.268,11.649,0,0,0,0,1,1,1,1]}},{"__type__":"cc.Node","_name":"fish_suoding_other","_parent":{"__id__":1},"_active":false,"_components":[{"__type__":"cc.Sprite","node":{"__id__":8},"_materials":[{"__uuid__":"ecpdLyjvZBwrvm+cedCcQy"}],"_spriteFrame":{"__uuid__":"d6GNvieS9K8pqo+oyuZNkc"}},{"__type__":"cc.Animation","node":{"__id__":8},"_defaultClip":{"__uuid__":"41C/GXlRNOjLlgy6YN7juw"},"_clips":[{"__uuid__":"41C/GXlRNOjLlgy6YN7juw"}],"playOnLoad":true}],"_prefab":{"__type__":"cc.PrefabInfo","root":{"__id__":1},"asset":{"__uuid__":"8aqfkskglPAYA3L9xaZez5"},"fileId":"4bFnECWbdETpMChnE2dgp4"},"_opacity":97,"_contentSize":{"__type__":"cc.Size","width":169,"height":169},"_trs":{"__type__":"TypedArray","ctor":"Float64Array","array":[3,36.06,0,0,0,0,1,0.85,0.85,1]}},{"__type__":"cc.Node","_name":"fish_suoding_me","_parent":{"__id__":1},"_active":false,"_components":[{"__type__":"cc.Sprite","node":{"__id__":9},"_materials":[{"__uuid__":"ecpdLyjvZBwrvm+cedCcQy"}],"_spriteFrame":{"__uuid__":"d6GNvieS9K8pqo+oyuZNkc"}},{"__type__":"cc.Animation","node":{"__id__":9},"_defaultClip":{"__uuid__":"41C/GXlRNOjLlgy6YN7juw"},"_clips":[{"__uuid__":"41C/GXlRNOjLlgy6YN7juw"}],"playOnLoad":true}],"_prefab":{"__type__":"cc.PrefabInfo","root":{"__id__":1},"asset":{"__uuid__":"8aqfkskglPAYA3L9xaZez5"},"fileId":"0e4yZxWi1H+L3HgkdibGkR"},"_contentSize":{"__type__":"cc.Size","width":169,"height":169},"_trs":{"__type__":"TypedArray","ctor":"Float64Array","array":[3,36.06,0,0,0,0,1,1,1,1]}},{"__type__":"cc.PolygonCollider","node":{"__id__":1},"points":[{"__type__":"cc.Vec2","x":12.6,"y":-2.9},{"__type__":"cc.Vec2","x":28.7,"y":5.2},{"__type__":"cc.Vec2","x":75.8,"y":-43.4},{"__type__":"cc.Vec2","x":75.2,"y":4.2},{"__type__":"cc.Vec2","x":51.2,"y":25.9},{"__type__":"cc.Vec2","x":50.9,"y":54.6},{"__type__":"cc.Vec2","x":29.8,"y":84.7},{"__type__":"cc.Vec2","x":-16.4,"y":86.5},{"__type__":"cc.Vec2","x":-40.7,"y":53.6},{"__type__":"cc.Vec2","x":-57.2,"y":56.4},{"__type__":"cc.Vec2","x":-60.2,"y":36.3},{"__type__":"cc.Vec2","x":-43.1,"y":35.5},{"__type__":"cc.Vec2","x":-55.6,"y":-31.5},{"__type__":"cc.Vec2","x":29.1,"y":-66.6}]},{"__type__":"cc.Animation","node":{"__id__":1},"_clips":[{"__uuid__":"a2uj14PmZK2qR1qc4M16Wh"},{"__uuid__":"5ak/Jp0tpLJo8i3ppQg2Ht"},{"__uuid__":"5bOXJB0vdM1b2POlW2S6cd"},{"__uuid__":"5e2pqRy6pHWI1A7H3M4LgW"},{"__uuid__":"6ckG3/NjBMiIeK25O6v4xf"},{"__uuid__":"48LPTdX7ZC97zqY3q/slQC"},{"__uuid__":"2dzf/b09NK6LRPiFhWlwZR"},{"__uuid__":"d2GKY+Wk9Ca4Hy+M7+jvQW"},{"__uuid__":"fcaoDY8RlPtZqFYdLSRuKY"},{"__uuid__":"c6oPxDO+BCw5F2tEuLmCR7"},{"__uuid__":"74yBVnhc1Kp64BwNKQRQCF"},{"__uuid__":"b0PutUKbdFZYncPeoBtb8d"},{"__uuid__":"11kHRlmAtO5KHZqs6zswjQ"},{"__uuid__":"55Z3ewAfpMQadHueU9ZTMu"}]}],{"__type__":"cc.SpriteFrame","content":{"name":"fish_game_pic_suoding1","texture":"bclyb1CdFAXZK7vE6k7C0V","rect":[0,0,169,169],"offset":[-0.5,0.5],"originalSize":[170,170],"capInsets":[0,0,0,0]}}]