{"__type__":"sp.SkeletonData","_name":"Line-1","_skeletonJson":{"skeleton":{"hash":"jMD4nD6u3GrB8XsvzqL0TZdOO7o","spine":"3.6.53","width":167,"height":96,"images":"C:/Users/Dragon-X/Desktop"},"bones":[{"name":"root"}],"slots":[{"name":"Line-1","bone":"root","attachment":"Line-1/0"}],"skins":{"default":{"Line-1":{"Line-1/0":{"width":167,"height":96},"Line-1/1":{"width":167,"height":96},"Line-1/2":{"width":167,"height":96},"Line-1/3":{"width":167,"height":96},"Line-1/4":{"width":167,"height":96},"Line-1/5":{"width":167,"height":96},"Line-1/6":{"width":167,"height":96},"Line-1/7":{"width":167,"height":96},"Line-1/8":{"width":167,"height":96},"Line-1/9":{"width":167,"height":96},"Line-1/10":{"width":167,"height":96},"Line-1/11":{"width":167,"height":96},"Line-1/12":{"width":167,"height":96},"Line-1/13":{"width":167,"height":96},"Line-1/14":{"width":167,"height":96},"Line-1/15":{"width":167,"height":96},"Line-1/16":{"width":167,"height":96},"Line-1/17":{"width":167,"height":96},"Line-1/18":{"width":167,"height":96},"Line-1/19":{"width":167,"height":96},"Line-1/20":{"width":167,"height":96},"Line-1/21":{"width":167,"height":96}}}},"animations":{"Idle":{"slots":{"Line-1":{"attachment":[{"time":0,"name":"Line-1/0"},{"time":0.0333,"name":"Line-1/1"},{"time":0.0667,"name":"Line-1/2"},{"time":0.1,"name":"Line-1/3"},{"time":0.1333,"name":"Line-1/4"},{"time":0.1667,"name":"Line-1/5"},{"time":0.2,"name":"Line-1/6"},{"time":0.2333,"name":"Line-1/7"},{"time":0.2667,"name":"Line-1/8"},{"time":0.3,"name":"Line-1/9"},{"time":0.3333,"name":"Line-1/10"},{"time":0.3667,"name":"Line-1/11"},{"time":0.4,"name":"Line-1/12"},{"time":0.4333,"name":"Line-1/13"},{"time":0.4667,"name":"Line-1/14"},{"time":0.5,"name":"Line-1/15"},{"time":0.5333,"name":"Line-1/16"},{"time":0.5667,"name":"Line-1/17"},{"time":0.6,"name":"Line-1/18"},{"time":0.6333,"name":"Line-1/19"},{"time":0.6667,"name":"Line-1/20"},{"time":0.7,"name":"Line-1/21"}]}}}}},"_atlasText":"\nLine-1.png\nsize: 512,512\nformat: RGBA8888\nfilter: Linear,Linear\nrepeat: none\nLine-1/0\n  rotate: false\n  xy: 273, 192\n  size: 111, 76\n  orig: 134, 77\n  offset: 11, 0\n  index: -1\nLine-1/21\n  rotate: false\n  xy: 273, 192\n  size: 111, 76\n  orig: 134, 77\n  offset: 11, 0\n  index: -1\nLine-1/1\n  rotate: false\n  xy: 367, 113\n  size: 78, 77\n  orig: 134, 77\n  offset: 28, 0\n  index: -1\nLine-1/10\n  rotate: false\n  xy: 274, 349\n  size: 124, 76\n  orig: 134, 77\n  offset: 5, 0\n  index: -1\nLine-1/11\n  rotate: false\n  xy: 273, 113\n  size: 92, 77\n  orig: 134, 77\n  offset: 21, 0\n  index: -1\nLine-1/12\n  rotate: true\n  xy: 134, 2\n  size: 58, 77\n  orig: 134, 77\n  offset: 38, 0\n  index: -1\nLine-1/13\n  rotate: false\n  xy: 137, 62\n  size: 86, 77\n  orig: 134, 77\n  offset: 24, 0\n  index: -1\nLine-1/14\n  rotate: false\n  xy: 273, 270\n  size: 122, 77\n  orig: 134, 77\n  offset: 6, 0\n  index: -1\nLine-1/15\n  rotate: false\n  xy: 2, 348\n  size: 134, 77\n  orig: 134, 77\n  offset: 0, 0\n  index: -1\nLine-1/16\n  rotate: false\n  xy: 2, 192\n  size: 133, 76\n  orig: 134, 77\n  offset: 0, 0\n  index: -1\nLine-1/17\n  rotate: false\n  xy: 138, 205\n  size: 133, 65\n  orig: 134, 77\n  offset: 0, 5\n  index: -1\nLine-1/18\n  rotate: false\n  xy: 2, 270\n  size: 134, 76\n  orig: 134, 77\n  offset: 0, 0\n  index: -1\nLine-1/19\n  rotate: false\n  xy: 138, 350\n  size: 134, 76\n  orig: 134, 77\n  offset: 0, 0\n  index: -1\nLine-1/2\n  rotate: false\n  xy: 400, 348\n  size: 65, 77\n  orig: 134, 77\n  offset: 34, 0\n  index: -1\nLine-1/20\n  rotate: false\n  xy: 2, 38\n  size: 130, 76\n  orig: 134, 77\n  offset: 2, 0\n  index: -1\nLine-1/3\n  rotate: false\n  xy: 408, 428\n  size: 99, 76\n  orig: 134, 77\n  offset: 17, 0\n  index: -1\nLine-1/4\n  rotate: false\n  xy: 274, 427\n  size: 132, 77\n  orig: 134, 77\n  offset: 1, 0\n  index: -1\nLine-1/5\n  rotate: false\n  xy: 2, 427\n  size: 134, 77\n  orig: 134, 77\n  offset: 0, 0\n  index: -1\nLine-1/6\n  rotate: false\n  xy: 2, 116\n  size: 133, 74\n  orig: 134, 77\n  offset: 0, 1\n  index: -1\nLine-1/7\n  rotate: false\n  xy: 137, 141\n  size: 134, 62\n  orig: 134, 77\n  offset: 0, 7\n  index: -1\nLine-1/8\n  rotate: false\n  xy: 138, 428\n  size: 134, 76\n  orig: 134, 77\n  offset: 0, 0\n  index: -1\nLine-1/9\n  rotate: false\n  xy: 138, 272\n  size: 133, 76\n  orig: 134, 77\n  offset: 0, 0\n  index: -1\n","textures":[{"__uuid__":"15EMDhtmlBeb9SfBvh3MvC"}],"textureNames":["Line-1.png"]}