[{"__type__":"cc.SpriteFrame","content":{"name":"megajackpot_spin","texture":"2anUXtmWdPw5UHA6Uf8AWu","rect":[1,365,313,313],"offset":[0,0],"originalSize":[313,313],"capInsets":[0,0,0,0]}},{"__type__":"cc.SpriteFrame","content":{"name":"megajackpot_spin_bt","texture":"2anUXtmWdPw5UHA6Uf8AWu","rect":[1,680,255,253],"offset":[0,0],"originalSize":[255,253],"capInsets":[0,0,0,0]}},{"__type__":"cc.SpriteFrame","content":{"name":"megajackpot_win_highlight","texture":"2anUXtmWdPw5UHA6Uf8AWu","rect":[1,1190,109,147],"offset":[1,0],"originalSize":[111,147],"capInsets":[0,0,0,0]}},{"__type__":"cc.SpriteAtlas","_name":"MegaJackpot.plist","_spriteFrames":{"megajackpot_betting_1":{"__uuid__":"c4OXvZgvNM7KG+1ouNEYk/"},"megajackpot_betting_1_off":{"__uuid__":"47snFNlvlIuoYo6tAA9s49"},"megajackpot_betting_2":{"__uuid__":"b0jeBkxoxEzrjBlzjskGnb"},"megajackpot_betting_2_off":{"__uuid__":"c9nmzvmQdF2bVjy2Adf5DB"},"megajackpot_betting_3":{"__uuid__":"eev9A9fYVMSabIW54c6Bfc"},"megajackpot_betting_3_off":{"__uuid__":"4aYKym9GxC+Jq6wHboJcFQ"},"megajackpot_bg_0":{"__uuid__":"8aCO6T8ItOpoIkpqVvBxJ1"},"megajackpot_close_bt":{"__uuid__":"5eDTlAH5JHgZ8qcUH5bttg"},"megajackpot_history_bt":{"__uuid__":"40PIgwK5pPwL5MSjdursOd"},"megajackpot_info_bt":{"__uuid__":"e9bpWhxXNMBpNO7PwdHbbe"},"megajackpot_rank_bt":{"__uuid__":"c5aNAcijRGWaSNt6Zb56Yy"},"megajackpot_spin":{"__uuid__":"021m7TfERNOJfWENCQnC0m"},"megajackpot_spin_1":{"__uuid__":"55ISKUTjtIEY4aXmYFJT9+"},"megajackpot_spin_2":{"__uuid__":"db5i8Tjo1NZbIq15KONth9"},"megajackpot_spin_3":{"__uuid__":"af7FhMFFNJi7h2LHvHH0SJ"},"megajackpot_spin_bt":{"__uuid__":"07R77zNepExJCUFcagb0Zv"},"megajackpot_spin_bt_off":{"__uuid__":"5aPAI6y1pMOrwjiqpL99Ff"},"megajackpot_win_highlight":{"__uuid__":"19e9/kqeBEKokzz/s6T9pF"}}},{"__type__":"cc.SpriteFrame","content":{"name":"megajackpot_history_bt","texture":"2anUXtmWdPw5UHA6Uf8AWu","rect":[391,187,86,77],"offset":[0,0],"originalSize":[86,77],"capInsets":[0,0,0,0]}},{"__type__":"cc.SpriteFrame","content":{"name":"megajackpot_betting_1_off","texture":"2anUXtmWdPw5UHA6Uf8AWu","rect":[395,345,69,74],"offset":[0,0],"originalSize":[69,74],"capInsets":[0,0,0,0]}},{"__type__":"cc.SpriteFrame","content":{"name":"megajackpot_betting_3_off","texture":"2anUXtmWdPw5UHA6Uf8AWu","rect":[391,97,88,88],"offset":[0,0],"originalSize":[88,88],"capInsets":[0,0,0,0]}},{"__type__":"cc.SpriteFrame","content":{"name":"megajackpot_spin_1","texture":"2anUXtmWdPw5UHA6Uf8AWu","rect":[258,680,219,235],"offset":[0,7],"originalSize":[313,313],"rotated":1,"capInsets":[0,0,0,0]}},{"__type__":"cc.SpriteFrame","content":{"name":"megajackpot_spin_bt_off","texture":"2anUXtmWdPw5UHA6Uf8AWu","rect":[1,935,255,253],"offset":[0,0],"originalSize":[255,253],"capInsets":[0,0,0,0]}},{"__type__":"cc.SpriteFrame","content":{"name":"megajackpot_close_bt","texture":"2anUXtmWdPw5UHA6Uf8AWu","rect":[316,616,58,58],"offset":[0,0],"originalSize":[58,58],"capInsets":[0,0,0,0]}},{"__type__":"cc.SpriteFrame","content":{"name":"megajackpot_bg_0","texture":"2anUXtmWdPw5UHA6Uf8AWu","rect":[1,1,388,362],"offset":[0,0],"originalSize":[388,362],"capInsets":[0,0,0,0]}},{"__type__":"cc.SpriteFrame","content":{"name":"megajackpot_spin_3","texture":"2anUXtmWdPw5UHA6Uf8AWu","rect":[258,1122,219,235],"offset":[2,4],"originalSize":[313,313],"rotated":1,"capInsets":[0,0,0,0]}},{"__type__":"cc.SpriteFrame","content":{"name":"megajackpot_betting_2","texture":"2anUXtmWdPw5UHA6Uf8AWu","rect":[391,1,92,94],"offset":[0,0],"originalSize":[92,94],"capInsets":[0,0,0,0]}},{"__type__":"cc.SpriteFrame","content":{"name":"megajackpot_betting_1","texture":"2anUXtmWdPw5UHA6Uf8AWu","rect":[316,453,77,79],"offset":[0,0],"originalSize":[77,79],"capInsets":[0,0,0,0]}},{"__type__":"cc.SpriteFrame","content":{"name":"megajackpot_rank_bt","texture":"2anUXtmWdPw5UHA6Uf8AWu","rect":[316,365,86,77],"offset":[0,0],"originalSize":[86,77],"rotated":1,"capInsets":[0,0,0,0]}},{"__type__":"cc.SpriteFrame","content":{"name":"megajackpot_betting_2_off","texture":"2anUXtmWdPw5UHA6Uf8AWu","rect":[316,534,70,80],"offset":[0,0],"originalSize":[70,80],"capInsets":[0,0,0,0]}},{"__type__":"cc.SpriteFrame","content":{"name":"megajackpot_spin_2","texture":"2anUXtmWdPw5UHA6Uf8AWu","rect":[258,901,219,235],"offset":[-3,5],"originalSize":[313,313],"rotated":1,"capInsets":[0,0,0,0]}},{"__type__":"cc.SpriteFrame","content":{"name":"megajackpot_info_bt","texture":"2anUXtmWdPw5UHA6Uf8AWu","rect":[391,266,86,77],"offset":[0,0],"originalSize":[86,77],"capInsets":[0,0,0,0]}},{"__type__":"cc.SpriteFrame","content":{"name":"megajackpot_betting_3","texture":"2anUXtmWdPw5UHA6Uf8AWu","rect":[112,1190,104,106],"offset":[0,0],"originalSize":[104,106],"capInsets":[0,0,0,0]}}]