[[{"__type__":"cc.Prefab","_name":"x50_1","data":{"__id__":1}},{"__type__":"cc.Node","_name":"x50_1","_children":[{"__id__":2},{"__id__":4},{"__id__":6},{"__id__":7},{"__id__":8},{"__id__":9}],"_components":[{"__type__":"655c6/MZdJNZo/YxgAvEk8A","node":{"__id__":1},"fish":{"__id__":5},"shadow":{"__id__":3},"collider":{"__id__":10},"anim":{"__id__":11},"head":{"__id__":6},"end":{"__id__":7},"suoMe":{"__id__":9},"suoOther":{"__id__":8}},{"__id__":11},{"__id__":10}],"_prefab":{"__type__":"cc.PrefabInfo","root":{"__id__":1},"asset":{"__uuid__":"45SoyZWa9GEY4ppZ87zUVF"},"fileId":"71gVxo/RlArLoTxC11MxxV"},"_trs":{"__type__":"TypedArray","ctor":"Float64Array","array":[793.253,320.757,0,0,0,0,1,1,1,1]},"_groupIndex":6,"groupIndex":6},{"__type__":"cc.Node","_name":"shadow","_parent":{"__id__":1},"_components":[{"__id__":3}],"_prefab":{"__type__":"cc.PrefabInfo","root":{"__id__":1},"asset":{"__uuid__":"45SoyZWa9GEY4ppZ87zUVF"},"fileId":"ce9wsOoMFF1L7T2VyYbEwx"},"_trs":{"__type__":"TypedArray","ctor":"Float64Array","array":[-8,0,0,0,0,0,1,1,1,1]},"_groupIndex":6,"groupIndex":6},{"__type__":"dragonBones.ArmatureDisplay","node":{"__id__":2},"_materials":[{"__uuid__":"ecpdLyjvZBwrvm+cedCcQy"}],"_armatureName":"ankangyu_shadow","_animationName":"ankangyu_shadow","_preCacheMode":0,"_armatureKey":"13439c03-03dc-42fd-af34-1897f9ce796d#c638991b-1e66-4308-bc11-37f3ee290a02","_N$dragonAsset":{"__uuid__":"13Q5wDA9xC/a80GJf5znlt"},"_N$dragonAtlasAsset":{"__uuid__":"c6OJkbHmZDCLwRN/PuKQoC"},"_N$timeScale":0.5},{"__type__":"cc.Node","_name":"fish","_parent":{"__id__":1},"_components":[{"__id__":5}],"_prefab":{"__type__":"cc.PrefabInfo","root":{"__id__":1},"asset":{"__uuid__":"45SoyZWa9GEY4ppZ87zUVF"},"fileId":"c4GMFpQmZK0KMf5dr1pxEj"},"_trs":{"__type__":"TypedArray","ctor":"Float64Array","array":[0,0,0,0,0,0,1,1,1,1]}},{"__type__":"dragonBones.ArmatureDisplay","node":{"__id__":4},"_materials":[{"__uuid__":"ecpdLyjvZBwrvm+cedCcQy"}],"_armatureName":"Sprite","_animationName":"Sprite","_preCacheMode":0,"_armatureKey":"0e9e6d26-58a5-43f6-9f0f-21990c95ae5d#0707747a-9680-4477-bc94-b8c798d769ea","_N$dragonAsset":{"__uuid__":"0enm0mWKVD9p8PIZkMla5d"},"_N$dragonAtlasAsset":{"__uuid__":"07B3R6loBEd7yUuMeY12nq"},"_N$timeScale":0.5},{"__type__":"cc.Node","_name":"head","_parent":{"__id__":1},"_prefab":{"__type__":"cc.PrefabInfo","root":{"__id__":1},"asset":{"__uuid__":"45SoyZWa9GEY4ppZ87zUVF"},"fileId":"95lPkJ7V5IZ7hqNIYrPAHt"},"_trs":{"__type__":"TypedArray","ctor":"Float64Array","array":[-19.22,-17.038,0,0,0,0,1,1,1,1]}},{"__type__":"cc.Node","_name":"end","_parent":{"__id__":1},"_prefab":{"__type__":"cc.PrefabInfo","root":{"__id__":1},"asset":{"__uuid__":"45SoyZWa9GEY4ppZ87zUVF"},"fileId":"dfXa7BfjpI7oMfGAvoD+pH"},"_trs":{"__type__":"TypedArray","ctor":"Float64Array","array":[16.282,-15.424,0,0,0,0,1,1,1,1]}},{"__type__":"cc.Node","_name":"fish_suoding_other","_parent":{"__id__":1},"_active":false,"_components":[{"__type__":"cc.Sprite","node":{"__id__":8},"_materials":[{"__uuid__":"ecpdLyjvZBwrvm+cedCcQy"}],"_spriteFrame":{"__uuid__":"d6GNvieS9K8pqo+oyuZNkc"}},{"__type__":"cc.Animation","node":{"__id__":8},"_defaultClip":{"__uuid__":"41C/GXlRNOjLlgy6YN7juw"},"_clips":[{"__uuid__":"41C/GXlRNOjLlgy6YN7juw"}],"playOnLoad":true}],"_prefab":{"__type__":"cc.PrefabInfo","root":{"__id__":1},"asset":{"__uuid__":"45SoyZWa9GEY4ppZ87zUVF"},"fileId":"b4jjn2szlHG6IcSMQsEOqv"},"_opacity":97,"_contentSize":{"__type__":"cc.Size","width":169,"height":169},"_trs":{"__type__":"TypedArray","ctor":"Float64Array","array":[17.123,-12.329,0,0,0,0,1,0.85,0.85,1]}},{"__type__":"cc.Node","_name":"fish_suoding_me","_parent":{"__id__":1},"_active":false,"_components":[{"__type__":"cc.Sprite","node":{"__id__":9},"_materials":[{"__uuid__":"ecpdLyjvZBwrvm+cedCcQy"}],"_spriteFrame":{"__uuid__":"d6GNvieS9K8pqo+oyuZNkc"}},{"__type__":"cc.Animation","node":{"__id__":9},"_defaultClip":{"__uuid__":"41C/GXlRNOjLlgy6YN7juw"},"_clips":[{"__uuid__":"41C/GXlRNOjLlgy6YN7juw"}],"playOnLoad":true}],"_prefab":{"__type__":"cc.PrefabInfo","root":{"__id__":1},"asset":{"__uuid__":"45SoyZWa9GEY4ppZ87zUVF"},"fileId":"4dmkGsNclGWLV6v6oO2s+g"},"_contentSize":{"__type__":"cc.Size","width":169,"height":169},"_trs":{"__type__":"TypedArray","ctor":"Float64Array","array":[17.123,-12.329,0,0,0,0,1,1,1,1]}},{"__type__":"cc.PolygonCollider","node":{"__id__":1},"points":[{"__type__":"cc.Vec2","x":14.9,"y":-52.1},{"__type__":"cc.Vec2","x":33.8,"y":-47},{"__type__":"cc.Vec2","x":62.6,"y":-12.2},{"__type__":"cc.Vec2","x":82.7,"y":-26.2},{"__type__":"cc.Vec2","x":83.1,"y":1.9},{"__type__":"cc.Vec2","x":60.9,"y":-2.2},{"__type__":"cc.Vec2","x":22,"y":30.8},{"__type__":"cc.Vec2","x":7.2,"y":31.2},{"__type__":"cc.Vec2","x":-5.6,"y":17.4},{"__type__":"cc.Vec2","x":-19.1,"y":4.6},{"__type__":"cc.Vec2","x":-21.8,"y":-23.7},{"__type__":"cc.Vec2","x":-9.4,"y":-44.3}]},{"__type__":"cc.Animation","node":{"__id__":1},"_clips":[{"__uuid__":"a2uj14PmZK2qR1qc4M16Wh"},{"__uuid__":"5ak/Jp0tpLJo8i3ppQg2Ht"},{"__uuid__":"5bOXJB0vdM1b2POlW2S6cd"},{"__uuid__":"5e2pqRy6pHWI1A7H3M4LgW"},{"__uuid__":"6ckG3/NjBMiIeK25O6v4xf"},{"__uuid__":"48LPTdX7ZC97zqY3q/slQC"},{"__uuid__":"2dzf/b09NK6LRPiFhWlwZR"},{"__uuid__":"d2GKY+Wk9Ca4Hy+M7+jvQW"},{"__uuid__":"fcaoDY8RlPtZqFYdLSRuKY"},{"__uuid__":"c6oPxDO+BCw5F2tEuLmCR7"},{"__uuid__":"74yBVnhc1Kp64BwNKQRQCF"},{"__uuid__":"b0PutUKbdFZYncPeoBtb8d"},{"__uuid__":"11kHRlmAtO5KHZqs6zswjQ"},{"__uuid__":"55Z3ewAfpMQadHueU9ZTMu"}]}],{"__type__":"cc.SpriteFrame","content":{"name":"fish_game_pic_suoding1","texture":"bclyb1CdFAXZK7vE6k7C0V","rect":[0,0,169,169],"offset":[-0.5,0.5],"originalSize":[170,170],"capInsets":[0,0,0,0]}}]