[[{"__type__":"cc.Prefab","_name":"x30","data":{"__id__":1}},{"__type__":"cc.Node","_name":"x30","_children":[{"__id__":2},{"__id__":4},{"__id__":6},{"__id__":7},{"__id__":8},{"__id__":9}],"_components":[{"__type__":"655c6/MZdJNZo/YxgAvEk8A","node":{"__id__":1},"fish":{"__id__":5},"shadow":{"__id__":3},"collider":{"__id__":10},"anim":{"__id__":11},"head":{"__id__":6},"end":{"__id__":7},"suoMe":{"__id__":9},"suoOther":{"__id__":8}},{"__id__":11},{"__id__":10}],"_prefab":{"__type__":"cc.PrefabInfo","root":{"__id__":1},"asset":{"__uuid__":"49QzcwWXxCYZN3SzoH0esa"},"fileId":"27yKzKcZpDi69GqF08bSNj"},"_trs":{"__type__":"TypedArray","ctor":"Float64Array","array":[891.759,257.858,0,0,0,0,1,1,1,1]},"_groupIndex":6,"groupIndex":6},{"__type__":"cc.Node","_name":"shadow","_parent":{"__id__":1},"_components":[{"__id__":3}],"_prefab":{"__type__":"cc.PrefabInfo","root":{"__id__":1},"asset":{"__uuid__":"49QzcwWXxCYZN3SzoH0esa"},"fileId":"cbVRbbtdxBEo7bJuxg4bDP"},"_trs":{"__type__":"TypedArray","ctor":"Float64Array","array":[-60,-12,0,0,0,0,1,0.85,0.85,1]},"_groupIndex":6,"groupIndex":6},{"__type__":"dragonBones.ArmatureDisplay","node":{"__id__":2},"_materials":[{"__uuid__":"ecpdLyjvZBwrvm+cedCcQy"}],"_armatureName":"shenhaifufengwang_shadow","_animationName":"shenhaifufengwang_shadow","_preCacheMode":0,"_armatureKey":"98c75b97-477d-49f7-9edd-a8134f36aaf6#c354bc04-f71e-498d-b649-632a5cef8439","_N$dragonAsset":{"__uuid__":"98x1uXR31J957dqBNPNqr2"},"_N$dragonAtlasAsset":{"__uuid__":"c3VLwE9x5JjbZJYypc74Q5"},"_N$timeScale":0.5},{"__type__":"cc.Node","_name":"fish","_parent":{"__id__":1},"_components":[{"__id__":5}],"_prefab":{"__type__":"cc.PrefabInfo","root":{"__id__":1},"asset":{"__uuid__":"49QzcwWXxCYZN3SzoH0esa"},"fileId":"e5o3fuPytG1amhoay5y6uO"},"_trs":{"__type__":"TypedArray","ctor":"Float64Array","array":[0,0,0,0,0,0,1,0.85,0.85,1]}},{"__type__":"dragonBones.ArmatureDisplay","node":{"__id__":4},"_materials":[{"__uuid__":"ecpdLyjvZBwrvm+cedCcQy"}],"_armatureName":"shenhaifufenwang","_animationName":"shenhaifufenwang","_preCacheMode":0,"_armatureKey":"02f23c62-4a55-439a-b964-a15918e9fddf#f7fbfeb7-4d19-4f81-9999-0d5dfbba957e","_N$dragonAsset":{"__uuid__":"028jxiSlVDmrlkoVkY6f3f"},"_N$dragonAtlasAsset":{"__uuid__":"f7+/63TRlPgZmZDV37upV+"},"_N$timeScale":0.5},{"__type__":"cc.Node","_name":"head","_parent":{"__id__":1},"_prefab":{"__type__":"cc.PrefabInfo","root":{"__id__":1},"asset":{"__uuid__":"49QzcwWXxCYZN3SzoH0esa"},"fileId":"c9NKQ4LR1Ik66USgHILSfi"},"_trs":{"__type__":"TypedArray","ctor":"Float64Array","array":[-116.478,-9.354,0,0,0,0,1,1,1,1]}},{"__type__":"cc.Node","_name":"end","_parent":{"__id__":1},"_prefab":{"__type__":"cc.PrefabInfo","root":{"__id__":1},"asset":{"__uuid__":"49QzcwWXxCYZN3SzoH0esa"},"fileId":"510TrjYT5Pj6G/LZmj6Kz8"},"_trs":{"__type__":"TypedArray","ctor":"Float64Array","array":[44.854,-0.473,0,0,0,0,1,1,1,1]}},{"__type__":"cc.Node","_name":"fish_suoding_other","_parent":{"__id__":1},"_active":false,"_components":[{"__type__":"cc.Sprite","node":{"__id__":8},"_materials":[{"__uuid__":"ecpdLyjvZBwrvm+cedCcQy"}],"_spriteFrame":{"__uuid__":"d6GNvieS9K8pqo+oyuZNkc"}},{"__type__":"cc.Animation","node":{"__id__":8},"_defaultClip":{"__uuid__":"41C/GXlRNOjLlgy6YN7juw"},"_clips":[{"__uuid__":"41C/GXlRNOjLlgy6YN7juw"}],"playOnLoad":true}],"_prefab":{"__type__":"cc.PrefabInfo","root":{"__id__":1},"asset":{"__uuid__":"49QzcwWXxCYZN3SzoH0esa"},"fileId":"4aRLu5kolP5amfumOwrkiY"},"_opacity":97,"_contentSize":{"__type__":"cc.Size","width":169,"height":169},"_trs":{"__type__":"TypedArray","ctor":"Float64Array","array":[-47.474,-1.119,0,0,0,0,1,0.85,0.85,1]}},{"__type__":"cc.Node","_name":"fish_suoding_me","_parent":{"__id__":1},"_active":false,"_components":[{"__type__":"cc.Sprite","node":{"__id__":9},"_materials":[{"__uuid__":"ecpdLyjvZBwrvm+cedCcQy"}],"_spriteFrame":{"__uuid__":"d6GNvieS9K8pqo+oyuZNkc"}},{"__type__":"cc.Animation","node":{"__id__":9},"_defaultClip":{"__uuid__":"41C/GXlRNOjLlgy6YN7juw"},"_clips":[{"__uuid__":"41C/GXlRNOjLlgy6YN7juw"}],"playOnLoad":true}],"_prefab":{"__type__":"cc.PrefabInfo","root":{"__id__":1},"asset":{"__uuid__":"49QzcwWXxCYZN3SzoH0esa"},"fileId":"1fEK5EjRlCMbZo/bP7maTk"},"_contentSize":{"__type__":"cc.Size","width":169,"height":169},"_trs":{"__type__":"TypedArray","ctor":"Float64Array","array":[-47.474,-1.119,0,0,0,0,1,1,1,1]}},{"__type__":"cc.PolygonCollider","node":{"__id__":1},"points":[{"__type__":"cc.Vec2","x":-5.7,"y":-83.7},{"__type__":"cc.Vec2","x":-24.7,"y":-38.7},{"__type__":"cc.Vec2","x":123.1,"y":17.1},{"__type__":"cc.Vec2","x":23.7,"y":4.3},{"__type__":"cc.Vec2","x":-30.8,"y":14.5},{"__type__":"cc.Vec2","x":-26.3,"y":86.5},{"__type__":"cc.Vec2","x":-9.6,"y":112.4},{"__type__":"cc.Vec2","x":-43.5,"y":116.5},{"__type__":"cc.Vec2","x":-77.9,"y":85.8},{"__type__":"cc.Vec2","x":-102.6,"y":16.5},{"__type__":"cc.Vec2","x":-114.5,"y":8.3},{"__type__":"cc.Vec2","x":-120.8,"y":-14.8},{"__type__":"cc.Vec2","x":-114.2,"y":-22.1}]},{"__type__":"cc.Animation","node":{"__id__":1},"_clips":[{"__uuid__":"c6J8ymCIdFnL9UK1jbFsIL"},{"__uuid__":"51mL5E4pFP2KnUGMHQsDKH"},{"__uuid__":"fawqhgzOxEdr2wJiPcTYyN"},{"__uuid__":"33Yf9zNBtKfICK8OikKDfA"},{"__uuid__":"51vkU9riJL74YeEv0qYDsk"},{"__uuid__":"a8CTjqfLVFxK+3/iOv1tUo"},{"__uuid__":"c41PkwCIRGVLai1DAZMuot"},{"__uuid__":"afyOX8EztNaa/vKwuISjOD"},{"__uuid__":"ceNICdEoFAOqldI08ZfYdu"},{"__uuid__":"5ezAa12uJBQ6lBSmcQOAMD"},{"__uuid__":"b0eAA/nKVPaLA+1a/Mz9mh"},{"__uuid__":"58A4k2kFxLbrKib7KBBX2R"},{"__uuid__":"657yjD6EtGx5qJnfHwSt/0"},{"__uuid__":"c7iBZHsnpCjKcCqieueeR7"}]}],{"__type__":"cc.SpriteFrame","content":{"name":"fish_game_pic_suoding1","texture":"bclyb1CdFAXZK7vE6k7C0V","rect":[0,0,169,169],"offset":[-0.5,0.5],"originalSize":[170,170],"capInsets":[0,0,0,0]}}]