{"__type__":"sp.SkeletonData","_name":"10000","_skeletonJson":{"skeleton":{"hash":"NCgnI8QSMVTU/fBO4sDoeu8o6dU","spine":"3.7.94","width":674.82,"height":714.44,"images":"./images/","audio":"C:/Users/Toanp/OneDrive/Máy tính/Zeus/SPINE/10000"},"bones":[{"name":"root","x":13.27,"y":92.86},{"name":"bone","parent":"root","x":26.31,"y":-92.86},{"name":"Layer 58","parent":"bone","x":-10.34,"y":-14.71},{"name":"Layer 60","parent":"Layer 58","length":94.3,"rotation":-169.43,"x":-29.66,"y":-0.62},{"name":"Layer 59","parent":"Layer 60","length":97.32,"rotation":11.43,"x":108.65,"y":6.12},{"name":"Layer 62","parent":"Layer 58","length":75.41,"rotation":12.78,"x":35.23,"y":1.24},{"name":"Layer 61","parent":"Layer 62","length":73.46,"rotation":30.17,"x":101.71,"y":4.17},{"name":"Layer 45","parent":"Layer 58","length":108.11,"rotation":95.91,"x":-2.47,"y":27.81},{"name":"Layer 47","parent":"Layer 45","length":134,"rotation":-0.88,"x":121.5,"y":-2.63},{"name":"Layer 49","parent":"Layer 47","x":121.45,"y":-7.21},{"name":"Layer 48","parent":"Layer 49","length":87.38,"rotation":-142.01,"x":-8.79,"y":-16.37},{"name":"Layer 51","parent":"Layer 48","length":106.72,"rotation":59.36,"x":105.88,"y":3.57},{"name":"Layer 52","parent":"Layer 49","length":63.22,"rotation":76.09,"x":8.12,"y":19.86},{"name":"Layer 50","parent":"Layer 52","length":55.44,"rotation":18.51,"x":76.77,"y":-1.34},{"name":"Layer 54","parent":"Layer 50","length":54.42,"rotation":50.82,"x":69.91,"y":12.39},{"name":"Layer 46","parent":"Layer 49","x":8.75,"y":-17.43},{"name":"Layer 55","parent":"Layer 46","x":97.21,"y":41.42},{"name":"Layer 53","parent":"Layer 55","x":-33.22,"y":12.23},{"name":"Layer 57","parent":"Layer 53","x":-36.05,"y":13.46},{"name":"Layer 63","parent":"Layer 53","length":63.83,"rotation":48.37,"x":0.96,"y":24.67},{"name":"Layer 56","parent":"Layer 63","length":42.88,"rotation":-41.57,"x":71.92,"y":-1.89},{"name":"Layer 65","parent":"Layer 56","length":44.78,"rotation":8.59,"x":53.32,"y":-9.66},{"name":"Layer 66","parent":"Layer 46","x":56.65,"y":7.59},{"name":"Layer 64","parent":"Layer 66","length":103.76,"rotation":-14.43,"x":35.16,"y":-3.09},{"name":"Layer 68","parent":"Layer 64","length":130.35,"rotation":-130.88,"x":103.97,"y":-18.57},{"name":"Layer 67","parent":"Layer 68","x":137.39,"y":5.16},{"name":"Layer 70","parent":"Layer 67","x":62.52,"y":-41.86},{"name":"Layer 71","parent":"Layer 49","x":-26.09,"y":84.91},{"name":"Layer 69","parent":"Layer 71","length":73.29,"rotation":137.06,"x":-8.56,"y":16.94},{"name":"Layer 73","parent":"Layer 69","x":33.46,"y":-11.29},{"name":"Layer 72","parent":"Layer 73","length":95.07,"rotation":6.55,"x":36.48,"y":0.22},{"name":"Layer 75","parent":"Layer 72","x":144.48,"y":-21.23},{"name":"Layer 74","parent":"Layer 75","length":176.09,"rotation":87.41,"x":-10.65,"y":28.75},{"name":"Layer 77","parent":"Layer 74","x":198.25,"y":7.84},{"name":"Layer 76","parent":"Layer 77","x":-156.26,"y":-114.11},{"name":"Layer 79","parent":"Layer 77","length":288.2,"rotation":0.61,"x":-261.39,"y":-65.74},{"name":"Layer 80","parent":"Layer 49","x":41.46,"y":-40.54},{"name":"Layer 78","parent":"Layer 67","x":62.52,"y":-41.86},{"name":"Layer 81","parent":"Layer 67","x":62.52,"y":-41.86}],"slots":[{"name":"Layer 58","bone":"Layer 61","attachment":"Layer 58"},{"name":"Layer 45","bone":"Layer 47","attachment":"Layer 45"},{"name":"Layer 50","bone":"Layer 75","attachment":"Layer 50"},{"name":"Layer 51","bone":"Layer 74","attachment":"Layer 51"},{"name":"Layer 53","bone":"Layer 77","attachment":"Layer 53"},{"name":"Layer 52","bone":"Layer 79","attachment":"Layer 52"},{"name":"Layer 55","bone":"Layer 68","attachment":"Layer 55"},{"name":"Layer 54","bone":"Layer 64","attachment":"Layer 54"},{"name":"Layer 49","bone":"Layer 69","attachment":"Layer 49"},{"name":"Layer 48","bone":"Layer 54","attachment":"Layer 48"},{"name":"Layer 46","bone":"Layer 46","attachment":"Layer 46"},{"name":"Layer 47","bone":"Layer 65","attachment":"Layer 47"},{"name":"Layer 56","bone":"Layer 67","attachment":"Layer 56"},{"name":"Layer 57","bone":"Layer 70","attachment":"Layer 57"},{"name":"Layer 61","bone":"Layer 78","attachment":"Layer 57"},{"name":"Layer 62","bone":"Layer 81","attachment":"Layer 57"},{"name":"Layer 59","bone":"Layer 80","attachment":"Layer 59"}],"skins":{"default":{"Layer 45":{"Layer 45":{"type":"mesh","uvs":[0.138,0.12355,0.26584,0.09048,0.38206,0.06109,0.49164,0.03781,0.57134,0.01577,0.68258,0,0.79714,0,0.85027,0.04516,0.92167,0.09048,0.95985,0.16887,0.96151,0.23379,0.95819,0.28645,0.94159,0.31217,0.96151,0.34279,0.98144,0.39301,0.98144,0.43098,0.94491,0.4763,0.93661,0.54244,0.93495,0.57796,0.94989,0.60368,0.94491,0.63675,0.97314,0.68575,0.96151,0.74454,0.93495,0.78741,0.91503,0.84375,0.87352,0.87927,0.81209,0.89397,0.74069,0.89397,0.63906,0.92104,0.53779,0.94921,0.41824,0.94064,0.30368,0.89777,0.28376,0.84755,0.30368,0.8255,0.28376,0.78141,0.25719,0.72997,0.2738,0.6871,0.32194,0.66628,0.35183,0.66505,0.27712,0.62341,0.1941,0.56952,0.1061,0.50705,0.04135,0.43968,0,0.36503,0,0.27684,0,0.21437,0.02827,0.17396,0.06978,0.14701],"triangles":[44,45,46,8,10,12,10,8,9,11,12,10,47,43,44,16,13,14,46,47,44,0,42,43,16,12,13,15,16,14,47,0,43,41,42,0,12,3,8,16,3,12,1,41,0,40,41,1,17,3,16,39,1,2,40,1,39,5,6,7,4,5,7,8,3,4,3,38,2,7,8,4,3,17,38,20,18,19,38,39,2,22,20,21,34,36,37,35,36,34,18,38,17,18,27,38,27,18,20,23,20,22,38,33,34,27,20,23,24,25,23,27,23,26,25,26,23,38,31,33,32,33,31,28,38,27,29,30,38,37,38,34,30,31,38,28,29,38],"vertices":[2,7,296.77,132.34,0.06871,8,173.17,137.64,0.93129,2,7,306.67,90.83,0.03232,8,183.71,96.29,0.96768,2,7,315.39,53.13,0.00858,8,193.01,58.72,0.99142,2,7,321.72,17.77,0.00053,8,199.88,23.47,0.99947,1,8,207.06,-2.37,1,1,8,210.7,-37.86,1,1,8,207.53,-73.81,1,1,8,186.86,-88.79,1,1,8,165.61,-109.5,1,1,8,131.21,-118.55,1,2,7,223.25,-120.84,0.00014,8,103.55,-116.64,0.99986,2,7,200.99,-117.49,0.00421,8,81.24,-113.63,0.99579,2,7,190.61,-111.16,0.01398,8,70.76,-107.46,0.98602,2,7,176.95,-116.06,0.03599,8,57.19,-112.56,0.96401,2,7,154.98,-120.09,0.08056,8,35.28,-116.94,0.91944,2,7,138.85,-118.42,0.12129,8,19.13,-115.51,0.87871,2,7,120.79,-104.99,0.24038,8,0.86,-102.36,0.75962,2,7,92.97,-99.48,0.50526,8,-27.05,-97.28,0.49474,2,7,77.93,-97.4,0.65723,8,-42.11,-95.43,0.34277,2,7,66.52,-100.95,0.74489,8,-53.46,-99.15,0.25511,2,7,52.64,-97.94,0.82958,8,-67.39,-96.35,0.17042,2,7,30.92,-104.63,0.91641,8,-89.01,-103.38,0.08359,2,7,6.32,-98.4,0.96087,8,-113.7,-97.53,0.03913,2,7,-11.03,-88.2,0.98425,8,-131.2,-87.59,0.01575,2,7,-34.31,-79.48,0.9977,8,-154.61,-79.23,0.0023,2,7,-48.05,-64.91,0.99991,8,-168.58,-64.88,0.00009,1,7,-52.3,-45.02,1,1,7,-49.99,-22.65,1,1,7,-58.19,10.38,1,1,7,-66.88,43.36,1,1,7,-59.36,80.43,1,1,7,-37.44,114.45,1,1,7,-15.46,118.48,1,1,7,-6.75,111.27,1,2,7,12.63,115.58,0.99996,8,-110.67,116.52,0.00004,2,7,35.34,121.64,0.99711,8,-88.06,122.93,0.00289,2,7,53.01,114.55,0.98947,8,-70.28,116.12,0.01053,2,7,60.29,98.55,0.96925,8,-62.76,100.23,0.03075,2,7,59.84,89.14,0.93977,8,-63.06,90.81,0.06023,2,7,79.95,110.72,0.74872,8,-43.28,112.69,0.25128,2,7,105.53,134.36,0.55745,8,-18.07,136.73,0.44255,2,7,134.92,159.19,0.39208,8,10.93,162,0.60792,2,7,165.63,176.51,0.28564,8,41.37,179.8,0.71436,2,7,198.68,186.19,0.21156,8,74.27,189.98,0.78844,2,7,236.13,182.32,0.14615,8,111.78,186.68,0.85385,2,7,262.66,179.57,0.11412,8,138.35,184.34,0.88588,2,7,278.92,168.94,0.09939,8,154.76,173.96,0.90061,2,7,289.02,154.75,0.08735,8,165.08,159.93,0.91265],"hull":48,"edges":[0,2,2,4,4,6,6,8,8,10,10,12,12,14,14,16,16,18,18,20,20,22,22,24,24,26,26,28,28,30,30,32,32,34,34,36,36,38,38,40,40,42,42,44,44,46,46,48,48,50,50,52,52,54,54,56,56,58,58,60,60,62,62,64,64,66,66,68,68,70,70,72,72,74,74,76,76,78,78,80,80,82,82,84,84,86,86,88,88,90,90,92,92,94,0,94],"width":315,"height":427}},"Layer 46":{"Layer 46":{"type":"mesh","uvs":[0.22882,0.05336,0.36744,0.07385,0.43975,0.08961,0.51006,0.07227,0.57836,0.06439,0.63662,0.08646,0.73706,0.10223,0.78327,0.15109,0.85358,0.211,0.86362,0.28666,0.86764,0.34341,0.86362,0.39228,0.84755,0.45691,0.86161,0.51997,0.90781,0.56411,0.94598,0.59248,0.95804,0.66342,0.96607,0.73278,0.93996,0.80372,0.8817,0.8715,0.73104,0.87308,0.5402,0.84786,0.41967,0.78165,0.36342,0.70756,0.3815,0.67603,0.29713,0.65396,0.269,0.57829,0.18463,0.54992,0.10227,0.51839,0.02392,0.52154,0,0.45849,0.03999,0.09277,0.08218,0.04548,0.18262,0.01552],"triangles":[11,9,10,9,7,8,7,9,5,11,12,9,32,33,0,0,31,32,28,31,0,30,31,28,27,28,0,1,27,0,29,30,28,1,26,27,2,26,1,24,25,26,2,24,26,3,4,5,2,3,5,12,24,2,12,2,5,7,5,6,22,24,21,5,9,12,13,24,12,23,24,22,20,14,16,16,14,15,18,16,17,13,21,24,14,20,13,16,18,20,20,21,13,19,20,18],"vertices":[1,9,159.02,47.83,1,1,9,150.4,17.14,1,1,9,144.44,1.26,1,1,9,148.03,-15.01,1,1,9,148.93,-30.58,1,1,9,141.45,-43.14,1,1,9,134.94,-65.36,1,1,9,120,-74.52,1,1,9,101.42,-88.84,1,1,9,79.52,-89.19,1,1,9,63.16,-88.67,1,1,9,49.22,-86.53,1,1,9,30.99,-81.28,1,1,9,12.62,-82.85,1,1,9,-0.95,-92.14,1,1,9,-9.85,-100.02,1,1,9,-30.44,-100.94,1,1,9,-50.5,-101,1,1,9,-70.33,-93.33,1,1,9,-88.63,-78.5,1,1,9,-86.1,-44.55,1,1,9,-75.08,-2.22,1,1,9,-53.7,23.25,1,1,9,-31.33,34.04,1,1,9,-22.64,29.17,1,1,9,-14.64,47.61,1,1,9,7.63,52.03,1,1,9,17.44,70.31,1,1,9,28.11,88.06,1,1,9,28.76,105.78,1,1,9,47.32,109.57,1,1,9,151.45,91.34,1,1,9,164.19,80.65,1,1,9,170.79,57.28,1],"hull":34,"edges":[0,2,2,4,4,6,6,8,8,10,10,12,12,14,14,16,16,18,18,20,20,22,22,24,24,26,26,28,28,30,30,32,32,34,34,36,36,38,38,40,40,42,42,44,44,46,46,48,48,50,50,52,52,54,54,56,56,58,58,60,60,62,62,64,64,66,0,66],"width":226,"height":288}},"Layer 47":{"Layer 47":{"type":"mesh","uvs":[0.97664,0.39596,0.9654,0.49733,0.96202,0.58899,0.93616,0.68065,0.86531,0.8424,0.81921,0.83054,0.78098,0.87475,0.72025,0.89632,0.64041,0.90063,0.6033,0.91789,0.55945,0.95994,0.51447,0.99445,0.45487,1,0.35366,0.99229,0.27157,0.92867,0.22322,0.86181,0.22996,0.79819,0.27157,0.71084,0.28731,0.66663,0.28619,0.59115,0.29519,0.52644,0.30981,0.48655,0.31093,0.40885,0.36603,0.35601,0.39639,0.29563,0.42451,0.25141,0.46724,0.21906,0.50772,0.19426,0.50435,0.17054,0.43912,0.16191,0.39639,0.1673,0.37728,0.19318,0.3829,0.232,0.3784,0.24926,0.34242,0.2374,0.29856,0.21583,0.27382,0.17485,0.29406,0.1274,0.36266,0.0929,0.42451,0.07888,0.50435,0.07672,0.60218,0.14573,0.68539,0.18456,0.72138,0.22445,0.74499,0.25141,0.75061,0.29239,0.727,0.342,0.83158,0.33229,0.90467,0.33984,0.95865,0.35817,0.99913,0.38082],"triangles":[42,43,46,46,26,27,46,27,42,27,41,42,45,43,44,45,46,43,33,34,32,32,34,31,34,35,31,35,36,31,27,28,41,36,37,31,31,37,30,29,40,28,28,40,41,37,38,30,29,30,39,30,38,39,29,39,40,19,21,46,21,19,20,23,46,21,23,21,22,46,23,24,46,24,26,26,24,25,11,12,10,12,16,10,12,13,14,9,10,16,14,16,12,9,18,8,16,14,15,9,16,17,18,9,17,46,8,18,46,18,19,1,3,47,47,3,46,48,1,47,48,0,1,0,48,49,0,49,50,2,3,1,8,5,7,6,7,5,46,5,8,4,5,3,3,5,46],"vertices":[4,16,27.6,-17.37,0.98425,19,-0.8,-80.79,0.00251,20,-2.05,-107.28,0.00079,21,-69.33,-88.25,0.01246,3,17,34,-24.34,0.01953,16,0.79,-12.11,0.98021,21,-93.78,-76.07,0.00025,2,17,9.61,-21.32,0.61069,16,-23.61,-9.09,0.38931,3,18,21.77,-26.01,0.17343,17,-14.28,-12.55,0.82113,16,-47.49,-0.32,0.00544,2,18,-19.82,-4.07,0.9988,19,-49.18,32.31,0.0012,2,18,-15.61,7.45,0.91643,19,-37.77,36.83,0.08357,2,18,-26.56,18.28,0.77854,19,-36.95,52.2,0.22146,3,18,-30.95,34.33,0.6697,19,-27.87,66.14,0.33019,20,-119.8,-15.32,0.00012,3,18,-30.3,54.87,0.52126,19,-12.09,79.31,0.47378,20,-116.73,5,0.00495,3,18,-34.07,64.78,0.46009,19,-7.19,88.71,0.52921,20,-119.3,15.29,0.0107,3,18,-44.31,76.99,0.41627,19,-4.86,104.48,0.56611,20,-128.03,28.63,0.01762,3,18,-52.51,89.32,0.39717,19,-1.1,118.79,0.5802,20,-134.71,41.84,0.02263,3,18,-52.65,104.71,0.38013,19,10.31,129.12,0.58996,20,-133.03,57.13,0.02992,3,18,-48.31,130.44,0.3519,19,32.42,142.97,0.601,20,-125.68,82.17,0.04711,3,18,-29.48,149.96,0.32338,19,59.53,141.87,0.60401,20,-104.67,99.32,0.07261,3,18,-10.54,160.77,0.30236,19,80.19,134.89,0.60129,20,-84.58,107.82,0.09635,3,18,6.29,157.55,0.28489,19,88.96,120.17,0.59481,20,-68.25,102.63,0.12031,3,18,28.67,144.84,0.2313,19,94.34,95,0.55826,20,-47.53,87.37,0.21043,3,18,40.12,139.77,0.18685,19,98.16,83.08,0.50915,20,-36.76,80.98,0.304,3,18,60.3,138.29,0.11693,19,110.45,67.01,0.38217,20,-16.9,77.12,0.50091,3,18,77.37,134.47,0.07168,19,118.94,51.71,0.25585,20,-0.4,71.3,0.67247,3,18,87.69,129.79,0.04558,19,122.3,40.89,0.16303,20,9.3,65.43,0.7914,3,18,108.41,127.67,0.01714,19,134.48,24,0.04682,20,29.62,60.88,0.93604,4,18,121.28,112.33,0.00519,19,131.56,4.19,0.00675,20,40.58,44.12,0.98453,21,-4.57,55.09,0.00353,3,18,136.71,103.14,0.00027,20,54.82,33.17,0.90784,21,7.88,42.13,0.09189,2,20,64.94,23.67,0.70434,21,16.47,31.23,0.29566,2,20,71.17,11.15,0.35672,21,20.76,17.91,0.64328,2,20,75.55,-0.4,0.04266,21,23.36,5.84,0.95734,2,20,81.95,-0.85,0.00185,21,29.63,4.44,0.99815,1,21,37.64,19.34,1,1,21,40.11,30.14,1,1,21,35.33,37.16,1,1,21,25.07,39.43,1,1,21,21.14,42.13,1,1,21,27.35,49.69,1,1,21,36.69,58.24,1,1,21,49.2,60.37,1,1,21,59.31,51.06,1,1,21,61.83,31.31,1,1,21,59.8,15.1,1,1,21,53.19,-4.33,1,3,16,102.83,72.62,0.00179,19,116.45,-77.24,0.00024,21,27.09,-21.45,0.99797,4,16,90.59,52.23,0.02192,19,93.07,-81.64,0.01596,20,68.74,-45.63,0.00201,21,9.88,-37.86,0.96011,4,16,79.13,43.95,0.04737,19,79.27,-78.57,0.04212,20,56.38,-52.49,0.03092,21,-3.37,-42.8,0.87959,4,16,71.4,38.54,0.06799,19,70.09,-76.39,0.06415,20,48.06,-56.95,0.05914,21,-12.26,-45.97,0.80872,4,16,60.34,38.06,0.09798,19,62.39,-68.43,0.09633,20,37.02,-56.11,0.09792,21,-23.05,-43.49,0.70777,4,16,47.63,45.27,0.23215,19,59.33,-54.14,0.21514,20,25.25,-47.45,0.17177,21,-33.4,-33.17,0.38095,4,16,47.86,18.27,0.69326,19,39.31,-72.26,0.17277,20,22.29,-74.29,0.04681,21,-40.33,-59.27,0.08717,4,16,44.2,-0.26,0.88188,19,23.02,-81.84,0.06783,20,16.46,-92.26,0.01404,21,-48.78,-76.17,0.03625,4,16,38.09,-13.65,0.966,19,8.95,-86.17,0.01376,20,8.81,-104.83,0.00293,21,-58.22,-87.45,0.01732,3,16,31.13,-23.48,0.98691,20,0.74,-113.77,0.0004,21,-67.54,-95.09,0.0127],"hull":51,"edges":[0,2,2,4,4,6,6,8,8,10,10,12,12,14,14,16,16,18,18,20,20,22,22,24,24,26,26,28,28,30,30,32,32,34,34,36,36,38,38,40,40,42,42,44,44,46,46,48,48,50,50,52,52,54,54,56,56,58,58,60,60,62,62,64,64,66,66,68,68,70,70,72,72,74,74,76,76,78,78,80,80,82,82,84,84,86,86,88,88,90,90,92,92,94,94,96,96,98,98,100,0,100],"width":257,"height":268}},"Layer 48":{"Layer 48":{"type":"mesh","uvs":[0.59268,0.03069,0.62544,0.10261,0.66155,0.19252,0.68507,0.28962,0.70439,0.39211,0.71111,0.50899,0.71531,0.63665,0.70607,0.76432,0.73967,0.75713,0.77998,0.70138,0.81022,0.63665,0.8329,0.56293,0.85725,0.50899,0.88161,0.45324,0.90093,0.44605,0.94293,0.53236,0.95804,0.5899,0.94209,0.65463,0.9698,0.71757,0.99332,0.76791,1,0.81826,0.98576,0.8758,0.97148,0.92435,0.80602,0.92615,0.75143,0.94053,0.72119,0.98189,0.68255,0.99628,0.53323,0.99931,0.4484,0.96874,0.39044,0.92379,0.33165,0.86265,0.28125,0.73858,0.25186,0.63069,0.19894,0.61271,0.13511,0.60192,0.10067,0.65587,0.08136,0.7188,0.06624,0.80151,0.05784,0.87703,0.01416,0.8177,0,0.71341,0,0.65407,0.01584,0.59833,0.0276,0.50662,0.03684,0.40952,0.05448,0.34299,0.0822,0.28905,0.12167,0.25848,0.21154,0.21892,0.25438,0.16678,0.31149,0.13441,0.36692,0.07148,0.41228,0.03731,0.46099,0.00315,0.48619,0,0.52315,0,0.58782,0],"triangles":[27,28,7,28,29,7,29,30,7,6,7,30,3,4,32,31,5,30,6,30,5,4,5,31,2,3,50,2,51,1,1,55,0,1,54,55,55,56,0,26,27,7,24,25,26,7,24,26,7,8,24,24,8,23,23,8,19,22,23,21,18,9,17,17,9,10,19,8,9,23,20,21,20,23,19,18,19,9,10,11,17,17,11,16,15,11,12,11,15,16,12,13,15,13,14,15,50,3,32,2,50,51,31,32,4,51,52,1,52,53,54,1,52,54,50,32,48,49,50,48,33,48,32,48,33,47,45,46,47,47,33,45,38,39,37,39,40,37,37,40,36,35,36,41,36,40,41,41,42,35,35,42,34,42,43,34,43,44,34,34,44,33,45,33,44],"vertices":[2,12,-68.09,-98.4,0.33613,10,-42.77,101.29,0.66387,2,12,-85.21,-85.57,0.23457,10,-21.37,101.76,0.76543,3,12,-104.44,-69.19,0.12641,11,31.62,137.3,0.00001,10,3.86,100.74,0.87358,3,12,-118.23,-50.41,0.05539,11,37.67,114.79,0.00328,10,26.3,94.47,0.94133,3,12,-130.3,-30.2,0.0148,11,41.59,91.58,0.0206,10,48.27,86.02,0.9646,3,12,-137.17,-6.08,0.00072,11,39.24,66.61,0.07955,10,68.57,71.28,0.91973,2,11,35.28,39.64,0.25717,10,89.75,54.13,0.74283,2,11,25.34,13.98,0.81419,10,106.76,32.49,0.18581,2,11,40.63,12.19,0.9937,10,116.09,44.74,0.0063,1,11,61.13,19.85,1,1,11,77.56,30.36,1,1,11,91.02,43.48,1,1,11,104.34,52.32,1,1,11,117.73,61.54,1,1,11,126.66,61.14,1,1,11,141.43,39.08,1,1,11,145.53,25.63,1,1,11,135.47,13.73,1,1,11,144.94,-2.08,1,1,11,153.11,-14.85,1,1,11,153.79,-25.98,1,1,11,144.82,-36.56,1,1,11,136.24,-45.26,1,1,11,62.47,-29.46,1,1,11,37.49,-27.11,1,1,11,22.14,-32.76,1,2,11,4.27,-31.98,0.99143,10,135.57,-9.05,0.00857,3,12,-73.15,109.63,0.0687,11,-62.38,-18.01,0.07686,10,89.59,-59.28,0.85444,3,12,-33.93,109.17,0.23488,11,-98.76,-3.36,0.00077,10,58.44,-83.12,0.76435,2,12,-6.34,103.79,0.40775,10,33.41,-95.91,0.59225,3,13,-21.18,108.75,0.00042,12,22.16,95.06,0.59715,10,5.6,-106.63,0.40243,4,14,5.49,98.46,0.00191,13,-2.94,78.85,0.03587,12,48.94,72.5,0.76527,10,-29.4,-105.4,0.19695,4,14,-7.89,75.47,0.03134,13,6.43,53.96,0.2381,12,65.73,51.87,0.67208,10,-55.35,-99.53,0.05848,4,14,0.68,52.59,0.18567,13,29.58,46.14,0.54189,12,90.17,51.81,0.26571,10,-74.61,-114.56,0.00673,3,14,13.04,26.14,0.73638,13,57.89,39.01,0.23664,12,119.28,54.03,0.02699,3,14,30.78,18.14,0.98783,13,75.29,47.71,0.01109,12,133.02,67.81,0.00108,1,14,46.78,17.09,1,1,14,65.51,19.79,1,1,14,81.39,24.39,1,1,14,80.22,0.83,1,1,14,64.08,-15.75,1,1,14,53.09,-21.98,1,1,14,39.2,-21.55,1,2,14,19.56,-26.52,0.98938,13,102.83,10.8,0.01062,2,14,-0.51,-33.06,0.7853,13,95.22,-8.89,0.2147,2,14,-16.8,-33.05,0.47854,13,84.92,-21.51,0.52146,2,14,-33.03,-27.72,0.18202,13,70.53,-30.73,0.81798,2,14,-47.58,-15.28,0.01542,13,51.7,-34.14,0.98458,2,13,9.88,-35.59,0.93968,12,97.44,-31.95,0.06032,2,13,-11.23,-43.27,0.64421,12,79.85,-45.94,0.35579,3,13,-38.06,-45.71,0.2561,12,55.19,-56.77,0.73287,10,-114.08,-7.53,0.01104,3,13,-65.23,-54.7,0.06579,12,32.28,-73.92,0.84685,10,-106.64,20.09,0.08736,3,13,-86.83,-58.42,0.0189,12,12.97,-84.3,0.78061,10,-97.85,40.18,0.20049,3,13,-109.95,-61.88,0.0026,12,-7.85,-94.92,0.65212,10,-88.02,61.39,0.34528,3,13,-121.39,-60.62,0.00053,12,-19.1,-97.36,0.5853,10,-80.67,70.25,0.41418,2,12,-35.75,-99.96,0.47837,10,-69.17,82.57,0.52163,2,12,-64.89,-104.51,0.35147,10,-49.06,104.13,0.64853],"hull":57,"edges":[0,2,2,4,4,6,6,8,8,10,10,12,12,14,14,16,16,18,18,20,20,22,22,24,24,26,26,28,28,30,30,32,32,34,34,36,36,38,38,40,40,42,42,44,44,46,46,48,48,50,50,52,52,54,54,56,56,58,58,60,60,62,62,64,64,66,66,68,68,70,70,72,72,74,74,76,76,78,78,80,80,82,82,84,84,86,86,88,88,90,90,92,92,94,94,96,96,98,98,100,100,102,102,104,104,106,106,108,108,110,110,112,0,112],"width":456,"height":213}},"Layer 49":{"Layer 49":{"type":"mesh","uvs":[0.2657,0.34051,0.37124,0.36503,0.42863,0.37975,0.49343,0.36748,0.56749,0.36503,0.63785,0.3822,0.71932,0.4288,0.79338,0.49133,0.823,0.54529,0.80263,0.60905,0.72302,0.67159,0.64711,0.69611,0.59341,0.74394,0.52676,0.76846,0.42678,0.7795,0.30088,0.75007,0.17313,0.71941,0.09166,0.68753,0.02686,0.62867,0.0102,0.56859,0.05648,0.50237,0.08055,0.44228,0.13425,0.40182,0.18609,0.36871,0.22127,0.34786,0.30492,0.43934,0.19621,0.53774,0.12373,0.62894,0.41363,0.47054,0.34841,0.54014,0.28318,0.62654,0.57308,0.49934,0.47524,0.59294,0.37015,0.66734,0.66367,0.54254,0.54047,0.67214,0.45712,0.72494],"triangles":[25,0,1,28,1,2,25,1,28,25,26,23,22,23,26,21,22,26,20,21,26,29,25,28,3,28,2,31,32,28,29,28,32,3,4,31,31,28,3,25,24,0,29,26,25,24,25,23,29,30,26,27,18,19,20,27,19,26,27,20,27,26,30,33,29,32,30,29,33,10,34,9,35,32,31,35,31,34,11,35,34,17,18,27,10,11,34,16,27,30,17,27,16,36,33,32,36,32,35,12,35,11,15,30,33,16,30,15,13,36,35,13,35,12,14,33,36,14,36,13,15,33,14,31,4,5,31,5,6,34,31,6,34,6,7,8,34,7,9,34,8],"vertices":[1,28,8.29,-71.12,1,2,27,24.51,54.07,0.00265,28,1.09,-49.71,0.99735,2,27,19.02,42.92,0.03295,28,-2.49,-37.81,0.96705,2,27,21.6,29.55,0.16408,28,-13.49,-29.78,0.83592,2,27,21.04,14.58,0.44475,28,-23.27,-18.43,0.55525,2,27,14.57,0.88,0.83617,28,-27.87,-4,0.16383,2,27,-1.03,-14.26,0.98869,28,-26.77,17.71,0.01131,2,27,-21.34,-27.5,0.77287,28,-20.91,41.24,0.22713,2,27,-38.25,-32.01,0.63292,28,-11.61,56.07,0.36708,2,27,-57.27,-26.21,0.47571,28,6.26,64.77,0.52429,2,27,-74.86,-8.52,0.27253,28,31.19,63.8,0.72747,2,27,-80.97,7.41,0.14007,28,46.52,56.3,0.85993,2,27,-94.55,19.49,0.05273,28,64.69,56.71,0.94727,2,27,-100.82,33.56,0.02331,28,78.86,50.68,0.97669,2,27,-102.4,53.97,0.0046,28,93.93,36.82,0.9954,1,28,102.47,11.24,1,1,28,110.95,-14.87,1,1,28,113.39,-33.82,1,1,28,107.27,-55.18,1,1,28,94.88,-69.1,1,1,28,73.21,-74.13,1,1,28,55.76,-81.56,1,1,28,39.36,-80.58,1,1,28,24.96,-78.53,1,1,28,15.57,-76.83,1,2,27,3.1,69.4,0.00139,28,27.2,-46.35,0.99861,2,27,-24.87,93.91,0.00059,28,64.37,-45.24,0.99941,2,27,-51.29,110.93,0.00021,28,95.32,-39.69,0.99979,2,27,-8.3,48.36,0.02248,28,21.22,-23.18,0.97752,2,27,-28.29,63.35,0.01366,28,46.06,-20.53,0.98634,2,27,-53.39,78.78,0.00409,28,74.95,-14.73,0.99591,2,27,-19.87,17.05,0.39058,28,8.36,7.63,0.60942,2,27,-46.58,39.24,0.14221,28,43.02,9.58,0.85779,2,27,-67.32,62.37,0.03431,28,73.97,6.77,0.96569,2,27,-34.6,-0.03,0.44883,28,7.51,30.16,0.55117,2,27,-71.8,28.23,0.09737,28,53.99,34.82,0.90263,2,27,-86.36,46.41,0.04123,28,77.04,31.43,0.95877],"hull":25,"edges":[0,2,2,4,4,6,6,8,8,10,10,12,12,14,14,16,16,18,18,20,20,22,22,24,24,26,26,28,28,30,30,32,32,34,34,36,36,38,38,40,40,42,42,44,44,46,46,48,0,48],"width":202,"height":305}},"Layer 50":{"Layer 50":{"type":"mesh","uvs":[0.29171,0.25052,0.32055,0.20953,0.35928,0.17142,0.40542,0.13115,0.43591,0.09951,0.49359,0.05924,0.56034,0.024,0.63286,0.00531,0.74492,0.00531,0.80096,0.02041,0.86029,0.05492,0.92209,0.16279,0.91962,0.26993,0.89737,0.32243,0.89078,0.35479,0.87924,0.4352,0.86441,0.47763,0.82238,0.52797,0.79601,0.56752,0.76388,0.6006,0.72036,0.64108,0.66597,0.6569,0.59758,0.65906,0.47809,0.64612,0.37426,0.61951,0.29104,0.58787,0.22264,0.53753,0.16825,0.49295,0.15837,0.44477,0.17979,0.40522,0.23006,0.35673,0.26796,0.32941,0.27455,0.29633,0.27867,0.26541,0.49266,0.17334,0.39977,0.32488,0.29881,0.45881,0.44824,0.54692,0.51286,0.45881,0.61382,0.36365,0.70267,0.2403,0.7996,0.32136,0.74306,0.44119,0.64613,0.57511],"triangles":[34,4,5,3,4,34,11,41,40,12,41,11,13,41,12,34,35,2,34,2,3,1,2,35,0,1,35,14,41,13,5,6,34,39,40,41,6,40,34,39,34,40,35,34,39,15,41,14,42,39,41,42,41,15,0,32,33,0,35,32,35,31,32,36,31,35,30,31,36,29,30,36,38,35,39,36,35,38,16,42,15,27,28,29,27,29,36,17,42,16,26,27,36,37,36,38,18,42,17,43,39,42,19,43,42,38,39,43,37,38,43,25,26,36,25,36,37,18,19,42,24,25,37,20,43,19,23,37,43,24,37,23,21,43,20,22,23,43,21,22,43,40,7,8,40,8,9,40,9,10,40,10,11,40,6,7],"vertices":[1,30,58.58,-60.56,1,1,30,45.74,-60.52,1,2,29,75.24,-53.82,0.00087,30,32.35,-58.11,0.99913,2,29,60.15,-51.95,0.01569,30,17.58,-54.53,0.98431,2,29,49.12,-51.53,0.04797,30,6.66,-52.86,0.95203,2,29,32.38,-47.54,0.16187,30,-9.51,-46.98,0.83813,2,29,15.4,-41.05,0.38407,30,-25.64,-38.6,0.61593,2,29,1.08,-30.79,0.66897,30,-38.7,-26.77,0.33103,2,29,-14.96,-10.19,0.99029,30,-52.29,-4.47,0.00971,1,29,-19.8,2.59,1,2,29,-21.03,19.16,0.96705,30,-54.97,25.37,0.03295,2,29,-7.15,48.22,0.68787,30,-37.87,52.66,0.31213,2,29,15.77,65.34,0.39321,30,-13.14,67.06,0.60679,2,29,30.01,69.86,0.25238,30,1.52,69.93,0.74762,2,29,37.77,73.96,0.17805,30,9.7,73.11,0.82195,2,29,56.37,85.03,0.07274,30,29.43,81.99,0.92726,2,29,67.43,89.27,0.04532,30,40.9,84.94,0.95468,2,29,84.05,89.8,0.0188,30,57.47,83.57,0.9812,2,29,96.15,91.44,0.00754,30,69.69,83.82,0.99246,2,29,107.72,90.96,0.00243,30,81.13,82.03,0.99757,2,29,122.48,89.6,0.00016,30,95.64,79,0.99984,1,30,105.84,70.37,1,1,30,114.63,57.07,1,1,30,126.17,31.5,1,1,30,132.69,7.14,1,1,30,135.57,-13.81,1,1,30,132.39,-34.41,1,1,30,128.82,-51.43,1,1,30,119.04,-60.09,1,1,30,107.42,-61.33,1,1,30,90.27,-58.07,1,1,30,79.45,-54.32,1,1,30,71.11,-57.61,1,1,30,63.56,-61.08,1,2,29,56.55,-28.99,0.03792,30,16.61,-31.31,0.96208,2,29,101.77,-21.2,0.01557,30,62.43,-28.73,0.98443,2,29,144.44,-17.79,0.00227,30,105.21,-30.2,0.99773,2,29,141.61,24.13,0.00473,30,107.17,11.77,0.99527,2,29,113.79,21.56,0.01195,30,79.25,12.38,0.98805,2,29,79.29,24.51,0.15314,30,45.31,19.25,0.84686,2,29,40.59,20.6,0.45823,30,6.41,19.78,0.54177,2,29,43.79,51.72,0.25946,30,13.14,50.33,0.74054,2,29,77.12,60.98,0.09898,30,47.31,55.73,0.90102,2,29,119.21,65.14,0.02023,30,89.6,55.06,0.97977],"hull":34,"edges":[0,2,2,4,4,6,6,8,8,10,10,12,12,14,14,16,16,18,18,20,20,22,22,24,24,26,26,28,28,30,30,32,32,34,34,36,36,38,38,40,40,42,42,44,44,46,46,48,48,50,50,52,52,54,54,56,56,58,58,60,60,62,62,64,64,66,0,66],"width":233,"height":267}},"Layer 51":{"Layer 51":{"type":"mesh","uvs":[0.13072,0.18882,0.20217,0.22907,0.29444,0.23607,0.38375,0.28157,0.43286,0.32882,0.50133,0.33932,0.5564,0.34807,0.59063,0.36907,0.56384,0.40232,0.5951,0.42857,0.60105,0.47932,0.607,0.51607,0.6963,0.60182,0.76477,0.63682,0.84068,0.66657,0.86896,0.69457,0.86151,0.75057,0.85258,0.82582,0.82579,0.90982,0.80198,0.96232,0.7737,1,0.71417,1,0.67547,0.96932,0.56682,0.95182,0.48942,0.90457,0.40161,0.85732,0.351,0.84332,0.29742,0.80132,0.26765,0.77682,0.24384,0.79082,0.223,0.75932,0.17686,0.71207,0.11584,0.63857,0.09351,0.50907,0.07417,0.39707,0.03696,0.32357,0.03993,0.24482,0.0697,0.19932],"triangles":[36,0,1,0,36,37,1,35,36,34,35,1,8,6,7,2,33,34,31,32,33,4,31,33,1,2,34,3,33,2,4,33,3,16,14,15,28,30,31,4,28,31,29,30,28,5,27,28,16,13,14,26,27,25,4,5,28,27,11,25,8,27,5,8,5,6,8,10,27,9,10,8,11,27,10,25,11,12,24,25,12,23,13,22,16,17,13,23,24,12,23,12,13,13,17,22,17,18,22,19,22,18,21,22,19,20,21,19],"vertices":[1,32,-55.96,30.12,1,1,32,-31.99,33.83,1,1,32,-7.95,47.86,1,1,32,20.85,53.21,1,1,32,39.87,51.44,1,1,32,58.46,60.72,1,1,32,73.46,68.12,1,1,32,85.01,69.42,1,1,32,83.08,57.85,1,1,32,94.63,57.53,1,1,32,103.38,47.76,1,1,32,110.12,40.95,1,1,32,144.68,37.76,1,1,32,166.77,41.84,1,1,32,189.98,48.28,1,1,32,201.04,47.09,1,1,32,207.19,33.95,1,1,32,215.72,16.47,1,1,32,221.05,-5.87,1,1,32,222.61,-21.03,1,1,32,220.94,-33.78,1,1,32,206.07,-43.79,1,1,32,192.02,-43.78,1,1,32,162.39,-58.33,1,1,32,136.31,-61.31,1,1,32,107.63,-66.04,1,1,32,93,-71.58,1,1,32,73.61,-71.67,1,1,32,62.68,-71.47,1,1,32,58.73,-78.44,1,1,32,49.03,-75.26,1,1,32,30.75,-72.98,1,1,32,5.01,-67.63,1,1,32,-19.09,-43.89,1,1,32,-39.93,-23.36,1,1,32,-59.73,-14.01,1,1,32,-70.25,3.22,1,1,32,-69.32,17.88,1],"hull":38,"edges":[0,2,2,4,4,6,6,8,8,10,10,12,12,14,14,16,16,18,18,20,20,22,22,24,24,26,26,28,28,30,30,32,32,34,34,36,36,38,38,40,40,42,42,44,44,46,46,48,48,50,50,52,52,54,54,56,56,58,58,60,60,62,62,64,64,66,66,68,68,70,70,72,72,74,0,74],"width":301,"height":256}},"Layer 52":{"Layer 52":{"type":"mesh","uvs":[0.13292,0.00106,0.24987,0.05106,0.32784,0.09324,0.41663,0.13856,0.48593,0.20262,0.56065,0.27137,0.64295,0.33543,0.70792,0.41981,0.77181,0.51981,0.85194,0.63856,0.918,0.77762,0.95806,0.88231,0.95806,0.93856,0.87252,0.97449,0.76098,0.96043,0.65811,0.95262,0.44208,0.86512,0.33054,0.81824,0.28398,0.76199,0.20385,0.61668,0.07715,0.18856,0.05441,0.09949,0.04792,0.04481,0.04683,0.00106,0.10423,0,0.11423,0.15262,0.22949,0.19974,0.3505,0.26349,0.44463,0.33833,0.57333,0.45197,0.67706,0.58779,0.8,0.75686,0.84418,0.86496,0.19683,0.37159,0.33706,0.50186,0.41966,0.60442,0.5157,0.72915,0.60791,0.8317,0.28519,0.62105,0.37932,0.73192,0.21357,0.50609,0.14824,0.23866,0.26178,0.31374,0.3354,0.37646,0.41701,0.44301,0.52167,0.54924,0.61062,0.64778,0.67537,0.74121,0.72681,0.83848,0.59288,0.89096],"triangles":[22,23,24,21,22,24,0,21,24,25,0,1,25,21,0,20,21,25,26,25,1,26,1,2,41,25,26,20,25,41,27,2,3,27,3,4,26,2,27,42,26,27,41,26,42,28,27,4,28,4,5,33,41,42,43,42,27,43,27,28,44,43,28,29,5,6,29,6,7,28,5,29,44,28,29,34,43,44,43,40,33,43,33,42,40,43,34,45,44,29,30,29,7,30,7,8,45,29,30,35,44,45,34,44,35,40,20,33,20,41,33,40,19,20,38,40,34,38,34,35,19,40,38,30,8,9,46,45,30,36,35,45,36,45,46,39,38,35,39,35,36,47,46,30,31,47,30,36,46,47,9,31,30,18,19,38,18,38,39,31,9,10,17,18,39,37,36,47,48,47,31,37,47,48,32,31,10,48,31,32,16,39,36,16,36,37,17,39,16,32,10,11,49,16,37,13,32,11,48,49,37,15,49,48,16,49,15,14,48,32,15,48,14,12,13,11,14,32,13],"vertices":[2,34,-223.43,57.29,0.3,35,-90.91,47.86,0.7,2,34,-161.64,76.72,0.3,35,-28.92,66.62,0.7,2,34,-118.63,86.96,0.3,35,14.2,76.4,0.7,2,34,-70.21,99.47,0.3,35,62.75,88.39,0.7,2,34,-26.51,100.47,0.3,35,106.45,88.92,0.7,2,34,20.53,101.64,0.3,35,153.5,89.59,0.7,2,34,69.94,106.49,0.3,35,202.97,93.91,0.7,2,34,115.9,100.01,0.3,35,248.86,86.93,0.7,2,34,164.6,88.43,0.3,35,297.42,74.84,0.7,2,34,224.3,75.95,0.3,35,356.99,61.71,0.7,2,34,281.98,53.09,0.3,35,414.42,38.24,0.7,2,34,321.14,33.02,0.3,35,453.36,17.75,0.7,2,34,332.7,15.85,0.3,35,464.74,0.45,0.7,2,34,302.41,-20.49,0.05,35,434.06,-35.56,0.95,2,34,250.4,-49.28,0.05,35,381.74,-63.79,0.95,2,34,203.48,-77.4,0.05,35,334.52,-91.41,0.95,2,34,90.34,-114.77,0.05,35,220.99,-127.56,0.95,2,34,31.58,-133.54,0.05,35,162.04,-145.7,0.95,2,34,-0.49,-130.18,0.05,35,130,-141.99,0.95,2,34,-65.65,-109.59,0.05,35,65.07,-120.7,0.95,2,34,-209.45,-16.48,0.05,35,-77.73,-26.06,0.95,2,34,-237.77,3.96,0.05,35,-105.83,-5.32,0.95,2,34,-251.88,18.73,0.05,35,-119.77,9.6,0.95,2,34,-261.35,31.76,0.3,35,-129.1,22.74,0.7,2,34,-236.28,49.11,0.3,35,-103.86,39.81,0.7,2,34,-200.51,5.49,0.3,35,-68.55,-4.19,0.7,2,34,-140.06,25.29,0.3,35,-7.89,14.96,0.7,2,34,-73.65,41.72,0.3,35,58.69,30.68,0.7,2,34,-16.81,46.79,0.3,35,115.58,35.14,0.7,2,34,63.23,50.27,0.3,35,195.66,37.76,0.7,2,34,136.84,39.58,0.3,35,269.14,26.28,0.7,2,34,225.74,24.43,0.3,35,357.87,10.18,0.7,2,34,267.42,4.54,0.3,35,399.34,-10.16,0.7,2,34,-119.12,-36.85,0.3,35,12.38,-47.4,0.7,2,34,-30.58,-35.03,0.3,35,100.94,-46.53,0.7,2,34,26.88,-41.84,0.3,35,158.32,-53.95,0.7,2,34,94.82,-51.43,0.3,35,226.15,-64.27,0.7,2,34,156.51,-55.38,0.3,35,287.8,-68.89,0.7,2,34,-28.92,-86.79,0.3,35,102.03,-98.31,0.7,2,34,35.32,-92.72,0.3,35,166.21,-104.92,0.7,2,34,-84.1,-72.94,0.3,35,47.01,-83.87,0.7,2,34,-167.84,-10.69,0.3,35,-36.06,-20.72,0.7,2,34,-102.4,0.07,0.3,35,29.49,-10.66,0.7,2,34,-57.08,2.76,0.3,35,74.84,-8.46,0.7,2,34,-7.46,6.64,0.3,35,124.5,-5.1,0.7,2,34,60.47,5.26,0.3,35,192.41,-7.22,0.7,2,34,119.9,1.56,0.3,35,251.8,-11.55,0.7,2,34,167.63,-7.75,0.3,35,299.42,-21.38,0.7,2,34,210.28,-22.19,0.3,35,341.92,-36.27,0.7,2,34,162.07,-77.93,0.3,35,293.12,-91.49,0.7],"hull":25,"edges":[0,2,2,4,4,6,6,8,8,10,10,12,12,14,14,16,16,18,18,20,20,22,22,24,24,26,26,28,28,30,30,32,32,34,34,36,36,38,38,40,40,42,42,44,44,46,46,48,0,48],"width":531,"height":368}},"Layer 53":{"Layer 53":{"type":"mesh","uvs":[0.32822,0.67736,0.32332,0.55102,0.33802,0.41458,0.36906,0.30341,0.41153,0.23266,0.47198,0.22256,0.55529,0.19729,0.5896,0.17455,0.65821,0.17455,0.73172,0.18466,0.83137,0.22508,0.90652,0.30088,0.94736,0.39942,0.92776,0.4828,0.91469,0.53839,0.92122,0.61672,0.91632,0.68999,0.76276,0.90981,0.70395,0.94518,0.63207,0.91234,0.51118,0.90476,0.42297,0.84412,0.37396,0.786,0.33965,0.738],"triangles":[13,11,12,13,5,11,23,0,1,14,15,22,2,22,1,1,22,23,3,5,2,22,2,5,6,7,8,9,6,8,11,6,9,11,5,6,3,4,5,9,10,11,5,14,22,22,15,21,5,13,14,15,19,21,19,20,21,19,15,16,17,19,16,18,19,17],"vertices":[1,33,-0.76,-30.41,1,1,33,-12.29,-15.32,1,1,33,-20.89,3.56,1,1,33,-24.23,21.41,1,1,33,-21.98,35.72,1,1,33,-11.2,44.81,1,1,33,2.72,58.75,1,1,33,7.42,66.02,1,1,33,20.62,74.91,1,1,33,35.61,83.18,1,1,33,58.18,91.06,1,1,33,78.99,91.37,1,1,33,95.1,84.4,1,1,33,98.32,71.49,1,1,33,100.46,62.88,1,1,33,108.28,53.98,1,1,33,113.47,44.23,1,1,33,102.34,-3.02,1,1,33,93.99,-15.04,1,1,33,77.4,-20.27,1,1,33,53.5,-34.99,1,1,33,31.45,-38.88,1,1,33,17.15,-38,1,1,33,6.52,-36.47,1],"hull":24,"edges":[0,2,2,4,4,6,6,8,8,10,10,12,12,14,14,16,16,18,18,20,20,22,22,24,24,26,26,28,28,30,30,32,32,34,34,36,36,38,38,40,40,42,42,44,44,46,0,46],"width":232,"height":150}},"Layer 54":{"Layer 54":{"type":"mesh","uvs":[0.76488,0.02937,0.81646,0.11519,0.87018,0.18875,0.90456,0.26231,0.90456,0.34463,0.90241,0.44446,0.86803,0.50226,0.88737,0.54605,0.90671,0.58983,0.93035,0.6739,0.92605,0.76147,0.87663,0.86831,0.79067,0.94888,0.67893,0.99266,0.48122,0.96639,0.29427,0.95063,0.15459,0.90859,0.08152,0.81402,0.04929,0.71944,0.03854,0.64413,0.05788,0.54605,0.10731,0.46198,0.17178,0.4252,0.16963,0.38141,0.18682,0.30084,0.20616,0.2483,0.25988,0.187,0.34369,0.13446,0.4318,0.09242,0.50701,0.03988,0.54569,0,0.67033,0,0.71546,0],"triangles":[2,3,4,22,23,24,1,2,28,4,28,2,5,6,4,22,18,19,9,11,8,19,20,22,22,17,18,8,12,7,10,11,9,20,21,22,31,32,0,29,30,31,31,1,29,1,31,0,28,29,1,4,27,28,6,27,4,25,26,27,27,6,25,8,11,12,6,24,25,6,22,24,6,15,22,22,15,17,7,14,6,15,6,14,15,16,17,7,13,14,12,13,7],"vertices":[1,23,120.09,-14.06,1,1,23,106.63,-23.66,1,1,23,95.32,-33.21,1,1,23,83.55,-40.07,1,2,22,91.91,-61.47,0.00009,23,69.5,-42.4,0.99991,2,22,74.74,-59.65,0.00583,23,52.41,-44.92,0.99417,2,22,65.2,-53.95,0.02615,23,41.76,-41.77,0.97385,2,22,57.41,-56,0.06192,23,34.73,-45.7,0.93808,2,22,49.63,-58.05,0.10511,23,27.7,-49.62,0.89489,2,22,34.85,-60.1,0.21004,23,13.9,-55.29,0.78996,2,22,19.81,-58.17,0.34573,23,-1.15,-57.16,0.65427,2,22,2.01,-49.61,0.56673,23,-20.52,-53.3,0.43327,2,22,-10.81,-36.31,0.77775,23,-36.25,-43.62,0.22225,2,22,-16.98,-19.95,0.93004,23,-46.3,-29.32,0.06996,2,22,-10.01,7.42,0.98916,23,-46.37,-1.07,0.01084,2,22,-4.98,33.44,0.72099,23,-47.98,25.38,0.27901,2,22,3.99,52.42,0.53715,23,-44.02,46,0.46285,2,22,21.19,61.25,0.38437,23,-29.56,58.83,0.61563,2,22,37.89,64.34,0.25095,23,-14.16,65.99,0.74905,2,22,51,64.71,0.16943,23,-1.56,69.61,0.83057,2,22,67.66,60.51,0.09127,23,15.63,69.69,0.90873,2,22,81.54,52.29,0.04464,23,31.12,65.19,0.95536,2,22,87.08,42.68,0.01914,23,38.88,57.26,0.98086,2,22,94.66,42.32,0.00692,23,46.3,58.8,0.99308,2,22,108.33,38.68,0.00057,23,60.45,58.68,0.99943,1,23,69.86,57.48,1,1,23,81.56,51.74,1,1,23,92.46,41.56,1,1,23,101.66,30.49,1,1,23,112.36,21.51,1,1,23,120.06,17.26,1,1,23,122.93,-0.08,1,1,23,123.97,-6.35,1],"hull":33,"edges":[0,2,2,4,4,6,6,8,8,10,10,12,12,14,14,16,16,18,18,20,20,22,22,24,24,26,26,28,28,30,30,32,32,34,34,36,36,38,38,40,40,42,42,44,44,46,46,48,48,50,50,52,52,54,54,56,56,58,58,60,60,62,62,64,0,64],"width":141,"height":173}},"Layer 55":{"Layer 55":{"type":"mesh","uvs":[0.02332,0.28674,0.05686,0.35869,0.09041,0.41671,0.12954,0.50722,0.24695,0.61784,0.29168,0.64646,0.35597,0.65265,0.36809,0.68359,0.36716,0.7184,0.40257,0.77255,0.44543,0.80814,0.48643,0.83908,0.54979,0.85688,0.65935,0.86457,0.78142,0.82976,0.82708,0.64487,0.82429,0.58298,0.79354,0.5211,0.75533,0.47236,0.70315,0.43368,0.65732,0.41365,0.60793,0.36337,0.57532,0.33474,0.56786,0.29606,0.55016,0.25352,0.48959,0.19318,0.39754,0.10963,0.3202,0.04233,0.241,0.00751,0.12452,0,0.09004,0,0.03693,0,0,0.02221,0,0.08023,0,0.14676,0.00245,0.21561,0.01456,0.26976],"triangles":[33,32,31,30,34,33,0,36,35,35,34,0,34,30,0,33,31,30,29,1,0,30,29,0,28,2,1,29,28,1,27,2,28,26,2,27,25,2,26,3,2,25,3,22,4,3,25,22,23,25,24,23,22,25,6,5,4,22,6,4,6,22,21,6,21,20,7,6,20,10,9,7,8,7,9,7,19,10,19,7,20,15,10,17,18,17,10,15,17,16,10,15,11,18,10,19,15,12,11,15,13,12,14,13,15],"vertices":[1,24,24.84,-34.37,1,1,24,40.34,-39.58,1,1,24,53.57,-42.9,1,1,24,72.73,-49.86,1,1,24,103.98,-48.96,1,1,24,113.67,-46.78,1,1,24,121.92,-38.92,1,1,24,128.32,-41.47,1,1,24,133.9,-46.31,1,1,24,146.71,-48.86,1,1,24,157.33,-47.88,1,1,24,166.99,-46.52,1,1,24,177.02,-40.35,1,1,24,190.59,-26.57,1,1,24,198.65,-5.33,1,1,24,173.64,25.91,1,1,24,163.23,33.91,1,1,24,149.69,38.13,1,1,24,137.44,39.57,1,1,24,125.26,37.74,1,1,24,116.84,34.25,1,1,24,103.09,34.38,1,1,24,94.75,33.85,1,1,24,87.61,38.08,1,1,24,78.68,41.45,1,1,24,62.03,41.42,1,1,24,38.05,40.28,1,1,24,18.38,38.93,1,1,24,3.79,32.93,1,1,24,-9.12,17.64,1,1,24,-14.41,13.51,1,1,24,-20.39,6.32,1,1,24,-20.92,-1.69,1,1,24,-11.46,-9.55,1,1,24,-0.61,-18.56,1,1,24,10.89,-27.56,1,1,24,21.08,-33.25,1],"hull":37,"edges":[0,2,2,4,4,6,6,8,8,10,10,12,12,14,14,16,16,18,18,20,20,22,22,24,24,26,26,28,28,30,30,32,32,34,34,36,36,38,38,40,40,42,42,44,44,46,46,48,48,50,50,52,52,54,54,56,56,58,58,60,60,62,62,64,64,66,66,68,68,70,70,72,0,72],"width":176,"height":212}},"Layer 56":{"Layer 56":{"type":"mesh","uvs":[0.01371,0.26944,0.07185,0.17334,0.10957,0.13216,0.20699,0.11254,0.25256,0.10862,0.28714,0.04782,0.33114,0.02037,0.40342,0.00664,0.45685,0.02625,0.46314,0.08901,0.44271,0.18511,0.48828,0.16354,0.54014,0.14,0.59514,0.13804,0.63442,0.16158,0.64699,0.22826,0.61871,0.2969,0.66428,0.28317,0.71299,0.28709,0.76013,0.31455,0.77113,0.38516,0.74756,0.4538,0.70985,0.5244,0.69414,0.5754,0.72242,0.63031,0.72242,0.67738,0.64699,0.76564,0.58885,0.80094,0.53699,0.78917,0.52599,0.71072,0.56214,0.65385,0.53542,0.61854,0.46785,0.62443,0.40499,0.61854,0.34214,0.59305,0.27299,0.54205,0.17399,0.5146,0.19442,0.57147,0.18499,0.61658,0.15514,0.68719,0.12999,0.71464,0.10485,0.69503,0.04828,0.58128,0.02314,0.48322,0,0.40869,0,0.33416],"triangles":[7,9,6,9,7,8,13,15,12,15,13,14,43,44,45,18,20,17,20,18,19,0,36,45,45,36,43,10,6,9,5,6,10,4,5,10,3,1,2,36,1,3,1,36,0,36,3,4,10,36,4,17,21,16,20,21,17,22,16,21,35,36,10,33,16,32,42,43,36,42,36,37,16,34,35,16,12,15,11,12,16,10,11,16,16,35,10,38,42,37,33,34,16,16,22,31,23,31,22,31,32,16,30,31,23,30,23,24,30,24,25,38,41,42,39,41,38,40,41,39,26,30,25,29,30,26,27,28,29,26,27,29],"vertices":[1,25,-8.32,-22,1,1,25,-11.87,-6.88,1,1,25,-12.07,1.18,1,1,25,-3.99,14.86,1,1,25,0.31,20.83,1,1,25,-2.17,30.12,1,1,25,-0.37,37.84,1,1,25,5.71,47.92,1,1,25,13.15,52.92,1,1,25,20.03,48.52,1,1,25,27.46,38.07,1,1,25,30.01,45.49,1,1,25,33.01,53.85,1,1,25,38.47,60.83,1,1,25,44.85,63.75,1,1,25,52.76,59.81,1,1,25,56.66,50.65,1,1,25,59.99,57.42,1,1,25,65.39,63.13,1,1,25,72.96,66.7,1,1,25,81.1,62.24,1,1,25,85.49,53.67,1,1,25,88.61,43.18,1,1,25,92.05,37.03,1,1,25,100.41,36,1,1,25,105.08,32.12,1,1,25,106.08,15.5,1,1,25,103.6,5.39,1,1,25,97.09,-0.06,1,1,25,88.18,5.05,1,1,25,86.25,14.21,1,1,25,80,13.82,1,1,25,73.63,4.96,1,1,25,66.58,-2.34,1,1,25,57.58,-8.02,1,1,25,45.41,-12.37,1,1,25,32.5,-22.37,1,1,25,40.24,-24.53,1,1,25,43.75,-29.42,1,1,25,47.68,-38.93,1,1,25,47.82,-44.31,1,1,25,43.29,-45.81,1,1,25,26.18,-43.43,1,1,25,13.86,-38.46,1,1,25,4.09,-35.18,1,1,25,-3.31,-29.04,1],"hull":46,"edges":[0,2,2,4,4,6,6,8,8,10,10,12,12,14,14,16,16,18,18,20,20,22,22,24,24,26,26,28,28,30,30,32,32,34,34,36,36,38,38,40,40,42,42,44,44,46,46,48,48,50,50,52,52,54,54,56,56,58,58,60,60,62,62,64,64,66,66,68,68,70,70,72,72,74,74,76,76,78,78,80,80,82,82,84,84,86,86,88,88,90,0,90],"width":161,"height":129}},"Layer 57":{"Layer 57":{"type":"mesh","uvs":[0.98581,0.3737,0.94634,0.6671,0.87923,0.83759,0.78449,0.92085,0.63448,0.9724,0.48052,0.98033,0.12918,0.88913,0.05418,0,0.80817,0,0.88712,0,1,0],"triangles":[0,9,10,0,8,9,6,8,5,0,1,8,6,7,8,1,5,8,2,3,1,3,4,1,4,5,1],"vertices":[1,26,53.31,90.32,1,1,26,98.98,40.61,1,1,26,119.06,3.95,1,1,26,119.79,-24.87,1,1,26,106.88,-58.8,1,1,26,85.73,-87.07,1,1,26,18.32,-135.66,1,1,26,-148.57,-19.31,1,1,26,-38.22,113.49,1,1,26,-26.66,127.39,1,1,26,-10.14,147.27,1],"hull":11,"edges":[0,2,2,4,4,6,6,8,8,10,10,12,12,14,14,16,16,18,18,20,0,20],"width":229,"height":228}},"Layer 58":{"Layer 58":{"type":"mesh","uvs":[0.27116,0.09559,0.35092,0.16664,0.44258,0.18727,0.54495,0.19414,0.63066,0.16893,0.69851,0.13226,0.7378,0.06809,0.78422,0.03601,0.84493,0.01767,0.91159,0.03372,0.94406,0.08247,0.96549,0.15581,0.97739,0.26123,1,0.40103,1,0.47208,1,0.57521,0.97501,0.66459,0.89883,0.72188,0.86907,0.85481,0.8036,0.96023,0.69765,0.9969,0.52148,1,0.42819,1,0.28534,1,0.1056,1,0.02465,0.89377,0,0.72876,0,0.54312,0.00679,0.35061,0.04846,0.23144,0.07584,0.13976,0.13774,0.08018,0.20678,0.0733],"triangles":[17,4,12,12,4,5,12,5,6,12,6,7,17,15,16,10,7,8,10,8,9,11,12,7,14,15,17,7,10,11,13,14,17,17,12,13,20,21,17,17,21,22,18,19,20,17,18,20,4,17,3,22,25,17,23,24,25,23,25,22,2,17,25,1,25,26,28,29,27,1,26,29,29,30,0,0,30,32,30,31,32,29,26,27,3,17,2,2,25,1,1,29,0],"vertices":[2,3,94.16,-110.04,0.69722,4,-37.22,-110.99,0.30278,3,2,-98.63,70.31,0.00227,3,54.78,-82.38,0.9268,4,-70.34,-76.07,0.07092,4,2,-49.04,64.52,0.11138,3,7.09,-67.59,0.87145,4,-114.15,-52.12,0.0001,5,-68.17,80.36,0.01706,4,2,6.35,62.59,0.36788,3,-47,-55.52,0.24751,5,-14.59,66.22,0.38438,6,-69.36,112.09,0.00023,4,2,52.71,69.67,0.11004,3,-93.88,-53.98,0.01011,5,32.2,62.87,0.81526,6,-30.59,85.68,0.06459,3,2,89.42,79.97,0.01184,5,70.27,64.8,0.58549,6,3.29,68.21,0.40268,3,2,110.67,98.01,0.00055,5,94.99,77.68,0.2867,6,31.14,66.92,0.71274,2,5,121.48,80.91,0.11711,6,55.66,56.41,0.88289,2,5,154.65,78.67,0.01759,6,83.21,37.8,0.98241,2,5,188.82,66.29,0.00003,6,106.53,9.92,0.99997,1,6,110.06,-12.07,1,1,6,104.5,-35.06,1,2,5,209.39,-3.93,0.00225,6,89.02,-61.13,0.99775,2,5,212.63,-44.95,0.04,6,71.21,-98.21,0.96,2,5,208.21,-64.41,0.07536,6,57.6,-112.82,0.92464,2,5,201.8,-92.68,0.1371,6,37.85,-134.03,0.8629,3,2,239.01,-69.61,0.00034,5,183.06,-114.18,0.20034,6,10.85,-143.2,0.79932,3,2,197.79,-85.71,0.00704,5,139.3,-120.76,0.42625,6,-30.29,-126.9,0.56671,5,2,181.69,-123.06,0.0234,3,-185.3,159.15,0.00086,4,-257.79,208.24,0.00094,5,115.33,-153.62,0.63684,6,-67.53,-143.27,0.33798,5,2,146.27,-152.68,0.04696,3,-145.05,181.77,0.00959,4,-213.85,222.44,0.00641,5,74.24,-174.68,0.73546,6,-113.64,-140.81,0.20158,5,2,88.96,-162.99,0.09863,3,-86.81,181.38,0.05258,4,-156.85,210.52,0.03168,5,16.06,-172.04,0.73879,6,-162.61,-109.3,0.07833,5,2,-6.36,-163.86,0.16737,3,7.04,164.75,0.24019,4,-68.15,175.61,0.20299,5,-77.08,-151.8,0.38829,6,-232.96,-44.99,0.00115,4,2,-56.82,-163.86,0.12376,3,56.65,155.49,0.28128,4,-21.36,156.7,0.41559,5,-126.3,-140.64,0.17937,4,2,-134.1,-163.86,0.03661,3,132.62,141.31,0.10717,4,50.29,127.75,0.82938,5,-201.66,-123.54,0.02684,3,2,-231.35,-163.86,0.0017,3,228.21,123.46,0.0001,4,140.45,91.31,0.9982,2,2,-275.14,-134.01,0.00001,4,169.87,47.23,0.99999,1,4,164.86,-0.76,1,2,3,260.81,-13.22,0.0139,4,145.31,-49.12,0.9861,2,3,247.27,-65.73,0.08456,4,121.64,-97.9,0.91544,2,3,218.97,-94.51,0.18581,4,88.19,-120.5,0.81419,2,3,199.68,-117.12,0.27066,4,64.81,-138.84,0.72934,2,3,163.69,-127.43,0.38317,4,27.49,-141.81,0.61683,2,3,126.62,-122.48,0.53166,4,-7.87,-129.61,0.46834],"hull":33,"edges":[0,2,2,4,4,6,6,8,8,10,10,12,12,14,14,16,16,18,18,20,20,22,22,24,24,26,26,28,28,30,30,32,32,34,34,36,36,38,38,40,40,42,42,44,44,46,46,48,48,50,50,52,52,54,54,56,56,58,58,60,60,62,62,64,0,64],"width":541,"height":281}},"Layer 59":{"Layer 59":{"type":"mesh","uvs":[1,1,0,1,0,0,1,0],"triangles":[1,2,3,1,3,0],"vertices":[1,36,-14.93,-29.76,1,1,36,-8.97,37.98,1,1,36,19.92,35.43,1,1,36,13.96,-32.3,1],"hull":4,"edges":[0,2,2,4,4,6,0,6],"width":68,"height":29}},"Layer 61":{"Layer 57":{"type":"mesh","uvs":[0.98581,0.3737,0.94634,0.6671,0.87923,0.83759,0.78449,0.92085,0.63448,0.9724,0.48052,0.98033,0.12918,0.88913,0.05418,0,0.80817,0,0.88712,0,1,0],"triangles":[0,9,10,0,8,9,6,8,5,0,1,8,6,7,8,1,5,8,2,3,1,3,4,1,4,5,1],"vertices":[1,37,53.31,90.32,1,1,37,98.98,40.61,1,1,37,119.06,3.95,1,1,37,119.79,-24.87,1,1,37,106.88,-58.8,1,1,37,85.73,-87.07,1,1,37,18.32,-135.66,1,1,37,-148.57,-19.31,1,1,37,-38.22,113.49,1,1,37,-26.66,127.39,1,1,37,-10.14,147.27,1],"hull":11,"edges":[0,2,2,4,4,6,6,8,8,10,10,12,12,14,14,16,16,18,18,20,0,20],"width":229,"height":228}},"Layer 62":{"Layer 57":{"type":"mesh","uvs":[0.98581,0.3737,0.94634,0.6671,0.87923,0.83759,0.78449,0.92085,0.63448,0.9724,0.48052,0.98033,0.12918,0.88913,0.05418,0,0.80817,0,0.88712,0,1,0],"triangles":[0,9,10,0,8,9,6,8,5,0,1,8,6,7,8,1,5,8,2,3,1,3,4,1,4,5,1],"vertices":[1,38,53.31,90.32,1,1,38,98.98,40.61,1,1,38,119.06,3.95,1,1,38,119.79,-24.87,1,1,38,106.88,-58.8,1,1,38,85.73,-87.07,1,1,38,18.32,-135.66,1,1,38,-148.57,-19.31,1,1,38,-38.22,113.49,1,1,38,-26.66,127.39,1,1,38,-10.14,147.27,1],"hull":11,"edges":[0,2,2,4,4,6,6,8,8,10,10,12,12,14,14,16,16,18,18,20,0,20],"width":229,"height":228}}}},"animations":{"animation":{"slots":{"Layer 59":{"color":[{"time":0,"color":"ffffff00","curve":"stepped"},{"time":1.2667,"color":"ffffff00","curve":[0.25,0,0.75,1]},{"time":1.7333,"color":"ffffffff","curve":[0.25,0,0.75,1]},{"time":2.2333,"color":"ffffff00"}]},"Layer 61":{"color":[{"time":0,"color":"ffffff00","curve":[0.25,0,0.75,1]},{"time":0.1333,"color":"ffffff71","curve":"stepped"},{"time":0.6,"color":"ffffff71","curve":[0.25,0,0.75,1]},{"time":0.7333,"color":"ffffff00","curve":"stepped"},{"time":1.1,"color":"ffffff00","curve":[0.25,0,0.75,1]},{"time":1.2667,"color":"ffffff71","curve":"stepped"},{"time":1.7,"color":"ffffff71","curve":[0.25,0,0.75,1]},{"time":1.8667,"color":"ffffff00","curve":"stepped"},{"time":2.2333,"color":"ffffff00","curve":[0.25,0,0.75,1]},{"time":2.3667,"color":"ffffff71","curve":"stepped"},{"time":2.8333,"color":"ffffff71","curve":[0.25,0,0.75,1]},{"time":2.9667,"color":"ffffff00"}]},"Layer 62":{"color":[{"time":0,"color":"ffffff00","curve":"stepped"},{"time":0.2,"color":"ffffff00","curve":[0.25,0,0.75,1]},{"time":0.3333,"color":"ffffff71","curve":"stepped"},{"time":0.7667,"color":"ffffff71","curve":[0.25,0,0.75,1]},{"time":0.9333,"color":"ffffff00","curve":"stepped"},{"time":1.3,"color":"ffffff00","curve":[0.25,0,0.75,1]},{"time":1.4333,"color":"ffffff71","curve":"stepped"},{"time":1.9,"color":"ffffff71","curve":[0.25,0,0.75,1]},{"time":2.0333,"color":"ffffff00","curve":"stepped"},{"time":2.4,"color":"ffffff00","curve":[0.25,0,0.75,1]},{"time":2.5667,"color":"ffffff71","curve":"stepped"},{"time":3,"color":"ffffff71","curve":[0.25,0,0.75,1]},{"time":3.1667,"color":"ffffff00"}]}},"bones":{"Layer 47":{"rotate":[{"time":0,"angle":0,"curve":[0.25,0,0.75,1]},{"time":1.2333,"angle":-4.08,"curve":[0.25,0,0.75,1]},{"time":2.4333,"angle":0}],"scale":[{"time":0,"x":1,"y":1,"curve":[0.25,0,0.75,1]},{"time":1.2333,"x":1.05,"y":1.05,"curve":[0.25,0,0.75,1]},{"time":2.4333,"x":1,"y":1}]},"Layer 69":{"rotate":[{"time":0,"angle":0,"curve":[0.25,0,0.75,1]},{"time":1.2333,"angle":-5.46,"curve":[0.25,0,0.75,1]},{"time":2.4333,"angle":0}]},"Layer 72":{"rotate":[{"time":0,"angle":0,"curve":[0.25,0,0.75,1]},{"time":1.3667,"angle":-5.78,"curve":[0.25,0,0.75,1]},{"time":2.7333,"angle":0}]},"Layer 74":{"rotate":[{"time":0,"angle":0,"curve":[0.25,0,0.75,1]},{"time":1.5333,"angle":-3.7,"curve":[0.25,0,0.75,1]},{"time":3.0333,"angle":0}]},"Layer 77":{"rotate":[{"time":0,"angle":0,"curve":[0.25,0,0.75,1]},{"time":1.6667,"angle":-4.33,"curve":[0.25,0,0.75,1]},{"time":3.3333,"angle":0}]},"Layer 79":{"shear":[{"time":0,"x":0,"y":0,"curve":[0.25,0,0.75,1]},{"time":1.4667,"x":-6.3,"y":8.94,"curve":[0.25,0,0.75,1]},{"time":2.9667,"x":0,"y":0}]},"Layer 48":{"rotate":[{"time":0,"angle":0,"curve":[0.25,0,0.75,1]},{"time":1.4667,"angle":6.08,"curve":[0.25,0,0.75,1]},{"time":2.9667,"angle":0}]},"Layer 51":{"rotate":[{"time":0,"angle":0,"curve":[0.25,0,0.75,1]},{"time":1.6667,"angle":14.22,"curve":[0.25,0,0.75,1]},{"time":3.3333,"angle":0}]},"Layer 50":{"rotate":[{"time":0,"angle":0,"curve":[0.25,0,0.75,1]},{"time":1.4667,"angle":1.92,"curve":[0.25,0,0.75,1]},{"time":2.9667,"angle":0}]},"Layer 54":{"rotate":[{"time":0,"angle":0,"curve":[0.25,0,0.75,1]},{"time":1.6667,"angle":11.32,"curve":[0.25,0,0.75,1]},{"time":3.3333,"angle":0}]},"Layer 63":{"rotate":[{"time":0,"angle":0,"curve":[0.25,0,0.75,1]},{"time":1.4667,"angle":-9,"curve":[0.25,0,0.75,1]},{"time":2.9667,"angle":0}]},"Layer 56":{"rotate":[{"time":0,"angle":0,"curve":[0.25,0,0.75,1]},{"time":1.6667,"angle":-9,"curve":[0.25,0,0.75,1]},{"time":3.3333,"angle":0}]},"Layer 65":{"rotate":[{"time":0,"angle":0,"curve":[0.25,0,0.75,1]},{"time":1.6667,"angle":-23.34,"curve":[0.25,0,0.75,1]},{"time":3.3333,"angle":0}]},"Layer 64":{"rotate":[{"time":0,"angle":0,"curve":[0.25,0,0.75,1]},{"time":1.4667,"angle":5.21,"curve":[0.25,0,0.75,1]},{"time":2.9667,"angle":0}]},"Layer 68":{"rotate":[{"time":0,"angle":0,"curve":[0.25,0,0.75,1]},{"time":1.6667,"angle":5.36,"curve":[0.25,0,0.75,1]},{"time":3.3333,"angle":0}]},"Layer 67":{"rotate":[{"time":0,"angle":0,"curve":[0.25,0,0.75,1]},{"time":1.6667,"angle":10.17,"curve":[0.25,0,0.75,1]},{"time":3.3333,"angle":0}]},"Layer 62":{"rotate":[{"time":0,"angle":0,"curve":[0.25,0,0.75,1]},{"time":1.4667,"angle":7.17,"curve":[0.25,0,0.75,1]},{"time":2.9667,"angle":0}]},"Layer 61":{"rotate":[{"time":0,"angle":0,"curve":[0.25,0,0.75,1]},{"time":1.6667,"angle":7.17,"curve":[0.25,0,0.75,1]},{"time":3.3333,"angle":0}]},"Layer 49":{"translate":[{"time":0,"x":0,"y":0,"curve":[0.25,0,0.75,1]},{"time":1.4667,"x":2.99,"y":-0.08,"curve":[0.25,0,0.75,1]},{"time":2.9667,"x":0,"y":0}]},"Layer 70":{"rotate":[{"time":0,"angle":0,"curve":[0.25,0,0.75,1]},{"time":1.6333,"angle":6.52,"curve":[0.25,0,0.75,1]},{"time":3.3333,"angle":0}]},"Layer 78":{"rotate":[{"time":0,"angle":0,"curve":[0.25,0,0.75,1]},{"time":1.6333,"angle":6.52,"curve":[0.25,0,0.75,1]},{"time":3.3333,"angle":0}],"scale":[{"time":0,"x":1,"y":1,"curve":[0.25,0,0.75,1]},{"time":0.3667,"x":1.1,"y":1.1,"curve":[0.25,0,0.75,1]},{"time":0.7333,"x":1,"y":1,"curve":"stepped"},{"time":1.1,"x":1,"y":1,"curve":[0.25,0,0.75,1]},{"time":1.4667,"x":1.1,"y":1.1,"curve":[0.25,0,0.75,1]},{"time":1.8667,"x":1,"y":1,"curve":"stepped"},{"time":2.2333,"x":1,"y":1,"curve":[0.25,0,0.75,1]},{"time":2.6,"x":1.1,"y":1.1,"curve":[0.25,0,0.75,1]},{"time":2.9667,"x":1,"y":1}]},"Layer 81":{"rotate":[{"time":0,"angle":0,"curve":[0.25,0,0.75,1]},{"time":1.6333,"angle":6.52,"curve":[0.25,0,0.75,1]},{"time":3.3333,"angle":0}],"scale":[{"time":0.2,"x":1,"y":1,"curve":[0.25,0,0.75,1]},{"time":0.5667,"x":1.2,"y":1.2,"curve":[0.25,0,0.75,1]},{"time":0.9333,"x":1,"y":1,"curve":"stepped"},{"time":1.3,"x":1,"y":1,"curve":[0.25,0,0.75,1]},{"time":1.6667,"x":1.2,"y":1.2,"curve":[0.25,0,0.75,1]},{"time":2.0333,"x":1,"y":1,"curve":"stepped"},{"time":2.4,"x":1,"y":1,"curve":[0.25,0,0.75,1]},{"time":2.7667,"x":1.2,"y":1.2,"curve":[0.25,0,0.75,1]},{"time":3.1667,"x":1,"y":1}]}},"deform":{"default":{"Layer 49":{"Layer 49":[{"time":0,"curve":[0.25,0,0.75,1]},{"time":1.3333,"offset":78,"vertices":[0.0522,2.79194,2.04819,-1.89774,0.0522,2.79194,2.04819,-1.89774,0.0522,2.79194,2.04819,-1.89774,0.0522,2.79194,2.04819,-1.89774,0.0522,2.79194,2.04819,-1.89774,0.0522,2.79194,2.04819,-1.89774,0.0522,2.79194,2.04819,-1.89774,0.0522,2.79194,2.04819,-1.89774,0.0522,2.79194,2.04819,-1.89774,0.0522,2.79194,2.04819,-1.89774,0.0522,2.79194,2.04819,-1.89774,0.0522,2.79194,2.04819,-1.89774],"curve":[0.25,0,0.75,1]},{"time":2.6667}]},"Layer 50":{"Layer 50":[{"time":0,"curve":[0.25,0,0.75,1]},{"time":1.5,"offset":104,"vertices":[1.16347,-10.10617,1.01916,-10.12193,1.16347,-10.10617,1.01916,-10.12193,1.16347,-10.10617,1.01916,-10.12193,1.16347,-10.10617,1.01916,-10.12193,1.16347,-10.10617,1.01916,-10.12193,1.16347,-10.10617,1.01916,-10.12193,1.16347,-10.10617,1.01916,-10.12193,1.16347,-10.10617,1.01916,-10.12193,1.16347,-10.10617,1.01916,-10.12193,1.16347,-10.10617,1.01916,-10.12193],"curve":[0.25,0,0.75,1]},{"time":3}]}}}}}},"_atlasText":"\n10000.png\nsize: 2048,1024\nformat: RGBA8888\nfilter: Linear,Linear\nrepeat: none\nLayer 45\n  rotate: true\n  xy: 535, 644\n  size: 315, 427\n  orig: 315, 427\n  offset: 0, 0\n  index: -1\nLayer 46\n  rotate: true\n  xy: 1537, 733\n  size: 226, 288\n  orig: 226, 288\n  offset: 0, 0\n  index: -1\nLayer 47\n  rotate: true\n  xy: 1267, 702\n  size: 257, 268\n  orig: 257, 268\n  offset: 0, 0\n  index: -1\nLayer 48\n  rotate: true\n  xy: 285, 133\n  size: 456, 213\n  orig: 456, 213\n  offset: 0, 0\n  index: -1\nLayer 49\n  rotate: false\n  xy: 1827, 654\n  size: 202, 305\n  orig: 202, 305\n  offset: 0, 0\n  index: -1\nLayer 50\n  rotate: true\n  xy: 964, 468\n  size: 233, 267\n  orig: 233, 267\n  offset: 0, 0\n  index: -1\nLayer 51\n  rotate: false\n  xy: 964, 703\n  size: 301, 256\n  orig: 301, 256\n  offset: 0, 0\n  index: -1\nLayer 52\n  rotate: false\n  xy: 2, 591\n  size: 531, 368\n  orig: 531, 368\n  offset: 0, 0\n  index: -1\nLayer 53\n  rotate: true\n  xy: 1464, 468\n  size: 232, 150\n  orig: 232, 150\n  offset: 0, 0\n  index: -1\nLayer 54\n  rotate: true\n  xy: 1794, 511\n  size: 141, 173\n  orig: 141, 173\n  offset: 0, 0\n  index: -1\nLayer 55\n  rotate: false\n  xy: 1616, 519\n  size: 176, 212\n  orig: 176, 212\n  offset: 0, 0\n  index: -1\nLayer 56\n  rotate: false\n  xy: 285, 2\n  size: 161, 129\n  orig: 161, 129\n  offset: 0, 0\n  index: -1\nLayer 57\n  rotate: false\n  xy: 1233, 472\n  size: 229, 228\n  orig: 229, 228\n  offset: 0, 0\n  index: -1\nLayer 58\n  rotate: true\n  xy: 2, 48\n  size: 541, 281\n  orig: 541, 281\n  offset: 0, 0\n  index: -1\nLayer 59\n  rotate: false\n  xy: 1537, 702\n  size: 68, 29\n  orig: 68, 29\n  offset: 0, 0\n  index: -1\n","textures":[{"__uuid__":"d9y0GwtxFJ1bl6J2kfA+v3"}],"textureNames":["10000.png"]}