{"__type__":"dragonBones.DragonBonesAtlasAsset","_name":"hudieyu_shadow_tex","_atlasJson":"{\"width\":256,\"imagePath\":\"hudieyu_shadow_tex.png\",\"height\":512,\"name\":\"hudieyu_shadow\",\"SubTexture\":[{\"y\":83,\"frameX\":-38,\"frameHeight\":200,\"frameY\":-58,\"width\":119,\"frameWidth\":200,\"height\":81,\"name\":\"00000015\",\"x\":1},{\"y\":223,\"frameX\":-37,\"frameHeight\":200,\"frameY\":-72,\"width\":121,\"frameWidth\":200,\"height\":66,\"name\":\"00000003\",\"x\":124},{\"y\":402,\"frameX\":-37,\"frameHeight\":200,\"frameY\":-65,\"width\":121,\"frameWidth\":200,\"height\":71,\"name\":\"00000009\",\"x\":1},{\"y\":1,\"frameX\":-37,\"frameHeight\":200,\"frameY\":-66,\"width\":121,\"frameWidth\":200,\"height\":79,\"name\":\"00000024\",\"x\":124},{\"y\":166,\"frameX\":-37,\"frameHeight\":200,\"frameY\":-64,\"width\":121,\"frameWidth\":200,\"height\":79,\"name\":\"00000021\",\"x\":1},{\"y\":1,\"frameX\":-37,\"frameHeight\":200,\"frameY\":-61,\"width\":121,\"frameWidth\":200,\"height\":80,\"name\":\"00000018\",\"x\":1},{\"y\":153,\"frameX\":-37,\"frameHeight\":200,\"frameY\":-68,\"width\":121,\"frameWidth\":200,\"height\":68,\"name\":\"00000006\",\"x\":124},{\"y\":247,\"frameX\":-37,\"frameHeight\":200,\"frameY\":-69,\"width\":121,\"frameWidth\":200,\"height\":75,\"name\":\"00000027\",\"x\":1},{\"y\":324,\"frameX\":-38,\"frameHeight\":200,\"frameY\":-61,\"width\":119,\"frameWidth\":200,\"height\":76,\"name\":\"00000012\",\"x\":1},{\"y\":82,\"frameX\":-37,\"frameHeight\":200,\"frameY\":-72,\"width\":121,\"frameWidth\":200,\"height\":69,\"name\":\"00000000\",\"x\":124}]}","_texture":{"__uuid__":"24ClwUuctNN6uxMpf7095q"},"texture":{"__uuid__":"24ClwUuctNN6uxMpf7095q"}}