{"__type__":"sp.SkeletonData","_name":"Icon-MiniGame","_skeletonJson":{"skeleton":{"hash":"1thryE4Nsdq4pp2UtO0sOag+dK4","spine":"3.6.52","width":158,"height":159,"images":"./minigames/"},"bones":[{"name":"root"},{"name":"bone","parent":"root","x":0.35,"y":0.7},{"name":"bone2","parent":"root","x":0.31,"y":15.41},{"name":"bone3","parent":"root","x":0.04,"y":-6.67},{"name":"bone4","parent":"root"},{"name":"bone5","parent":"root","x":0.35,"y":0.7}],"slots":[{"name":"Inside","bone":"root","attachment":"Inside"},{"name":"Ring2","bone":"bone4","color":"ff4fdaff","attachment":"Ring","blend":"additive"},{"name":"mini","bone":"bone2","attachment":"mini"},{"name":"mini2","bone":"bone2","attachment":"mini","blend":"additive"},{"name":"game","bone":"bone3","attachment":"game"},{"name":"game2","bone":"bone3","attachment":"game","blend":"additive"},{"name":"Ring","bone":"bone","attachment":"Ring","blend":"additive"},{"name":"Ring3","bone":"bone5","attachment":"Ring","blend":"additive"}],"skins":{"default":{"Inside":{"Inside":{"x":0.4,"y":1.72,"width":96,"height":96}},"Ring":{"Ring":{"x":-0.2,"y":-1.12,"width":158,"height":159}},"Ring2":{"Ring":{"x":-0.6,"y":0.22,"scaleX":0.509,"scaleY":0.509,"width":158,"height":159}},"Ring3":{"Ring":{"x":-0.2,"y":-1.12,"width":158,"height":159}},"game":{"game":{"x":-1.13,"y":0.39,"width":73,"height":22}},"game2":{"game":{"x":-1.13,"y":0.39,"width":73,"height":22}},"mini":{"mini":{"x":-0.91,"y":-0.19,"width":62,"height":21}},"mini2":{"mini":{"x":-0.91,"y":-0.19,"width":62,"height":21}}}},"animations":{"Idle":{"slots":{"Ring":{"color":[{"time":0,"color":"ffffff00"},{"time":1,"color":"ffffffff","curve":"stepped"},{"time":2,"color":"ffffffff"},{"time":3,"color":"ffffff00"}]},"Ring3":{"color":[{"time":0,"color":"ffffffff"},{"time":0.5,"color":"ffffff00"},{"time":1.5,"color":"ffffffff"},{"time":2.5,"color":"ffffff00"},{"time":3,"color":"ffffffff"}]},"game2":{"color":[{"time":0,"color":"ffffff00"},{"time":0.5,"color":"ffffffff"},{"time":1,"color":"ffffff00"},{"time":1.5,"color":"ffffffff"},{"time":2,"color":"ffffff00"},{"time":2.5,"color":"ffffffff"},{"time":3,"color":"ffffff00"}]},"mini2":{"color":[{"time":0,"color":"ffffff00"},{"time":0.5,"color":"ffffffff"},{"time":1,"color":"ffffff00"},{"time":1.5,"color":"ffffffff"},{"time":2,"color":"ffffff00"},{"time":2.5,"color":"ffffffff"},{"time":3,"color":"ffffff00"}]}},"bones":{"bone":{"rotate":[{"time":0,"angle":0},{"time":1,"angle":-120},{"time":2,"angle":120},{"time":3,"angle":0}]},"bone5":{"rotate":[{"time":0,"angle":60},{"time":0.5,"angle":0},{"time":1.5,"angle":-120},{"time":2.5,"angle":120},{"time":3,"angle":60}]},"bone4":{"rotate":[{"time":0,"angle":0},{"time":1,"angle":-120},{"time":2,"angle":120},{"time":3,"angle":0}]},"bone3":{"scale":[{"time":0,"x":1,"y":1},{"time":0.5,"x":1.05,"y":1.05},{"time":1,"x":1,"y":1},{"time":1.5,"x":1.05,"y":1.05},{"time":2,"x":1,"y":1},{"time":2.5,"x":1.05,"y":1.05},{"time":3,"x":1,"y":1}]},"bone2":{"scale":[{"time":0,"x":1,"y":1},{"time":0.5,"x":1.05,"y":1.05},{"time":1,"x":1,"y":1},{"time":1.5,"x":1.05,"y":1.05},{"time":2,"x":1,"y":1},{"time":2.5,"x":1.05,"y":1.05},{"time":3,"x":1,"y":1}]}}}}},"_atlasText":"\r\nIcon-MiniGame.png\r\nsize: 512,256\r\nformat: RGBA8888\r\nfilter: Linear,Linear\r\nrepeat: none\r\nInside\r\n  rotate: false\r\n  xy: 162, 89\r\n  size: 96, 96\r\n  orig: 96, 96\r\n  offset: 0, 0\r\n  index: -1\r\nRing\r\n  rotate: false\r\n  xy: 2, 26\r\n  size: 158, 159\r\n  orig: 158, 159\r\n  offset: 0, 0\r\n  index: -1\r\ngame\r\n  rotate: false\r\n  xy: 2, 2\r\n  size: 73, 22\r\n  orig: 73, 22\r\n  offset: 0, 0\r\n  index: -1\r\nmini\r\n  rotate: false\r\n  xy: 162, 66\r\n  size: 62, 21\r\n  orig: 62, 21\r\n  offset: 0, 0\r\n  index: -1","textures":[{"__uuid__":"8cfDFzuRpI2JJeZSYvyY6k"}],"textureNames":["Icon-MiniGame.png"]}