[[{"__type__":"cc.Prefab","_name":"item11","data":{"__id__":1}},{"__type__":"cc.Node","_name":"item11","_components":[{"__type__":"cc.Sprite","node":{"__id__":1},"_materials":[{"__uuid__":"ecpdLyjvZBwrvm+cedCcQy"}],"_spriteFrame":{"__uuid__":"d7+nKuaF5L0bC/H9WxrJYf"}}],"_prefab":{"__type__":"cc.PrefabInfo","root":{"__id__":1},"asset":{"__uuid__":"726jIfp/5FPrsvuTady4+P"},"fileId":"9dQvbJvkBCPICvjx4lT3kl"},"_contentSize":{"__type__":"cc.Size","width":129,"height":141},"_trs":{"__type__":"TypedArray","ctor":"Float64Array","array":[0,0,0,0,0,0,1,0.8,0.8,1]}}],{"__type__":"cc.SpriteFrame","content":{"name":"item11","texture":"58lbZEN9JDgYr54c7GLE19","rect":[1,1,129,141],"offset":[-0.5,0],"originalSize":[132,143],"capInsets":[0,0,0,0]}}]