[{"__type__":"cc.Prefab","_name":"audio","data":{"__id__":1}},{"__type__":"cc.Node","_name":"audio","_children":[{"__id__":2},{"__id__":5},{"__id__":12},{"__id__":15}],"_components":[{"__type__":"738b2QcBnhOn7bLV2UFI4l9","node":{"__id__":1},"audioClick":{"__uuid__":"caHaEA5tFOBosf21dkykq+"},"audioClick2":{"__uuid__":"0fW1EU+59AorIg+C+oWXv1"},"thongbao_jackpot":{"__uuid__":"deWEOGzrFMI5ZnthkdnbfV"},"jackpot":{"__uuid__":"68fwrs/IBHQ6p81N4Nfumf"},"bigWin":{"__uuid__":"99dG4WG7JAxY+rajUEUDID"},"moneywin":{"__uuid__":"daEJ5yPrNKnIjAYkhA9CPi"},"bonus":{"__uuid__":"01bnMJ8UtGGqrCc69gWroV"},"megaWin":{"__uuid__":"f2OnQH5NFFhYAlIazJmlXi"},"winHu":{"__uuid__":"ecH+NotRZBlK/rPuu8olE4"},"mainBackground":{"__id__":4},"fishHall":{"__id__":7},"fishBG1":{"__id__":9},"fishBG2":{"__id__":11},"bgSlot1":{"__id__":14},"bgSlot2":{"__id__":17}}],"_prefab":{"__type__":"cc.PrefabInfo","root":{"__id__":1},"asset":{"__uuid__":"a14maU0tBH+KKA0b/9Llly"},"fileId":"63rbeyPoZADrnXE/XVeX0q"},"_trs":{"__type__":"TypedArray","ctor":"Float64Array","array":[0,0,0,0,0,0,1,1,1,1]}},{"__type__":"cc.Node","_name":"main","_parent":{"__id__":1},"_children":[{"__id__":3}],"_prefab":{"__type__":"cc.PrefabInfo","root":{"__id__":1},"asset":{"__uuid__":"a14maU0tBH+KKA0b/9Llly"},"fileId":"60/bReb0VCZoD5oqj2gqWk"},"_trs":{"__type__":"TypedArray","ctor":"Float64Array","array":[0,0,0,0,0,0,1,1,1,1]}},{"__type__":"cc.Node","_name":"mainBackground","_parent":{"__id__":2},"_components":[{"__id__":4}],"_prefab":{"__type__":"cc.PrefabInfo","root":{"__id__":1},"asset":{"__uuid__":"a14maU0tBH+KKA0b/9Llly"},"fileId":"81jOco5nlPU7e0aNrvdRPL"},"_trs":{"__type__":"TypedArray","ctor":"Float64Array","array":[0,0,0,0,0,0,1,1,1,1]}},{"__type__":"cc.AudioSource","node":{"__id__":3},"_clip":{"__uuid__":"44OfSiYwpI2qtjyIaKCeA2"},"_loop":true,"preload":true},{"__type__":"cc.Node","_name":"fish","_parent":{"__id__":1},"_children":[{"__id__":6},{"__id__":8},{"__id__":10}],"_prefab":{"__type__":"cc.PrefabInfo","root":{"__id__":1},"asset":{"__uuid__":"a14maU0tBH+KKA0b/9Llly"},"fileId":"e3gnRARupDoaVg1+qMpwUd"},"_trs":{"__type__":"TypedArray","ctor":"Float64Array","array":[0,0,0,0,0,0,1,1,1,1]}},{"__type__":"cc.Node","_name":"fishHall","_parent":{"__id__":5},"_components":[{"__id__":7}],"_prefab":{"__type__":"cc.PrefabInfo","root":{"__id__":1},"asset":{"__uuid__":"a14maU0tBH+KKA0b/9Llly"},"fileId":"173Lod5gZKdpeKXboT6bAI"},"_trs":{"__type__":"TypedArray","ctor":"Float64Array","array":[0,0,0,0,0,0,1,1,1,1]}},{"__type__":"cc.AudioSource","node":{"__id__":6},"_clip":{"__uuid__":"88lNtZ601BebL9ffpNfD7e"},"_loop":true},{"__type__":"cc.Node","_name":"fishBG1","_parent":{"__id__":5},"_components":[{"__id__":9}],"_prefab":{"__type__":"cc.PrefabInfo","root":{"__id__":1},"asset":{"__uuid__":"a14maU0tBH+KKA0b/9Llly"},"fileId":"d6Vn9um/lDrq9f9ExG9rAF"},"_trs":{"__type__":"TypedArray","ctor":"Float64Array","array":[0,0,0,0,0,0,1,1,1,1]}},{"__type__":"cc.AudioSource","node":{"__id__":8},"_clip":{"__uuid__":"31+hUajnpCganWK6WFq2mZ"},"_loop":true},{"__type__":"cc.Node","_name":"fishBG2","_parent":{"__id__":5},"_components":[{"__id__":11}],"_prefab":{"__type__":"cc.PrefabInfo","root":{"__id__":1},"asset":{"__uuid__":"a14maU0tBH+KKA0b/9Llly"},"fileId":"82JO7S6sJF3qnuyyfaaCAd"},"_trs":{"__type__":"TypedArray","ctor":"Float64Array","array":[0,0,0,0,0,0,1,1,1,1]}},{"__type__":"cc.AudioSource","node":{"__id__":10},"_clip":{"__uuid__":"b2HLsBdrBD5qARwKonj0wF"},"_loop":true},{"__type__":"cc.Node","_name":"slot1","_parent":{"__id__":1},"_children":[{"__id__":13}],"_prefab":{"__type__":"cc.PrefabInfo","root":{"__id__":1},"asset":{"__uuid__":"a14maU0tBH+KKA0b/9Llly"},"fileId":"a3/ADAXetCzrqwOH1ElSg+"},"_trs":{"__type__":"TypedArray","ctor":"Float64Array","array":[0,0,0,0,0,0,1,1,1,1]}},{"__type__":"cc.Node","_name":"slot1Hall","_parent":{"__id__":12},"_components":[{"__id__":14}],"_prefab":{"__type__":"cc.PrefabInfo","root":{"__id__":1},"asset":{"__uuid__":"a14maU0tBH+KKA0b/9Llly"},"fileId":"a9d1NkEVlLbLdMkuJjXR40"},"_trs":{"__type__":"TypedArray","ctor":"Float64Array","array":[0,0,0,0,0,0,1,1,1,1]}},{"__type__":"cc.AudioSource","node":{"__id__":13},"_clip":{"__uuid__":"14s2eYNhdMNaiNs4axKnx9"},"_loop":true},{"__type__":"cc.Node","_name":"slot2","_parent":{"__id__":1},"_children":[{"__id__":16}],"_prefab":{"__type__":"cc.PrefabInfo","root":{"__id__":1},"asset":{"__uuid__":"a14maU0tBH+KKA0b/9Llly"},"fileId":"6a1wTPey5EJa2Ze1yR40dD"},"_trs":{"__type__":"TypedArray","ctor":"Float64Array","array":[0,0,0,0,0,0,1,1,1,1]}},{"__type__":"cc.Node","_name":"slot2Hall","_parent":{"__id__":15},"_components":[{"__id__":17}],"_prefab":{"__type__":"cc.PrefabInfo","root":{"__id__":1},"asset":{"__uuid__":"a14maU0tBH+KKA0b/9Llly"},"fileId":"fat75JpCdN/61DbM/KQmev"},"_trs":{"__type__":"TypedArray","ctor":"Float64Array","array":[0,0,0,0,0,0,1,1,1,1]}},{"__type__":"cc.AudioSource","node":{"__id__":16},"_clip":{"__uuid__":"f2n6CopiBFCquAupDrrGZF"},"_loop":true}]