{"__type__":"dragonBones.DragonBonesAtlasAsset","_name":"kyby_hall_bj_haiwangyiji_tex","_atlasJson":"{\"width\":2048,\"imagePath\":\"kyby_hall_bj_haiwangyiji_tex.png\",\"height\":1024,\"name\":\"kyby_hall_bj_haiwangyiji\",\"SubTexture\":[{\"width\":491,\"y\":0,\"height\":493,\"name\":\"ti\",\"x\":0},{\"width\":147,\"y\":355,\"height\":119,\"name\":\"zuozhua\",\"x\":871},{\"width\":154,\"y\":717,\"height\":270,\"name\":\"beiji\",\"x\":687},{\"width\":262,\"y\":493,\"height\":376,\"name\":\"ti2\",\"x\":0},{\"width\":46,\"y\":147,\"height\":42,\"name\":\"bi\",\"x\":1176},{\"width\":91,\"y\":465,\"height\":80,\"name\":\"bi2\",\"x\":1934},{\"width\":105,\"y\":141,\"height\":126,\"name\":\"jian\",\"x\":1934},{\"frameWidth\":339,\"y\":493,\"frameHeight\":235,\"width\":338,\"frameX\":-1,\"height\":224,\"name\":\"xiang\",\"frameY\":-11,\"x\":528},{\"frameWidth\":127,\"y\":773,\"frameHeight\":61,\"width\":112,\"frameX\":-7,\"height\":58,\"name\":\"fa08\",\"frameY\":-3,\"x\":1934},{\"frameWidth\":127,\"y\":716,\"frameHeight\":61,\"width\":114,\"frameX\":-7,\"height\":57,\"name\":\"fa28\",\"frameY\":-3,\"x\":1934},{\"frameWidth\":127,\"y\":58,\"frameHeight\":61,\"width\":114,\"frameX\":-7,\"height\":58,\"name\":\"fa26\",\"frameY\":-3,\"x\":1596},{\"frameWidth\":127,\"y\":603,\"frameHeight\":61,\"width\":113,\"frameX\":-7,\"height\":55,\"name\":\"fa04\",\"frameY\":-6,\"x\":1163},{\"frameWidth\":127,\"y\":545,\"frameHeight\":61,\"width\":118,\"frameX\":-7,\"height\":58,\"name\":\"fa14\",\"frameY\":-2,\"x\":1163},{\"frameWidth\":127,\"y\":889,\"frameHeight\":61,\"width\":113,\"frameX\":-7,\"height\":56,\"name\":\"fa03\",\"frameY\":-5,\"x\":1934},{\"frameWidth\":127,\"y\":443,\"frameHeight\":61,\"width\":117,\"frameX\":-7,\"height\":58,\"name\":\"fa23\",\"frameY\":-3,\"x\":1168},{\"frameWidth\":127,\"y\":659,\"frameHeight\":61,\"width\":114,\"frameX\":-7,\"height\":57,\"name\":\"fa00\",\"frameY\":-3,\"x\":1934},{\"frameWidth\":127,\"y\":289,\"frameHeight\":61,\"width\":119,\"frameX\":-7,\"height\":58,\"name\":\"fa20\",\"frameY\":-3,\"x\":853},{\"frameWidth\":127,\"y\":0,\"frameHeight\":61,\"width\":114,\"frameX\":-7,\"height\":58,\"name\":\"fa11\",\"frameY\":-2,\"x\":1596},{\"frameWidth\":127,\"y\":204,\"frameHeight\":61,\"width\":116,\"frameX\":-7,\"height\":58,\"name\":\"fa24\",\"frameY\":-3,\"x\":1285},{\"frameWidth\":127,\"y\":0,\"frameHeight\":61,\"width\":114,\"frameX\":-7,\"height\":57,\"name\":\"fa27\",\"frameY\":-3,\"x\":1710},{\"frameWidth\":127,\"y\":146,\"frameHeight\":61,\"width\":118,\"frameX\":-2,\"height\":57,\"name\":\"fa02\",\"frameY\":-4,\"x\":1488},{\"frameWidth\":127,\"y\":385,\"frameHeight\":61,\"width\":119,\"frameX\":-7,\"height\":58,\"name\":\"fa18\",\"frameY\":-3,\"x\":1134},{\"frameWidth\":127,\"y\":831,\"frameHeight\":61,\"width\":112,\"frameX\":-7,\"height\":58,\"name\":\"fa10\",\"frameY\":-2,\"x\":1934},{\"frameWidth\":127,\"y\":146,\"frameHeight\":61,\"width\":119,\"frameX\":-7,\"height\":58,\"name\":\"fa21\",\"frameY\":-3,\"x\":1223},{\"frameWidth\":127,\"y\":945,\"frameHeight\":61,\"width\":112,\"frameX\":-7,\"height\":56,\"name\":\"fa07\",\"frameY\":-5,\"x\":1934},{\"frameWidth\":127,\"y\":58,\"frameHeight\":61,\"width\":112,\"frameX\":-7,\"height\":59,\"name\":\"fa09\",\"frameY\":-2,\"x\":1710},{\"frameWidth\":127,\"y\":603,\"frameHeight\":61,\"width\":113,\"frameX\":-7,\"height\":53,\"name\":\"fa06\",\"frameY\":-8,\"x\":1276},{\"frameWidth\":127,\"y\":359,\"frameHeight\":61,\"width\":119,\"frameX\":-7,\"height\":57,\"name\":\"fa17\",\"frameY\":-3,\"x\":1253},{\"frameWidth\":127,\"y\":461,\"frameHeight\":61,\"width\":119,\"frameX\":-7,\"height\":58,\"name\":\"fa15\",\"frameY\":-2,\"x\":1049},{\"frameWidth\":127,\"y\":658,\"frameHeight\":61,\"width\":113,\"frameX\":-7,\"height\":54,\"name\":\"fa05\",\"frameY\":-7,\"x\":1163},{\"frameWidth\":127,\"y\":545,\"frameHeight\":61,\"width\":114,\"frameX\":-7,\"height\":57,\"name\":\"fa29\",\"frameY\":-3,\"x\":1934},{\"frameWidth\":127,\"y\":146,\"frameHeight\":61,\"width\":116,\"frameX\":-7,\"height\":58,\"name\":\"fa13\",\"frameY\":-2,\"x\":1372},{\"frameWidth\":127,\"y\":0,\"frameHeight\":61,\"width\":115,\"frameX\":-10,\"height\":58,\"name\":\"fa22\",\"frameY\":-3,\"x\":1481},{\"frameWidth\":127,\"y\":243,\"frameHeight\":61,\"width\":119,\"frameX\":-7,\"height\":58,\"name\":\"fa19\",\"frameY\":-3,\"x\":1166},{\"frameWidth\":127,\"y\":301,\"frameHeight\":61,\"width\":119,\"frameX\":-7,\"height\":58,\"name\":\"fa16\",\"frameY\":-2,\"x\":1166},{\"frameWidth\":127,\"y\":58,\"frameHeight\":61,\"width\":115,\"frameX\":-7,\"height\":58,\"name\":\"fa25\",\"frameY\":-3,\"x\":1481},{\"frameWidth\":127,\"y\":262,\"frameHeight\":61,\"width\":115,\"frameX\":-7,\"height\":58,\"name\":\"fa12\",\"frameY\":-2,\"x\":1285},{\"frameWidth\":127,\"y\":602,\"frameHeight\":61,\"width\":114,\"frameX\":-7,\"height\":57,\"name\":\"fa01\",\"frameY\":-4,\"x\":1934},{\"width\":116,\"y\":385,\"height\":76,\"name\":\"youzhua\",\"x\":1018},{\"width\":148,\"y\":289,\"height\":96,\"name\":\"xu\",\"x\":1018},{\"width\":209,\"y\":869,\"height\":155,\"name\":\"zui\",\"x\":0},{\"frameWidth\":292,\"y\":570,\"frameHeight\":157,\"width\":145,\"frameX\":-91,\"height\":115,\"name\":\"huo28\",\"frameY\":-23,\"x\":1018},{\"frameWidth\":292,\"y\":0,\"frameHeight\":157,\"width\":153,\"frameX\":-74,\"height\":126,\"name\":\"huo24\",\"frameY\":-25,\"x\":705},{\"frameWidth\":292,\"y\":355,\"frameHeight\":157,\"width\":184,\"frameX\":-17,\"height\":100,\"name\":\"huo05\",\"frameY\":-43,\"x\":687},{\"frameWidth\":292,\"y\":232,\"frameHeight\":157,\"width\":163,\"frameX\":-83,\"height\":123,\"name\":\"huo26\",\"frameY\":-19,\"x\":690},{\"frameWidth\":292,\"y\":116,\"frameHeight\":157,\"width\":207,\"frameX\":-27,\"height\":116,\"name\":\"huo08\",\"frameY\":-35,\"x\":491},{\"frameWidth\":292,\"y\":0,\"frameHeight\":157,\"width\":181,\"frameX\":-56,\"height\":144,\"name\":\"huo18\",\"frameY\":-4,\"x\":866},{\"frameWidth\":292,\"y\":0,\"frameHeight\":157,\"width\":198,\"frameX\":-53,\"height\":146,\"name\":\"huo17\",\"frameY\":-2,\"x\":1283},{\"frameWidth\":292,\"y\":570,\"frameHeight\":157,\"width\":145,\"frameX\":-10,\"height\":102,\"name\":\"huo01\",\"frameY\":-34,\"x\":866},{\"frameWidth\":292,\"y\":126,\"frameHeight\":157,\"width\":168,\"frameX\":-12,\"height\":96,\"name\":\"huo03\",\"frameY\":-42,\"x\":698},{\"frameWidth\":292,\"y\":347,\"frameHeight\":157,\"width\":196,\"frameX\":-20,\"height\":108,\"name\":\"huo06\",\"frameY\":-38,\"x\":491},{\"frameWidth\":292,\"y\":861,\"frameHeight\":157,\"width\":221,\"frameX\":-31,\"height\":132,\"name\":\"huo10\",\"frameY\":-21,\"x\":1497},{\"frameWidth\":292,\"y\":147,\"frameHeight\":157,\"width\":136,\"frameX\":-7,\"height\":96,\"name\":\"huo00\",\"frameY\":-39,\"x\":1040},{\"frameWidth\":292,\"y\":861,\"frameHeight\":157,\"width\":208,\"frameX\":-53,\"height\":144,\"name\":\"huo16\",\"frameY\":-3,\"x\":1073},{\"frameWidth\":292,\"y\":717,\"frameHeight\":157,\"width\":227,\"frameX\":-32,\"height\":136,\"name\":\"huo11\",\"frameY\":-18,\"x\":841},{\"frameWidth\":292,\"y\":717,\"frameHeight\":157,\"width\":210,\"frameX\":-58,\"height\":144,\"name\":\"huo15\",\"frameY\":-3,\"x\":1073},{\"frameWidth\":292,\"y\":717,\"frameHeight\":157,\"width\":157,\"frameX\":-11,\"height\":99,\"name\":\"huo02\",\"frameY\":-38,\"x\":528},{\"frameWidth\":292,\"y\":861,\"frameHeight\":157,\"width\":216,\"frameX\":-53,\"height\":136,\"name\":\"huo13\",\"frameY\":-12,\"x\":1281},{\"frameWidth\":292,\"y\":0,\"frameHeight\":157,\"width\":176,\"frameX\":-66,\"height\":147,\"name\":\"huo20\",\"frameY\":-2,\"x\":1047},{\"frameWidth\":292,\"y\":853,\"frameHeight\":157,\"width\":232,\"frameX\":-32,\"height\":133,\"name\":\"huo12\",\"frameY\":-18,\"x\":841},{\"frameWidth\":292,\"y\":144,\"frameHeight\":157,\"width\":174,\"frameX\":-72,\"height\":145,\"name\":\"huo22\",\"frameY\":-6,\"x\":866},{\"frameWidth\":292,\"y\":861,\"frameHeight\":157,\"width\":216,\"frameX\":-54,\"height\":134,\"name\":\"huo14\",\"frameY\":-13,\"x\":1718},{\"frameWidth\":292,\"y\":474,\"frameHeight\":157,\"width\":178,\"frameX\":-14,\"height\":96,\"name\":\"huo04\",\"frameY\":-44,\"x\":871},{\"frameWidth\":292,\"y\":232,\"frameHeight\":157,\"width\":199,\"frameX\":-27,\"height\":115,\"name\":\"huo07\",\"frameY\":-35,\"x\":491},{\"frameWidth\":292,\"y\":0,\"frameHeight\":157,\"width\":214,\"frameX\":-28,\"height\":116,\"name\":\"huo09\",\"frameY\":-35,\"x\":491},{\"width\":54,\"y\":74,\"height\":54,\"name\":\"zuihuo\",\"x\":1223},{\"width\":29,\"y\":443,\"height\":18,\"name\":\"yan2\",\"x\":1134},{\"width\":18,\"y\":222,\"height\":17,\"name\":\"yan\",\"x\":1267},{\"width\":64,\"y\":501,\"height\":71,\"name\":\"mao5\",\"x\":1281},{\"width\":55,\"y\":0,\"height\":74,\"name\":\"mao6\",\"x\":1223},{\"width\":266,\"y\":493,\"height\":336,\"name\":\"lontou\",\"x\":262},{\"width\":28,\"y\":987,\"height\":28,\"name\":\"pao\",\"x\":209},{\"width\":425,\"y\":829,\"height\":192,\"name\":\"zi\",\"x\":262},{\"width\":42,\"y\":289,\"height\":49,\"name\":\"mao4\",\"x\":972},{\"width\":104,\"y\":0,\"height\":141,\"name\":\"mao2\",\"x\":1934},{\"width\":51,\"y\":869,\"height\":118,\"name\":\"mao3\",\"x\":209},{\"width\":20,\"y\":146,\"height\":56,\"name\":\"mao7\",\"x\":1342},{\"width\":90,\"y\":267,\"height\":91,\"name\":\"mao8\",\"x\":1934},{\"width\":70,\"y\":358,\"height\":107,\"name\":\"mao1\",\"x\":1934},{\"frameWidth\":40,\"y\":189,\"frameHeight\":40,\"width\":39,\"frameX\":-1,\"height\":38,\"name\":\"xing\",\"frameY\":-1,\"x\":1176},{\"frameWidth\":79,\"y\":321,\"frameHeight\":18,\"width\":17,\"frameX\":0,\"height\":18,\"name\":\"saoguang0004\",\"frameY\":0,\"x\":2024},{\"frameWidth\":79,\"y\":359,\"frameHeight\":18,\"width\":26,\"frameX\":-48,\"height\":18,\"name\":\"saoguang0018\",\"frameY\":0,\"x\":1218},{\"frameWidth\":79,\"y\":128,\"frameHeight\":18,\"width\":26,\"frameX\":-24,\"height\":18,\"name\":\"saoguang0012\",\"frameY\":0,\"x\":1249},{\"frameWidth\":79,\"y\":204,\"frameHeight\":18,\"width\":18,\"frameX\":-61,\"height\":18,\"name\":\"saoguang0021\",\"frameY\":0,\"x\":1267},{\"frameWidth\":79,\"y\":222,\"frameHeight\":18,\"width\":26,\"frameX\":-28,\"height\":18,\"name\":\"saoguang0013\",\"frameY\":0,\"x\":1215},{\"frameWidth\":79,\"y\":128,\"frameHeight\":18,\"width\":6,\"frameX\":-73,\"height\":17,\"name\":\"saoguang0024\",\"frameY\":-1,\"x\":1275},{\"frameWidth\":79,\"y\":1005,\"frameHeight\":18,\"width\":25,\"frameX\":0,\"height\":18,\"name\":\"saoguang0006\",\"frameY\":0,\"x\":237},{\"frameWidth\":79,\"y\":222,\"frameHeight\":18,\"width\":13,\"frameX\":0,\"height\":18,\"name\":\"saoguang0003\",\"frameY\":0,\"x\":853},{\"frameWidth\":79,\"y\":204,\"frameHeight\":18,\"width\":26,\"frameX\":-7,\"height\":18,\"name\":\"saoguang0008\",\"frameY\":0,\"x\":1241},{\"frameWidth\":79,\"y\":359,\"frameHeight\":18,\"width\":9,\"frameX\":0,\"height\":18,\"name\":\"saoguang0002\",\"frameY\":0,\"x\":1244},{\"frameWidth\":79,\"y\":204,\"frameHeight\":18,\"width\":26,\"frameX\":-52,\"height\":18,\"name\":\"saoguang0019\",\"frameY\":0,\"x\":1215},{\"frameWidth\":79,\"y\":267,\"frameHeight\":18,\"width\":24,\"frameX\":-15,\"height\":18,\"name\":\"saoguang0010\",\"frameY\":0,\"x\":2024},{\"frameWidth\":79,\"y\":339,\"frameHeight\":18,\"width\":15,\"frameX\":-64,\"height\":18,\"name\":\"saoguang0022\",\"frameY\":0,\"x\":2024},{\"frameWidth\":79,\"y\":359,\"frameHeight\":18,\"width\":26,\"frameX\":-20,\"height\":18,\"name\":\"saoguang0011\",\"frameY\":0,\"x\":1166},{\"frameWidth\":79,\"y\":443,\"frameHeight\":18,\"width\":5,\"frameX\":0,\"height\":18,\"name\":\"saoguang0001\",\"frameY\":0,\"x\":1163},{\"frameWidth\":79,\"y\":146,\"frameHeight\":18,\"width\":10,\"frameX\":-69,\"height\":18,\"name\":\"saoguang0023\",\"frameY\":0,\"x\":1362},{\"frameWidth\":79,\"y\":987,\"frameHeight\":18,\"width\":25,\"frameX\":-41,\"height\":18,\"name\":\"saoguang0016\",\"frameY\":0,\"x\":237},{\"frameWidth\":79,\"y\":222,\"frameHeight\":18,\"width\":26,\"frameX\":-44,\"height\":18,\"name\":\"saoguang0017\",\"frameY\":0,\"x\":1241},{\"frameWidth\":79,\"y\":303,\"frameHeight\":18,\"width\":21,\"frameX\":0,\"height\":18,\"name\":\"saoguang0005\",\"frameY\":0,\"x\":2024},{\"frameWidth\":79,\"y\":285,\"frameHeight\":18,\"width\":23,\"frameX\":-56,\"height\":18,\"name\":\"saoguang0020\",\"frameY\":0,\"x\":2024},{\"frameWidth\":79,\"y\":376,\"frameHeight\":18,\"width\":26,\"frameX\":-36,\"height\":18,\"name\":\"saoguang0015\",\"frameY\":0,\"x\":2004},{\"frameWidth\":79,\"y\":358,\"frameHeight\":18,\"width\":26,\"frameX\":-3,\"height\":18,\"name\":\"saoguang0007\",\"frameY\":0,\"x\":2004},{\"frameWidth\":79,\"y\":359,\"frameHeight\":18,\"width\":26,\"frameX\":-32,\"height\":18,\"name\":\"saoguang0014\",\"frameY\":0,\"x\":1192},{\"frameWidth\":79,\"y\":128,\"frameHeight\":18,\"width\":26,\"frameX\":-11,\"height\":18,\"name\":\"saoguang0009\",\"frameY\":0,\"x\":1223}]}","_texture":{"__uuid__":"76y2t3X3hOwYKyb8STtako"},"texture":{"__uuid__":"76y2t3X3hOwYKyb8STtako"}}