{"__type__":"dragonBones.DragonBonesAsset","_name":"hetun_ske","_dragonBonesJson":"{\"frameRate\":24,\"name\":\"hetun\",\"version\":\"5.5\",\"compatibleVersion\":\"5.5\",\"armature\":[{\"type\":\"Sheet\",\"frameRate\":24,\"name\":\"hetun\",\"aabb\":{\"x\":-150,\"y\":-150,\"width\":300,\"height\":300},\"bone\":[{\"name\":\"root\"}],\"slot\":[{\"displayIndex\":3,\"name\":\"sheetSlot\",\"parent\":\"root\"}],\"skin\":[{\"slot\":[{\"name\":\"sheetSlot\",\"display\":[{\"name\":\"kyby_het_1\"},{\"name\":\"kyby_het_2\"},{\"name\":\"kyby_het_3\"},{\"name\":\"kyby_het_4\"},{\"name\":\"kyby_het_5\"},{\"name\":\"kyby_het_6\"},{\"name\":\"kyby_het_7\"},{\"name\":\"kyby_het_8\"}]}]}],\"animation\":[{\"duration\":8,\"playTimes\":0,\"name\":\"hetun\",\"slot\":[{\"name\":\"sheetSlot\",\"displayFrame\":[{},{\"value\":1},{\"value\":2},{\"value\":3},{\"value\":4},{\"value\":5},{\"value\":6},{\"value\":7}]}]}],\"defaultActions\":[{\"gotoAndPlay\":\"hetun\"}]}]}"}