{"__type__":"sp.SkeletonData","_name":"Taixiu","_skeletonJson":{"skeleton":{"hash":"y/6R1a9562jyEuqtGFhO2txeWOo","spine":"3.6.52","width":197,"height":192,"images":"./7Icon/"},"bones":[{"name":"root"},{"name":"bone","parent":"root","color":"ff0000ff"},{"name":"bone8","parent":"bone","x":-12.51,"y":-8.11,"color":"ff0000ff"},{"name":"bone9","parent":"bone","x":15.77,"y":-40.83,"color":"ff0000ff"},{"name":"bone10","parent":"bone","x":36.92,"y":37.07,"color":"ff0000ff"},{"name":"bone11","parent":"bone","x":-31.39,"y":-60.22,"color":"ff0000ff"},{"name":"bone12","parent":"bone","x":42.09,"y":-60.22,"color":"ff0000ff"}],"slots":[{"name":"Dice 2","bone":"bone9","attachment":"Dice 2"},{"name":"Tài","bone":"bone11","attachment":"Tài"},{"name":"xỉu","bone":"bone12","attachment":"xỉu"},{"name":"Dice 1","bone":"bone8","attachment":"Dice 1"},{"name":"Flare","bone":"bone10","attachment":"Flare","blend":"additive"}],"skins":{"default":{"Dice 1":{"Dice 1":{"x":-14.6,"y":38.96,"width":122,"height":125}},"Dice 2":{"Dice 2":{"x":22.11,"y":22.18,"width":104,"height":100}},"Flare":{"Flare":{"x":0.47,"y":1.78,"width":143,"height":141}},"Tài":{"Tài":{"x":-6.72,"y":5.07,"width":80,"height":51}},"xỉu":{"xỉu":{"x":-0.2,"y":4.07,"width":90,"height":53}}}},"animations":{"Idle":{"slots":{"Flare":{"color":[{"time":0,"color":"ffffff00","curve":"stepped"},{"time":1.6667,"color":"ffffff00","curve":[0.25,0,0.75,1]},{"time":2.3333,"color":"ffffffff","curve":[0.25,0,0.75,1]},{"time":4,"color":"ffffff00"}]}},"bones":{"bone8":{"rotate":[{"time":0,"angle":13.62,"curve":[0.25,0,0.75,1]},{"time":0.5333,"angle":-20.72,"curve":[0.25,0,0.75,1]},{"time":0.6667,"angle":13.62,"curve":[0.25,0,0.75,1]},{"time":0.8,"angle":-20.72,"curve":[0.25,0,0.75,1]},{"time":0.9333,"angle":13.62,"curve":[0.25,0,0.75,1]},{"time":1.0667,"angle":-20.72,"curve":[0.25,0,0.75,1]},{"time":1.2,"angle":13.62,"curve":[0.25,0,0.75,1]},{"time":1.3333,"angle":-20.72,"curve":[0.25,0,0.75,1]},{"time":1.4667,"angle":13.62,"curve":[0.25,0,0.75,1]},{"time":1.6,"angle":-20.72,"curve":[0.25,0,0.75,1]},{"time":1.7333,"angle":13.62,"curve":[0.25,0,0.75,1]},{"time":1.8667,"angle":-20.72,"curve":[0.25,0,0.75,1]},{"time":2,"angle":13.62,"curve":[0.25,0,0.75,1]},{"time":2.1333,"angle":-20.72,"curve":[0.25,0,0.75,1]},{"time":2.6667,"angle":13.62,"curve":[0.25,0,0.75,1]},{"time":3.3333,"angle":-20.72,"curve":[0.25,0,0.75,1]},{"time":4,"angle":13.62}],"translate":[{"time":0,"x":0,"y":0,"curve":[0.25,0,0.75,1]},{"time":0.6667,"x":0,"y":-13.55,"curve":[0.25,0,0.75,1]},{"time":1.3333,"x":0,"y":0,"curve":[0.25,0,0.75,1]},{"time":2,"x":0,"y":-13.55,"curve":[0.25,0,0.75,1]},{"time":2.6667,"x":0,"y":0,"curve":[0.25,0,0.75,1]},{"time":3.3333,"x":0,"y":-13.55,"curve":[0.25,0,0.75,1]},{"time":4,"x":0,"y":0}]},"bone9":{"rotate":[{"time":0,"angle":-20.72,"curve":[0.25,0,0.75,1]},{"time":0.6667,"angle":13.62,"curve":[0.25,0,0.75,1]},{"time":0.8,"angle":-20.72,"curve":[0.25,0,0.75,1]},{"time":0.9333,"angle":13.62,"curve":[0.25,0,0.75,1]},{"time":1.0667,"angle":-20.72,"curve":[0.25,0,0.75,1]},{"time":1.2,"angle":13.62,"curve":[0.25,0,0.75,1]},{"time":1.3333,"angle":-20.72,"curve":[0.25,0,0.75,1]},{"time":1.4667,"angle":13.62,"curve":[0.25,0,0.75,1]},{"time":1.6,"angle":-20.72,"curve":[0.25,0,0.75,1]},{"time":1.7333,"angle":13.62,"curve":[0.25,0,0.75,1]},{"time":1.8667,"angle":-20.72,"curve":[0.25,0,0.75,1]},{"time":2,"angle":13.62,"curve":[0.25,0,0.75,1]},{"time":2.6667,"angle":-20.72,"curve":[0.25,0,0.75,1]},{"time":3.3333,"angle":13.62,"curve":[0.25,0,0.75,1]},{"time":4,"angle":-20.72}],"translate":[{"time":0,"x":0,"y":0,"curve":[0.25,0,0.75,1]},{"time":0.6667,"x":0,"y":3.76,"curve":[0.25,0,0.75,1]},{"time":1.3333,"x":0,"y":0,"curve":[0.25,0,0.75,1]},{"time":2,"x":0,"y":3.76,"curve":[0.25,0,0.75,1]},{"time":2.6667,"x":0,"y":0,"curve":[0.25,0,0.75,1]},{"time":3.3333,"x":0,"y":3.76,"curve":[0.25,0,0.75,1]},{"time":4,"x":0,"y":0}]},"bone12":{"translate":[{"time":0,"x":0,"y":2.71,"curve":[0.25,0,0.75,1]},{"time":0.2,"x":0,"y":0,"curve":[0.25,0,0.75,1]},{"time":0.8667,"x":0,"y":9.04,"curve":[0.25,0,0.75,1]},{"time":1.5333,"x":0,"y":0,"curve":[0.25,0,0.75,1]},{"time":2.2,"x":0,"y":9.04,"curve":[0.25,0,0.75,1]},{"time":2.8667,"x":0,"y":0,"curve":[0.25,0,0.75,1]},{"time":3.5333,"x":0,"y":9.04,"curve":[0.25,0,0.75,1]},{"time":4,"x":0,"y":2.71}]},"bone11":{"translate":[{"time":0,"x":0,"y":0,"curve":[0.25,0,0.75,1]},{"time":0.6667,"x":0,"y":9.04,"curve":[0.25,0,0.75,1]},{"time":1.3333,"x":0,"y":0,"curve":[0.25,0,0.75,1]},{"time":2,"x":0,"y":9.04,"curve":[0.25,0,0.75,1]},{"time":2.6667,"x":0,"y":0,"curve":[0.25,0,0.75,1]},{"time":3.3333,"x":0,"y":9.04,"curve":[0.25,0,0.75,1]},{"time":4,"x":0,"y":0}]},"bone10":{"rotate":[{"time":0,"angle":0,"curve":[0.25,0,0.75,1]},{"time":1.3333,"angle":-120,"curve":[0.25,0,0.75,1]},{"time":2.6667,"angle":120,"curve":[0.25,0,0.75,1]},{"time":4,"angle":0}],"scale":[{"time":0,"x":1,"y":1,"curve":[0.25,0,0.75,1]},{"time":0.6667,"x":0.8,"y":0.8,"curve":[0.25,0,0.75,1]},{"time":1.3333,"x":1,"y":1,"curve":[0.25,0,0.75,1]},{"time":2,"x":0.8,"y":0.8,"curve":[0.25,0,0.75,1]},{"time":2.6667,"x":1,"y":1,"curve":[0.25,0,0.75,1]},{"time":3.3333,"x":0.8,"y":0.8,"curve":[0.25,0,0.75,1]},{"time":4,"x":1,"y":1}]}}}}},"_atlasText":"\r\nTaixiu.png\r\nsize: 512,256\r\nformat: RGBA8888\r\nfilter: Linear,Linear\r\nrepeat: none\r\nDice 1\r\n  rotate: false\r\n  xy: 147, 120\r\n  size: 122, 125\r\n  orig: 122, 125\r\n  offset: 0, 0\r\n  index: -1\r\nDice 2\r\n  rotate: false\r\n  xy: 2, 2\r\n  size: 104, 100\r\n  orig: 104, 100\r\n  offset: 0, 0\r\n  index: -1\r\nFlare\r\n  rotate: false\r\n  xy: 2, 104\r\n  size: 143, 141\r\n  orig: 143, 141\r\n  offset: 0, 0\r\n  index: -1\r\nTài\r\n  rotate: false\r\n  xy: 271, 139\r\n  size: 80, 51\r\n  orig: 80, 51\r\n  offset: 0, 0\r\n  index: -1\r\nxỉu\r\n  rotate: false\r\n  xy: 271, 192\r\n  size: 90, 53\r\n  orig: 90, 53\r\n  offset: 0, 0\r\n  index: -1","textures":[{"__uuid__":"10x+LJgDZH/bGfxlVVvU0E"}],"textureNames":["Taixiu.png"]}