{"__type__":"dragonBones.DragonBonesAtlasAsset","_name":"kyby_paotai6_tex","_atlasJson":"{\"SubTexture\":[{\"frameY\":-14,\"y\":1,\"frameWidth\":53,\"frameX\":-11,\"frameHeight\":82,\"width\":30,\"height\":56,\"name\":\"pao0001\",\"x\":213},{\"frameY\":-24,\"y\":200,\"frameWidth\":53,\"frameX\":-16,\"frameHeight\":82,\"width\":22,\"height\":51,\"name\":\"pao0003\",\"x\":159},{\"frameY\":-6,\"y\":128,\"frameWidth\":53,\"frameX\":-4,\"frameHeight\":82,\"width\":43,\"height\":70,\"name\":\"pao0002\",\"x\":168},{\"width\":47,\"y\":128,\"height\":118,\"name\":\"paotai6_youfupao\",\"x\":1},{\"width\":47,\"y\":128,\"height\":118,\"name\":\"paotai6_zuofupao\",\"x\":50},{\"width\":67,\"y\":128,\"height\":46,\"name\":\"paotai6_shuangyi\",\"x\":99},{\"width\":58,\"y\":176,\"height\":49,\"name\":\"paotai6_paotong\",\"x\":99},{\"width\":115,\"y\":1,\"height\":125,\"name\":\"paotai6_paoshen\",\"x\":1},{\"width\":20,\"y\":200,\"height\":49,\"name\":\"paotai6_zuoyi\",\"x\":206},{\"width\":21,\"y\":200,\"height\":50,\"name\":\"paotai6_youyi\",\"x\":183}],\"width\":256,\"imagePath\":\"kyby_paotai6_tex.png\",\"name\":\"kyby_paotai6\",\"height\":256}","_texture":{"__uuid__":"bfrLWt6sJDD7TwG/gquZEF"},"texture":{"__uuid__":"bfrLWt6sJDD7TwG/gquZEF"}}