[{"__type__":"cc.SpriteFrame","content":{"name":"item_9","texture":"afUblSkSJM4bNIcwXFaksE","rect":[170,436,145,135],"offset":[0,0],"originalSize":[145,135],"capInsets":[0,0,0,0]}},{"__type__":"cc.SpriteFrame","content":{"name":"item_10","texture":"afUblSkSJM4bNIcwXFaksE","rect":[170,300,145,135],"offset":[0,0],"originalSize":[145,135],"capInsets":[0,0,0,0]}},{"__type__":"cc.SpriteFrame","content":{"name":"item_7","texture":"afUblSkSJM4bNIcwXFaksE","rect":[316,408,145,135],"offset":[0,0],"originalSize":[145,135],"capInsets":[0,0,0,0]}},{"__type__":"cc.SpriteFrame","content":{"name":"item_3","texture":"afUblSkSJM4bNIcwXFaksE","rect":[316,272,145,135],"offset":[0,0],"originalSize":[145,135],"capInsets":[0,0,0,0]}},{"__type__":"cc.SpriteFrame","content":{"name":"item_2","texture":"afUblSkSJM4bNIcwXFaksE","rect":[0,315,169,153],"offset":[0,0],"originalSize":[169,153],"capInsets":[0,0,0,0]}},{"__type__":"cc.SpriteFrame","content":{"name":"item_6","texture":"afUblSkSJM4bNIcwXFaksE","rect":[317,0,145,135],"offset":[0,0],"originalSize":[145,135],"capInsets":[0,0,0,0]}},{"__type__":"cc.SpriteFrame","content":{"name":"item_5","texture":"afUblSkSJM4bNIcwXFaksE","rect":[171,0,145,135],"offset":[0,0],"originalSize":[145,135],"capInsets":[0,0,0,0]}},{"__type__":"cc.SpriteAtlas","_name":"aladdin_item_main.plist","_spriteFrames":{"item_1":{"__uuid__":"bc3gG0fhtI2YbfZ7GFcVqG"},"item_2":{"__uuid__":"443jve9vNBsLzkAWha2njs"},"item_3":{"__uuid__":"40Z1FNqWhKba92kHZFRxnc"},"item_4":{"__uuid__":"c9G2Bt2fdICIwvwCsa21Wg"},"item_5":{"__uuid__":"80//HH1eJJ4b5+M1Eu+bAz"},"item_6":{"__uuid__":"5dGa6i8v5LTJNxMDzMdiVR"},"item_7":{"__uuid__":"1d2NvqS+xD+L/2/B236/bk"},"item_8":{"__uuid__":"dbmFlcBtlBj5Q8Qg+fmjb8"},"item_9":{"__uuid__":"038S/WSLlDoZZc67oqGFk6"},"item_10":{"__uuid__":"0am4smgFtLKrwAnxJ2Vx9g"},"item_11":{"__uuid__":"9eO2RjwRVDk7KMr6CcGUfN"}}},{"__type__":"cc.SpriteFrame","content":{"name":"item_11","texture":"afUblSkSJM4bNIcwXFaksE","rect":[170,164,145,135],"offset":[0,0],"originalSize":[145,135],"capInsets":[0,0,0,0]}},{"__type__":"cc.SpriteFrame","content":{"name":"item_1","texture":"afUblSkSJM4bNIcwXFaksE","rect":[0,164,169,150],"offset":[0,0],"originalSize":[169,150],"capInsets":[0,0,0,0]}},{"__type__":"cc.SpriteFrame","content":{"name":"item_4","texture":"afUblSkSJM4bNIcwXFaksE","rect":[0,0,170,163],"offset":[0,0],"originalSize":[170,163],"capInsets":[0,0,0,0]}},{"__type__":"cc.SpriteFrame","content":{"name":"item_8","texture":"afUblSkSJM4bNIcwXFaksE","rect":[316,136,145,135],"offset":[0,0],"originalSize":[145,135],"capInsets":[0,0,0,0]}}]