[{"__type__":"cc.SpriteFrame","content":{"name":"mini_warning0","texture":"aelgTbPplP3oC38z0N3yuz","rect":[6,0,137,56],"offset":[-0.5,0],"originalSize":[150,56],"capInsets":[0,0,0,0]}},[{"__type__":"cc.Prefab","_name":"mini_warning","data":{"__id__":1}},{"__type__":"cc.Node","_name":"mini_warning","_children":[{"__id__":2}],"_components":[{"__type__":"cc.Sprite","node":{"__id__":1},"_materials":[{"__uuid__":"ecpdLyjvZBwrvm+cedCcQy"}],"_spriteFrame":{"__uuid__":"2fVselhJBMZo2buc+kt0fy"},"_sizeMode":0},{"__type__":"c832drPwXtFyrxiOXSF7olJ","node":{"__id__":1},"text":{"__id__":3}}],"_prefab":{"__type__":"cc.PrefabInfo","root":{"__id__":1},"asset":{"__uuid__":"33sOvqM5JL+KqMfqYUJSWX"},"fileId":"432rFMRKtIiLSiSAYBxCx4"},"_opacity":0,"_contentSize":{"__type__":"cc.Size","width":661.2,"height":58.5},"_trs":{"__type__":"TypedArray","ctor":"Float64Array","array":[0,0,0,0,0,0,1,1.5,1.5,1]}},{"__type__":"cc.Node","_name":"text","_parent":{"__id__":1},"_components":[{"__id__":3}],"_prefab":{"__type__":"cc.PrefabInfo","root":{"__id__":1},"asset":{"__uuid__":"33sOvqM5JL+KqMfqYUJSWX"},"fileId":"472YavBM1OCYINQ8ZRfcYJ"},"_contentSize":{"__type__":"cc.Size","height":22.5},"_trs":{"__type__":"TypedArray","ctor":"Float64Array","array":[0,0,0,0,0,0,1,1,1,1]}},{"__type__":"cc.Label","node":{"__id__":2},"_materials":[{"__uuid__":"ecpdLyjvZBwrvm+cedCcQy"}],"_useOriginalSize":false,"_fontSize":20,"_lineHeight":45,"_N$file":{"__uuid__":"3f/j3m06dBSKpjksQB+doY"},"_isSystemFontUsed":false,"_N$horizontalAlign":1,"_N$verticalAlign":1}]]