[[{"__type__":"cc.Prefab","_name":"x200","data":{"__id__":1}},{"__type__":"cc.Node","_name":"x200","_children":[{"__id__":2},{"__id__":4},{"__id__":6},{"__id__":7},{"__id__":8},{"__id__":9}],"_components":[{"__type__":"655c6/MZdJNZo/YxgAvEk8A","node":{"__id__":1},"fish":{"__id__":5},"shadow":{"__id__":3},"collider":{"__id__":10},"anim":{"__id__":11},"head":{"__id__":6},"end":{"__id__":7},"suoMe":{"__id__":9},"suoOther":{"__id__":8},"speed":0.8},{"__id__":11},{"__id__":10}],"_prefab":{"__type__":"cc.PrefabInfo","root":{"__id__":1},"asset":{"__uuid__":"73NhbKsgZBr7R3FZ8JOe8w"},"fileId":"f8O962bzNCz6fauzjkmOjN"},"_trs":{"__type__":"TypedArray","ctor":"Float64Array","array":[-900.094,-355.146,0,0,0,0,1,1,1,1]},"_groupIndex":6,"groupIndex":6},{"__type__":"cc.Node","_name":"shadow","_parent":{"__id__":1},"_components":[{"__id__":3}],"_prefab":{"__type__":"cc.PrefabInfo","root":{"__id__":1},"asset":{"__uuid__":"73NhbKsgZBr7R3FZ8JOe8w"},"fileId":"77HSDVnlhGCa++SNBhZJJZ"},"_trs":{"__type__":"TypedArray","ctor":"Float64Array","array":[-23,-30,0,0,0,0,1,0.8,0.8,1]},"_groupIndex":6,"groupIndex":6},{"__type__":"dragonBones.ArmatureDisplay","node":{"__id__":2},"_materials":[{"__uuid__":"ecpdLyjvZBwrvm+cedCcQy"}],"_armatureName":"Armature","_animationName":"newAnimation","_preCacheMode":0,"_armatureKey":"178c026b-76f9-4c0d-86a5-564bdc39f9a1#8425f2ef-b7d8-4855-94a4-7fb77411773f","_N$dragonAsset":{"__uuid__":"17jAJrdvlMDYalVkvcOfmh"},"_N$dragonAtlasAsset":{"__uuid__":"84JfLvt9hIVZSkf7d0EXc/"},"_N$timeScale":0.4583333},{"__type__":"cc.Node","_name":"fish","_parent":{"__id__":1},"_components":[{"__id__":5}],"_prefab":{"__type__":"cc.PrefabInfo","root":{"__id__":1},"asset":{"__uuid__":"73NhbKsgZBr7R3FZ8JOe8w"},"fileId":"a1f+BBC8BLkZhMY+NAZD2P"},"_trs":{"__type__":"TypedArray","ctor":"Float64Array","array":[0,0,0,0,0,0,1,0.8,0.8,1]}},{"__type__":"dragonBones.ArmatureDisplay","node":{"__id__":4},"_materials":[{"__uuid__":"ecpdLyjvZBwrvm+cedCcQy"}],"_armatureName":"Sprite","_animationName":"Sprite","_preCacheMode":0,"_armatureKey":"0bf846ad-798c-4210-8543-addd0443405b#932b3fa1-b898-4334-948a-9526a575ba31","_N$dragonAsset":{"__uuid__":"0b+EateYxCEIVDrd0EQ0Bb"},"_N$dragonAtlasAsset":{"__uuid__":"93Kz+huJhDNJSKlSaldbox"},"_N$timeScale":0.5},{"__type__":"cc.Node","_name":"head","_parent":{"__id__":1},"_prefab":{"__type__":"cc.PrefabInfo","root":{"__id__":1},"asset":{"__uuid__":"73NhbKsgZBr7R3FZ8JOe8w"},"fileId":"defUz5L6dOvbQyVJWJYUTA"},"_trs":{"__type__":"TypedArray","ctor":"Float64Array","array":[-100.479,-29.559,0,0,0,0,1,1,1,1]}},{"__type__":"cc.Node","_name":"end","_parent":{"__id__":1},"_prefab":{"__type__":"cc.PrefabInfo","root":{"__id__":1},"asset":{"__uuid__":"73NhbKsgZBr7R3FZ8JOe8w"},"fileId":"29PkxeLi1PeYfV2ug817iW"},"_trs":{"__type__":"TypedArray","ctor":"Float64Array","array":[43.23,-7.743,0,0,0,0,1,1,1,1]}},{"__type__":"cc.Node","_name":"fish_suoding_other","_parent":{"__id__":1},"_active":false,"_components":[{"__type__":"cc.Sprite","node":{"__id__":8},"_materials":[{"__uuid__":"ecpdLyjvZBwrvm+cedCcQy"}],"_spriteFrame":{"__uuid__":"d6GNvieS9K8pqo+oyuZNkc"}},{"__type__":"cc.Animation","node":{"__id__":8},"_defaultClip":{"__uuid__":"41C/GXlRNOjLlgy6YN7juw"},"_clips":[{"__uuid__":"41C/GXlRNOjLlgy6YN7juw"}],"playOnLoad":true}],"_prefab":{"__type__":"cc.PrefabInfo","root":{"__id__":1},"asset":{"__uuid__":"73NhbKsgZBr7R3FZ8JOe8w"},"fileId":"33it9JMqRNp5c2Vqvo9Rqe"},"_opacity":97,"_contentSize":{"__type__":"cc.Size","width":169,"height":169},"_trs":{"__type__":"TypedArray","ctor":"Float64Array","array":[-16.41,-5.96,0,0,0,0,1,0.85,0.85,1]}},{"__type__":"cc.Node","_name":"fish_suoding_me","_parent":{"__id__":1},"_active":false,"_components":[{"__type__":"cc.Sprite","node":{"__id__":9},"_materials":[{"__uuid__":"ecpdLyjvZBwrvm+cedCcQy"}],"_spriteFrame":{"__uuid__":"d6GNvieS9K8pqo+oyuZNkc"}},{"__type__":"cc.Animation","node":{"__id__":9},"_defaultClip":{"__uuid__":"41C/GXlRNOjLlgy6YN7juw"},"_clips":[{"__uuid__":"41C/GXlRNOjLlgy6YN7juw"}],"playOnLoad":true}],"_prefab":{"__type__":"cc.PrefabInfo","root":{"__id__":1},"asset":{"__uuid__":"73NhbKsgZBr7R3FZ8JOe8w"},"fileId":"f4m39K2ThPda0T3CB4cJOq"},"_contentSize":{"__type__":"cc.Size","width":169,"height":169},"_trs":{"__type__":"TypedArray","ctor":"Float64Array","array":[-16.41,-5.96,0,0,0,0,1,1,1,1]}},{"__type__":"cc.PolygonCollider","node":{"__id__":1},"points":[{"__type__":"cc.Vec2","x":-17,"y":-93},{"__type__":"cc.Vec2","x":62,"y":-46},{"__type__":"cc.Vec2","x":97,"y":-1},{"__type__":"cc.Vec2","x":87,"y":47},{"__type__":"cc.Vec2","x":40,"y":71},{"__type__":"cc.Vec2","x":-139,"y":14},{"__type__":"cc.Vec2","x":-141,"y":-64},{"__type__":"cc.Vec2","x":-95,"y":-102}]},{"__type__":"cc.Animation","node":{"__id__":1},"_clips":[{"__uuid__":"62pAqah5VPTpjmVGPfL/BC"},{"__uuid__":"b1jRg3cktBEI4g+mj+Rwna"},{"__uuid__":"1bDvB6SHdCyaRWUCvQ3Rc+"},{"__uuid__":"912UGFT0lNZKH4xRDgPWah"},{"__uuid__":"afYVG85HFG5K/xlA6RoUbN"},{"__uuid__":"4cxdPDxcRB5bRMEpiR7akR"}]}],{"__type__":"cc.SpriteFrame","content":{"name":"fish_game_pic_suoding1","texture":"bclyb1CdFAXZK7vE6k7C0V","rect":[0,0,169,169],"offset":[-0.5,0.5],"originalSize":[170,170],"capInsets":[0,0,0,0]}}]