{"__type__":"dragonBones.DragonBonesAtlasAsset","_name":"hongshanyu_tex","_atlasJson":"{\"width\":256,\"imagePath\":\"hongshanyu_tex.png\",\"height\":256,\"name\":\"hongshanyu\",\"SubTexture\":[{\"y\":164,\"frameX\":-455,\"frameHeight\":765,\"frameY\":-393,\"width\":86,\"frameWidth\":1020,\"height\":50,\"name\":\"kyby_hsy_1\",\"x\":90},{\"y\":56,\"frameX\":-454,\"frameHeight\":765,\"frameY\":-391,\"width\":86,\"frameWidth\":1020,\"height\":53,\"name\":\"kyby_hsy_6\",\"x\":1},{\"y\":57,\"frameX\":-455,\"frameHeight\":765,\"frameY\":-390,\"width\":87,\"frameWidth\":1020,\"height\":52,\"name\":\"kyby_hsy_3\",\"x\":89},{\"y\":1,\"frameX\":-455,\"frameHeight\":765,\"frameY\":-389,\"width\":85,\"frameWidth\":1020,\"height\":54,\"name\":\"kyby_hsy_5\",\"x\":90},{\"y\":111,\"frameX\":-454,\"frameHeight\":765,\"frameY\":-392,\"width\":87,\"frameWidth\":1020,\"height\":52,\"name\":\"kyby_hsy_7\",\"x\":1},{\"y\":111,\"frameX\":-454,\"frameHeight\":765,\"frameY\":-391,\"width\":86,\"frameWidth\":1020,\"height\":51,\"name\":\"kyby_hsy_2\",\"x\":90},{\"y\":1,\"frameX\":-455,\"frameHeight\":765,\"frameY\":-389,\"width\":87,\"frameWidth\":1020,\"height\":53,\"name\":\"kyby_hsy_4\",\"x\":1},{\"y\":165,\"frameX\":-455,\"frameHeight\":765,\"frameY\":-393,\"width\":87,\"frameWidth\":1020,\"height\":51,\"name\":\"kyby_hsy_8\",\"x\":1}]}","_texture":{"__uuid__":"74Q2FGMmlPOa0+3ahSlMIm"},"texture":{"__uuid__":"74Q2FGMmlPOa0+3ahSlMIm"}}