{"__type__":"dragonBones.DragonBonesAtlasAsset","_name":"jinlongyu_shadow_tex","_atlasJson":"{\"width\":512,\"imagePath\":\"jinlongyu_shadow_tex.png\",\"height\":512,\"name\":\"jinlongyu_shadow\",\"SubTexture\":[{\"y\":1,\"frameX\":-404,\"frameHeight\":765,\"frameY\":-412,\"width\":224,\"frameWidth\":1020,\"height\":85,\"name\":\"00004\",\"x\":225},{\"y\":1,\"frameX\":-404,\"frameHeight\":765,\"frameY\":-409,\"width\":222,\"frameWidth\":1020,\"height\":87,\"name\":\"00005\",\"x\":1},{\"y\":238,\"frameX\":-403,\"frameHeight\":765,\"frameY\":-425,\"width\":226,\"frameWidth\":1020,\"height\":70,\"name\":\"00010\",\"x\":229},{\"y\":348,\"frameX\":-403,\"frameHeight\":765,\"frameY\":-416,\"width\":222,\"frameWidth\":1020,\"height\":79,\"name\":\"00008\",\"x\":1},{\"y\":265,\"frameX\":-403,\"frameHeight\":765,\"frameY\":-416,\"width\":226,\"frameWidth\":1020,\"height\":81,\"name\":\"00003\",\"x\":1},{\"y\":88,\"frameX\":-403,\"frameHeight\":765,\"frameY\":-421,\"width\":225,\"frameWidth\":1020,\"height\":74,\"name\":\"00009\",\"x\":225},{\"y\":429,\"frameX\":-403,\"frameHeight\":765,\"frameY\":-420,\"width\":226,\"frameWidth\":1020,\"height\":77,\"name\":\"00002\",\"x\":1},{\"y\":164,\"frameX\":-403,\"frameHeight\":765,\"frameY\":-424,\"width\":226,\"frameWidth\":1020,\"height\":72,\"name\":\"00001\",\"x\":224},{\"y\":179,\"frameX\":-403,\"frameHeight\":765,\"frameY\":-411,\"width\":221,\"frameWidth\":1020,\"height\":84,\"name\":\"00007\",\"x\":1},{\"y\":310,\"frameX\":-403,\"frameHeight\":765,\"frameY\":-426,\"width\":227,\"frameWidth\":1020,\"height\":69,\"name\":\"00000\",\"x\":229},{\"y\":90,\"frameX\":-404,\"frameHeight\":765,\"frameY\":-408,\"width\":221,\"frameWidth\":1020,\"height\":87,\"name\":\"00006\",\"x\":1}]}","_texture":{"__uuid__":"03IKU9L+NCpKg7IEMB1Mgo"},"texture":{"__uuid__":"03IKU9L+NCpKg7IEMB1Mgo"}}