{"__type__":"dragonBones.DragonBonesAtlasAsset","_name":"kyby_paotai1_tex","_atlasJson":"{\"SubTexture\":[{\"frameY\":-24,\"y\":73,\"frameWidth\":53,\"frameX\":-16,\"frameHeight\":82,\"width\":22,\"height\":51,\"name\":\"pao0003\",\"x\":101},{\"frameY\":-6,\"y\":1,\"frameWidth\":53,\"frameX\":-4,\"frameHeight\":82,\"width\":43,\"height\":70,\"name\":\"pao0002\",\"x\":101},{\"frameY\":-14,\"y\":62,\"frameWidth\":53,\"frameX\":-11,\"frameHeight\":82,\"width\":30,\"height\":56,\"name\":\"pao0001\",\"x\":146},{\"width\":36,\"y\":1,\"height\":59,\"name\":\"paotai1_paotou\",\"x\":146},{\"width\":98,\"y\":1,\"height\":117,\"name\":\"paotai1_paoshen\",\"x\":1}],\"width\":256,\"imagePath\":\"kyby_paotai1_tex.png\",\"name\":\"kyby_paotai1\",\"height\":128}","_texture":{"__uuid__":"e5BibS9MFE5ZORIGzKKQw9"},"texture":{"__uuid__":"e5BibS9MFE5ZORIGzKKQw9"}}