{"__type__":"dragonBones.DragonBonesAtlasAsset","_name":"haitun_tex","_atlasJson":"{\"width\":512,\"imagePath\":\"haitun_tex.png\",\"height\":1024,\"name\":\"haitun\",\"SubTexture\":[{\"y\":602,\"frameX\":-150,\"frameHeight\":512,\"frameY\":-187,\"width\":242,\"frameWidth\":512,\"height\":100,\"name\":\"kyby_hait_03\",\"x\":1},{\"y\":605,\"frameX\":-144,\"frameHeight\":512,\"frameY\":-189,\"width\":235,\"frameWidth\":512,\"height\":100,\"name\":\"kyby_hait_04\",\"x\":245},{\"y\":256,\"frameX\":-159,\"frameHeight\":512,\"frameY\":-184,\"width\":255,\"frameWidth\":512,\"height\":122,\"name\":\"kyby_hait_10\",\"x\":1},{\"y\":1,\"frameX\":-145,\"frameHeight\":512,\"frameY\":-180,\"width\":252,\"frameWidth\":512,\"height\":124,\"name\":\"kyby_hait_07\",\"x\":257},{\"y\":496,\"frameX\":-142,\"frameHeight\":512,\"frameY\":-192,\"width\":238,\"frameWidth\":512,\"height\":104,\"name\":\"kyby_hait_05\",\"x\":1},{\"y\":372,\"frameX\":-164,\"frameHeight\":512,\"frameY\":-179,\"width\":246,\"frameWidth\":512,\"height\":118,\"name\":\"kyby_hait_01\",\"x\":258},{\"y\":127,\"frameX\":-163,\"frameHeight\":512,\"frameY\":-180,\"width\":249,\"frameWidth\":512,\"height\":121,\"name\":\"kyby_hait_12\",\"x\":258},{\"y\":250,\"frameX\":-162,\"frameHeight\":512,\"frameY\":-184,\"width\":251,\"frameWidth\":512,\"height\":120,\"name\":\"kyby_hait_11\",\"x\":258},{\"y\":492,\"frameX\":-159,\"frameHeight\":512,\"frameY\":-181,\"width\":247,\"frameWidth\":512,\"height\":111,\"name\":\"kyby_hait_02\",\"x\":250},{\"y\":1,\"frameX\":-150,\"frameHeight\":512,\"frameY\":-178,\"width\":254,\"frameWidth\":512,\"height\":126,\"name\":\"kyby_hait_08\",\"x\":1},{\"y\":380,\"frameX\":-142,\"frameHeight\":512,\"frameY\":-187,\"width\":247,\"frameWidth\":512,\"height\":114,\"name\":\"kyby_hait_06\",\"x\":1},{\"y\":129,\"frameX\":-155,\"frameHeight\":512,\"frameY\":-180,\"width\":255,\"frameWidth\":512,\"height\":125,\"name\":\"kyby_hait_09\",\"x\":1}]}","_texture":{"__uuid__":"62E9npQkVCEorappGkFCzB"},"texture":{"__uuid__":"62E9npQkVCEorappGkFCzB"}}