{"__type__":"sp.SkeletonData","_name":"ittrau","_skeletonJson":{"skeleton":{"hash":"WRzgVN2H0AgsijbqBR7nOqpEJwk","spine":"3.6.53","width":169,"height":169.34,"images":""},"bones":[{"name":"root"},{"name":"Layer 571","parent":"root","x":-1.85,"y":28.46},{"name":"trau","parent":"root","length":79.33,"rotation":91.09,"x":12.21,"y":-67.92},{"name":"txt","parent":"root","x":4.68,"y":-52.36}],"slots":[{"name":"nen","bone":"root","attachment":"nen"},{"name":"Layer 571","bone":"Layer 571","attachment":"Layer 571"},{"name":"trau","bone":"trau","attachment":"trau"},{"name":"txt","bone":"txt","attachment":"txt"}],"skins":{"default":{"Layer 571":{"Layer 571":{"x":-0.66,"y":1.66,"width":129,"height":129}},"nen":{"nen":{"width":169,"height":146}},"trau":{"trau":{"x":72.16,"y":10.84,"rotation":-91.09,"width":167,"height":154}},"txt":{"txt":{"x":-4.68,"y":-2.86,"width":154,"height":39}}}},"animations":{"animation":{"slots":{"Layer 571":{"color":[{"time":0,"color":"ffffffff","curve":[0.276,0,0.621,0.4]},{"time":0.4,"color":"ffffff6e","curve":[0.314,0.27,0.657,0.64]},{"time":0.8,"color":"ffffffff","curve":[0.375,0.5,0.75,1]},{"time":1.2,"color":"ffffff6e","curve":[0.314,0.27,0.657,0.64]},{"time":1.6,"color":"ffffffff"}]}},"bones":{"txt":{"rotate":[{"time":0,"angle":0,"curve":"stepped"},{"time":1.6,"angle":0}],"translate":[{"time":0,"x":0,"y":0,"curve":[0.25,0,0.625,0.5]},{"time":0.8,"x":0,"y":8.24,"curve":[0.375,0.5,0.75,1]},{"time":1.6,"x":0,"y":0}],"scale":[{"time":0,"x":1,"y":1,"curve":[0.25,0,0.625,0.5]},{"time":0.8,"x":1,"y":0.89,"curve":[0.375,0.5,0.75,1]},{"time":1.6,"x":1,"y":1}],"shear":[{"time":0,"x":0,"y":0,"curve":"stepped"},{"time":1.6,"x":0,"y":0}]},"trau":{"rotate":[{"time":0,"angle":0,"curve":"stepped"},{"time":0.8,"angle":0,"curve":"stepped"},{"time":1.6,"angle":0}],"translate":[{"time":0,"x":0,"y":0,"curve":[0.276,0,0.621,0.4]},{"time":0.4,"x":0,"y":0.35,"curve":[0.314,0.27,0.657,0.64]},{"time":0.8,"x":0,"y":0,"curve":[0.375,0.5,0.75,1]},{"time":1.2,"x":0,"y":0.35,"curve":[0.314,0.27,0.657,0.64]},{"time":1.6,"x":0,"y":0}],"scale":[{"time":0,"x":1,"y":1,"curve":[0.276,0,0.621,0.4]},{"time":0.4,"x":1.027,"y":1,"curve":[0.314,0.27,0.657,0.64]},{"time":0.8,"x":1,"y":1,"curve":[0.375,0.5,0.75,1]},{"time":1.2,"x":1.027,"y":1,"curve":[0.314,0.27,0.657,0.64]},{"time":1.6,"x":1,"y":1}],"shear":[{"time":0,"x":0,"y":0,"curve":"stepped"},{"time":0.8,"x":0,"y":0,"curve":"stepped"},{"time":1.6,"x":0,"y":0}]},"Layer 571":{"rotate":[{"time":0,"angle":0},{"time":0.5333,"angle":120},{"time":1.0667,"angle":-120},{"time":1.6,"angle":0}],"translate":[{"time":0,"x":0,"y":0,"curve":"stepped"},{"time":1.6,"x":0,"y":0}],"scale":[{"time":0,"x":1,"y":1,"curve":"stepped"},{"time":1.6,"x":1,"y":1}],"shear":[{"time":0,"x":0,"y":0,"curve":"stepped"},{"time":1.6,"x":0,"y":0}]}}}}},"_atlasText":"\r\nittrau.png\r\nsize: 462,174\r\nformat: RGBA8888\r\nfilter: Linear,Linear\r\nrepeat: none\r\nLayer 571\r\n  rotate: false\r\n  xy: 306, 43\r\n  size: 129, 129\r\n  orig: 129, 129\r\n  offset: 0, 0\r\n  index: -1\r\nnen\r\n  rotate: true\r\n  xy: 158, 3\r\n  size: 169, 146\r\n  orig: 169, 146\r\n  offset: 0, 0\r\n  index: -1\r\ntrau\r\n  rotate: true\r\n  xy: 2, 5\r\n  size: 167, 154\r\n  orig: 167, 154\r\n  offset: 0, 0\r\n  index: -1\r\ntxt\r\n  rotate: false\r\n  xy: 306, 2\r\n  size: 154, 39\r\n  orig: 154, 39\r\n  offset: 0, 0\r\n  index: -1\r\n","textures":[{"__uuid__":"8cKRhV0epEn7gg30qQalc1"}],"textureNames":["ittrau.png"]}