{"__type__":"dragonBones.DragonBonesAtlasAsset","_name":"kyby_chibang5_tex","_atlasJson":"{\"SubTexture\":[{\"frameWidth\":151,\"y\":313,\"frameX\":0,\"frameHeight\":154,\"frameY\":0,\"width\":146,\"height\":134,\"name\":\"R-chibang4\",\"x\":467},{\"frameWidth\":176,\"y\":291,\"frameX\":-1,\"frameHeight\":157,\"frameY\":-3,\"width\":175,\"height\":154,\"name\":\"R-chibang3\",\"x\":710},{\"frameWidth\":259,\"y\":1,\"frameX\":-36,\"frameHeight\":389,\"frameY\":-25,\"width\":223,\"height\":330,\"name\":\"R-chibang2\",\"x\":1},{\"frameWidth\":120,\"y\":291,\"frameX\":-1,\"frameHeight\":142,\"frameY\":0,\"width\":106,\"height\":121,\"name\":\"R-chibang1\",\"x\":887},{\"width\":90,\"y\":313,\"height\":183,\"name\":\"R-chibang\",\"x\":615},{\"frameWidth\":245,\"y\":407,\"frameX\":-30,\"frameHeight\":160,\"frameY\":-39,\"width\":185,\"height\":82,\"name\":\"chibang5texiao_00000\",\"x\":248},{\"width\":245,\"y\":333,\"height\":160,\"name\":\"chibang5texiao_00008\",\"x\":1},{\"frameWidth\":245,\"y\":159,\"frameX\":-4,\"frameHeight\":160,\"frameY\":-5,\"width\":239,\"height\":152,\"name\":\"chibang5texiao_00005\",\"x\":467},{\"frameWidth\":245,\"y\":1,\"frameX\":-5,\"frameHeight\":160,\"frameY\":-5,\"width\":237,\"height\":150,\"name\":\"chibang5texiao_00004\",\"x\":471},{\"frameWidth\":245,\"y\":1,\"frameX\":-17,\"frameHeight\":160,\"frameY\":-15,\"width\":206,\"height\":115,\"name\":\"chibang5texiao_00002\",\"x\":710},{\"frameWidth\":245,\"y\":153,\"frameX\":-12,\"frameHeight\":160,\"frameY\":-11,\"width\":221,\"height\":136,\"name\":\"chibang5texiao_00003\",\"x\":708},{\"frameWidth\":245,\"y\":159,\"frameX\":-4,\"frameHeight\":160,\"frameY\":-4,\"width\":239,\"height\":153,\"name\":\"chibang5texiao_00006\",\"x\":226},{\"frameWidth\":245,\"y\":1,\"frameX\":-2,\"frameHeight\":160,\"frameY\":-3,\"width\":243,\"height\":156,\"name\":\"chibang5texiao_00007\",\"x\":226},{\"frameWidth\":245,\"y\":314,\"frameX\":-30,\"frameHeight\":160,\"frameY\":-30,\"width\":185,\"height\":91,\"name\":\"chibang5texiao_00001\",\"x\":248},{\"frameWidth\":128,\"y\":449,\"frameX\":-48,\"frameHeight\":128,\"frameY\":-18,\"width\":35,\"height\":92,\"name\":\"chibang5_saoguang_00005\",\"x\":435},{\"frameWidth\":128,\"y\":414,\"frameX\":-30,\"frameHeight\":128,\"frameY\":-27,\"width\":52,\"height\":101,\"name\":\"chibang5_saoguang_00007\",\"x\":944},{\"frameWidth\":128,\"y\":414,\"frameX\":-28,\"frameHeight\":128,\"frameY\":-18,\"width\":55,\"height\":110,\"name\":\"chibang5_saoguang_00006\",\"x\":887},{\"frameWidth\":128,\"y\":104,\"frameX\":-38,\"frameHeight\":128,\"frameY\":-5,\"width\":66,\"height\":106,\"name\":\"chibang5_saoguang_00008\",\"x\":931},{\"frameWidth\":128,\"y\":212,\"frameX\":-65,\"frameHeight\":128,\"frameY\":0,\"width\":63,\"height\":52,\"name\":\"chibang5_saoguang_00010\",\"x\":931},{\"frameWidth\":128,\"y\":449,\"frameX\":-37,\"frameHeight\":128,\"frameY\":-19,\"width\":34,\"height\":91,\"name\":\"chibang5_saoguang_00003\",\"x\":472},{\"frameWidth\":128,\"y\":314,\"frameX\":-103,\"frameHeight\":128,\"frameY\":0,\"width\":25,\"height\":27,\"name\":\"chibang5_saoguang_00011\",\"x\":435},{\"frameWidth\":128,\"y\":1,\"frameX\":-45,\"frameHeight\":128,\"frameY\":-1,\"width\":78,\"height\":101,\"name\":\"chibang5_saoguang_00009\",\"x\":918},{\"frameWidth\":128,\"y\":517,\"frameX\":-37,\"frameHeight\":128,\"frameY\":-18,\"width\":45,\"height\":92,\"name\":\"chibang5_saoguang_00004\",\"x\":944},{\"frameWidth\":128,\"y\":1,\"frameX\":-37,\"frameHeight\":128,\"frameY\":-25,\"width\":17,\"height\":83,\"name\":\"chibang5_saoguang_00002\",\"x\":998}],\"width\":1024,\"imagePath\":\"kyby_chibang5_tex.png\",\"height\":1024,\"name\":\"kyby_chibang5\"}","_texture":{"__uuid__":"99Nzte3chN7KEuLzi6YGc2"},"texture":{"__uuid__":"99Nzte3chN7KEuLzi6YGc2"}}