{"__type__":"dragonBones.DragonBonesAsset","_name":"hbby_shuimu_ske","_dragonBonesJson":"{\"frameRate\":24,\"name\":\"hbby_shuimu\",\"version\":\"5.5\",\"compatibleVersion\":\"5.5\",\"armature\":[{\"type\":\"Armature\",\"frameRate\":24,\"name\":\"hbby_shuimu\",\"aabb\":{\"x\":-32,\"y\":-54,\"width\":64,\"height\":108},\"bone\":[{\"name\":\"root\"}],\"slot\":[{\"displayIndex\":5,\"name\":\"fish12_01\",\"parent\":\"root\"}],\"skin\":[{\"slot\":[{\"name\":\"fish12_01\",\"display\":[{\"name\":\"fish12_06\"},{\"name\":\"fish12_05\"},{\"name\":\"fish12_04\"},{\"name\":\"fish12_03\"},{\"name\":\"fish12_02\"},{\"name\":\"fish12_01\"}]}]}],\"animation\":[{\"duration\":11,\"playTimes\":0,\"name\":\"newAnimation\",\"slot\":[{\"name\":\"fish12_01\",\"displayFrame\":[{\"duration\":2,\"value\":5},{\"duration\":2,\"value\":4},{\"duration\":2,\"value\":3},{\"duration\":2,\"value\":2},{\"duration\":2,\"value\":1},{}]}]}],\"defaultActions\":[{\"gotoAndPlay\":\"newAnimation\"}]}]}"}