{"__type__":"sp.SkeletonData","_name":"xo-so","_skeletonJson":{"skeleton":{"hash":"qjtlx0B1zfb8H11KVjm0G+4Yc2o","spine":"3.7.94","width":181,"height":180,"images":"./image/","audio":"/Users/buisang/Storage/Job/WinE168/Portal/Anim/Portal/Xoc-dia"},"bones":[{"name":"root","y":-40},{"name":"bone","parent":"root","length":37.35,"rotation":90.62,"x":1.32,"y":50.48},{"name":"bone2","parent":"root","x":20.39,"y":128.74},{"name":"bone3","parent":"root","x":-10.3,"y":166.41},{"name":"bone4","parent":"root","length":48.69,"rotation":90.32,"x":3.2,"y":133.34},{"name":"bone5","parent":"root","length":18.57,"rotation":90,"x":37.54,"y":94.24}],"slots":[{"name":"BG","bone":"root","attachment":"BG"},{"name":"dia","bone":"bone4","attachment":"dia"},{"name":"xx","bone":"bone5","attachment":"xx"},{"name":"Xóc Đĩa","bone":"bone","attachment":"Xóc Đĩa"},{"name":"Layer 36","bone":"root","attachment":"Layer 36","blend":"additive"},{"name":"Layer 485 copy","bone":"root","attachment":"Layer 485 copy","blend":"additive"},{"name":"light copy","bone":"bone2","attachment":"light copy","blend":"additive"},{"name":"light copy2","bone":"bone3","attachment":"light copy","blend":"additive"}],"skins":{"default":{"BG":{"BG":{"x":4.82,"y":128.67,"width":179,"height":179}},"Layer 36":{"Layer 36":{"x":-7.68,"y":104.67,"width":126,"height":91}},"Layer 485 copy":{"Layer 485 copy":{"x":28.32,"y":163.17,"width":112,"height":90}},"Xóc Đĩa":{"Xóc Đĩa":{"x":13.63,"y":-6.15,"rotation":-90.62,"width":178,"height":68}},"dia":{"dia":{"x":1.31,"y":-2.13,"rotation":-90.32,"width":156,"height":153}},"light copy":{"light copy":{"x":4.24,"y":-12.07,"width":87,"height":67}},"light copy2":{"light copy":{"x":4.24,"y":-12.07,"width":87,"height":67}},"xx":{"xx":{"x":42.43,"y":36.22,"rotation":-90,"width":108,"height":89}}}},"animations":{"animation":{"slots":{"light copy":{"color":[{"time":0,"color":"ffffff00"},{"time":0.3333,"color":"ffffffff"},{"time":0.6667,"color":"ffffff00"},{"time":1,"color":"ffffffff"},{"time":1.3333,"color":"ffffff00"}]},"light copy2":{"color":[{"time":0,"color":"ffffff00"},{"time":0.3333,"color":"ffffffff"},{"time":0.6667,"color":"ffffff00"},{"time":1,"color":"ffffffff"},{"time":1.3333,"color":"ffffff00"}]}},"bones":{"bone5":{"translate":[{"time":0,"x":0,"y":0},{"time":0.3333,"x":0,"y":9.47},{"time":0.6667,"x":0,"y":0},{"time":1,"x":0,"y":9.47},{"time":1.3333,"x":0,"y":0}]},"bone2":{"translate":[{"time":0,"x":0,"y":0},{"time":0.3333,"x":0,"y":9.22},{"time":0.6667,"x":0,"y":0},{"time":1,"x":0,"y":9.22},{"time":1.3333,"x":0,"y":0}]},"bone3":{"translate":[{"time":0,"x":0,"y":0},{"time":0.3333,"x":0,"y":10.32},{"time":0.6667,"x":0,"y":0},{"time":1,"x":0,"y":10.32},{"time":1.3333,"x":0,"y":0}]},"bone4":{"rotate":[{"time":0,"angle":0},{"time":0.3333,"angle":94.32},{"time":0.6667,"angle":-144.37},{"time":1,"angle":-78.98},{"time":1.3333,"angle":0}]},"bone":{"scale":[{"time":0,"x":1,"y":1},{"time":0.1667,"x":0.72,"y":1},{"time":0.3333,"x":1,"y":1},{"time":0.5,"x":0.604,"y":1},{"time":0.6667,"x":1,"y":1}]}}}}},"_atlasText":"\r\nxo-so.png\r\nsize: 512,256\r\nformat: RGBA8888\r\nfilter: Linear,Linear\r\nrepeat: none\r\nBG\r\n  rotate: false\r\n  xy: 2, 72\r\n  size: 179, 179\r\n  orig: 179, 179\r\n  offset: 0, 0\r\n  index: -1\r\nLayer 36\r\n  rotate: false\r\n  xy: 271, 2\r\n  size: 126, 91\r\n  orig: 126, 91\r\n  offset: 0, 0\r\n  index: -1\r\nLayer 485 copy\r\n  rotate: true\r\n  xy: 338, 139\r\n  size: 112, 90\r\n  orig: 112, 90\r\n  offset: 0, 0\r\n  index: -1\r\nXóc Đĩa\r\n  rotate: false\r\n  xy: 2, 2\r\n  size: 178, 68\r\n  orig: 178, 68\r\n  offset: 0, 0\r\n  index: -1\r\ndia\r\n  rotate: true\r\n  xy: 183, 95\r\n  size: 156, 156\r\n  orig: 156, 156\r\n  offset: 0, 0\r\n  index: -1\r\nlight copy\r\n  rotate: false\r\n  xy: 182, 3\r\n  size: 87, 67\r\n  orig: 87, 67\r\n  offset: 0, 0\r\n  index: -1\r\nxx\r\n  rotate: false\r\n  xy: 399, 48\r\n  size: 108, 89\r\n  orig: 108, 89\r\n  offset: 0, 0\r\n  index: -1\r\n","textures":[{"__uuid__":"cfkg/bLolNYplF6jLfylFG"}],"textureNames":["xo-so.png"]}