{"__type__":"sp.SkeletonData","_name":"jackpot","_skeletonJson":{"skeleton":{"hash":"klgf9OJMPNH6xSWHqOPS0TByO88","spine":"3.7.94","width":218,"height":195,"images":"./images/","audio":"C:/Users/Toanp/OneDrive/Máy tính/Zeus/SPINE/jacpot"},"bones":[{"name":"root","x":-0.5,"y":11.95},{"name":"Layer 3","parent":"root","x":63.31,"y":45.21},{"name":"Layer 4","parent":"root","x":63.31,"y":45.21},{"name":"Layer 5","parent":"root","x":63.31,"y":45.21},{"name":"Layer 6","parent":"root","x":63.31,"y":45.21}],"slots":[{"name":"Layer 2","bone":"root","attachment":"Layer 2"},{"name":"Layer 3","bone":"Layer 3","attachment":"Layer 3"},{"name":"Layer 4","bone":"Layer 4","attachment":"Layer 3"},{"name":"Layer 6","bone":"Layer 6","attachment":"Layer 3"},{"name":"Layer 5","bone":"Layer 5","attachment":"Layer 3"}],"skins":{"default":{"Layer 2":{"Layer 2":{"x":7,"y":7.56,"width":180,"height":186}},"Layer 3":{"Layer 3":{"x":-5.8,"y":7.35,"width":155,"height":114}},"Layer 4":{"Layer 3":{"x":-5.8,"y":7.35,"width":155,"height":114}},"Layer 5":{"Layer 3":{"x":-5.8,"y":7.35,"width":155,"height":114}},"Layer 6":{"Layer 3":{"x":-5.8,"y":7.35,"width":155,"height":114}}}},"animations":{"animation":{"bones":{"Layer 3":{"rotate":[{"time":0.3333,"angle":0,"curve":[0.25,0,0.75,1]},{"time":1,"angle":-50}],"translate":[{"time":0,"x":-118.32,"y":-79.17}],"scale":[{"time":0,"x":0,"y":0,"curve":"stepped"},{"time":0.3333,"x":0,"y":0,"curve":[0.25,0,0.75,1]},{"time":0.6667,"x":0.5,"y":0.5,"curve":[0.25,0,0.75,1]},{"time":1,"x":0,"y":0}]},"Layer 4":{"rotate":[{"time":0.6667,"angle":0,"curve":[0.25,0,0.75,1]},{"time":1.3333,"angle":-50}],"translate":[{"time":0,"x":-52.72,"y":-108.6}],"scale":[{"time":0,"x":0,"y":0,"curve":"stepped"},{"time":0.6667,"x":0,"y":0,"curve":[0.25,0,0.75,1]},{"time":1,"x":0.5,"y":0.5,"curve":[0.25,0,0.75,1]},{"time":1.3333,"x":0,"y":0}]},"Layer 5":{"rotate":[{"time":0.5,"angle":0,"curve":[0.25,0,0.75,1]},{"time":1.1667,"angle":-50}],"scale":[{"time":0,"x":0,"y":0,"curve":"stepped"},{"time":0.5,"x":0,"y":0,"curve":[0.25,0,0.75,1]},{"time":0.8333,"x":0.5,"y":0.5,"curve":[0.25,0,0.75,1]},{"time":1.1667,"x":0,"y":0}]},"Layer 6":{"rotate":[{"time":0,"angle":0,"curve":[0.25,0,0.75,1]},{"time":0.6667,"angle":-50}],"translate":[{"time":0,"x":-81.67,"y":27.89}],"scale":[{"time":0,"x":0,"y":0,"curve":[0.25,0,0.75,1]},{"time":0.3333,"x":0.5,"y":0.5,"curve":[0.25,0,0.75,1]},{"time":0.6667,"x":0,"y":0}]}}}}},"_atlasText":"\njackpot.png\nsize: 512,256\nformat: RGBA8888\nfilter: Linear,Linear\nrepeat: none\nLayer 2\n  rotate: false\n  xy: 2, 2\n  size: 180, 186\n  orig: 180, 186\n  offset: 0, 0\n  index: -1\nLayer 3\n  rotate: false\n  xy: 184, 74\n  size: 155, 114\n  orig: 155, 114\n  offset: 0, 0\n  index: -1\n","textures":[{"__uuid__":"d5+HHjH7ZPbrf2/8Lkwez4"}],"textureNames":["jackpot.png"]}