{"__type__":"dragonBones.DragonBonesAsset","_name":"huangjinchuitousha_shadow_ske","_dragonBonesJson":"{\"frameRate\":24,\"name\":\"huangjinchuitousha_shadow\",\"version\":\"5.5\",\"compatibleVersion\":\"5.5\",\"armature\":[{\"type\":\"Sheet\",\"frameRate\":24,\"name\":\"huangjinchuitousha_shadow\",\"aabb\":{\"x\":-488,\"y\":-333.5,\"width\":1020,\"height\":765},\"bone\":[{\"name\":\"root\"}],\"slot\":[{\"displayIndex\":5,\"name\":\"sheetSlot\",\"parent\":\"root\"}],\"skin\":[{\"slot\":[{\"name\":\"sheetSlot\",\"display\":[{\"name\":\"00000\",\"transform\":{\"x\":22,\"y\":49}},{\"name\":\"00001\",\"transform\":{\"x\":22,\"y\":49}},{\"name\":\"00002\",\"transform\":{\"x\":22,\"y\":49}},{\"name\":\"00003\",\"transform\":{\"x\":22,\"y\":49}},{\"name\":\"00004\",\"transform\":{\"x\":22,\"y\":49}},{\"name\":\"00005\",\"transform\":{\"x\":22,\"y\":49}},{\"name\":\"00006\",\"transform\":{\"x\":22,\"y\":49}},{\"name\":\"00007\",\"transform\":{\"x\":22,\"y\":49}},{\"name\":\"00008\",\"transform\":{\"x\":22,\"y\":49}},{\"name\":\"00009\",\"transform\":{\"x\":22,\"y\":49}},{\"name\":\"00010\",\"transform\":{\"x\":22,\"y\":49}},{\"name\":\"00011\",\"transform\":{\"x\":22,\"y\":49}},{\"name\":\"00012\",\"transform\":{\"x\":22,\"y\":49}},{\"name\":\"00013\",\"transform\":{\"x\":22,\"y\":49}}]}]}],\"animation\":[{\"duration\":14,\"playTimes\":0,\"name\":\"huangjinchuitousha_shadow\",\"slot\":[{\"name\":\"sheetSlot\",\"displayFrame\":[{},{\"value\":1},{\"value\":2},{\"value\":3},{\"value\":4},{\"value\":5},{\"value\":6},{\"value\":7},{\"value\":8},{\"value\":9},{\"value\":10},{\"value\":11},{\"value\":12},{\"value\":13}]}]}],\"defaultActions\":[{\"gotoAndPlay\":\"huangjinchuitousha_shadow\"}]}]}"}