{"__type__":"dragonBones.DragonBonesAtlasAsset","_name":"baolongwang_tex","_atlasJson":"{\"imagePath\":\"baolongwang_tex.png\",\"width\":1887,\"height\":1446,\"name\":\"baolongwang\",\"SubTexture\":[{\"frameX\":-379,\"y\":0,\"frameY\":-207,\"frameWidth\":1280,\"width\":617,\"frameHeight\":720,\"height\":275,\"name\":\"bailongwang_00008\",\"x\":1252},{\"frameX\":-378,\"y\":1247,\"frameY\":-282,\"frameWidth\":1280,\"width\":618,\"frameHeight\":720,\"height\":199,\"name\":\"bailongwang_00000\",\"x\":621},{\"frameX\":-376,\"y\":548,\"frameY\":-242,\"frameWidth\":1280,\"width\":627,\"frameHeight\":720,\"height\":253,\"name\":\"bailongwang_00005\",\"x\":0},{\"frameX\":-379,\"y\":1040,\"frameY\":-283,\"frameWidth\":1280,\"width\":621,\"frameHeight\":720,\"height\":208,\"name\":\"bailongwang_00001\",\"x\":0},{\"frameX\":-376,\"y\":1036,\"frameY\":-264,\"frameWidth\":1280,\"width\":623,\"frameHeight\":720,\"height\":211,\"name\":\"bailongwang_00014\",\"x\":630},{\"frameX\":-379,\"y\":0,\"frameY\":-222,\"frameWidth\":1280,\"width\":628,\"frameHeight\":720,\"height\":274,\"name\":\"bailongwang_00011\",\"x\":624},{\"frameX\":-377,\"y\":276,\"frameY\":-213,\"frameWidth\":1280,\"width\":618,\"frameHeight\":720,\"height\":272,\"name\":\"bailongwang_00007\",\"x\":0},{\"frameX\":-376,\"y\":536,\"frameY\":-225,\"frameWidth\":1280,\"width\":622,\"frameHeight\":720,\"height\":264,\"name\":\"bailongwang_00006\",\"x\":1244},{\"frameX\":-377,\"y\":801,\"frameY\":-257,\"frameWidth\":1280,\"width\":630,\"frameHeight\":720,\"height\":239,\"name\":\"bailongwang_00004\",\"x\":0},{\"frameX\":-376,\"y\":800,\"frameY\":-251,\"frameWidth\":1280,\"width\":628,\"frameHeight\":720,\"height\":236,\"name\":\"bailongwang_00013\",\"x\":630},{\"frameX\":-380,\"y\":274,\"frameY\":-207,\"frameWidth\":1280,\"width\":620,\"frameHeight\":720,\"height\":273,\"name\":\"bailongwang_00009\",\"x\":624},{\"frameX\":-378,\"y\":275,\"frameY\":-235,\"frameWidth\":1280,\"width\":630,\"frameHeight\":720,\"height\":261,\"name\":\"bailongwang_00012\",\"x\":1244},{\"frameX\":-378,\"y\":800,\"frameY\":-270,\"frameWidth\":1280,\"width\":629,\"frameHeight\":720,\"height\":229,\"name\":\"bailongwang_00003\",\"x\":1258},{\"frameX\":-380,\"y\":0,\"frameY\":-213,\"frameWidth\":1280,\"width\":624,\"frameHeight\":720,\"height\":276,\"name\":\"bailongwang_00010\",\"x\":0},{\"frameX\":-377,\"y\":1248,\"frameY\":-275,\"frameWidth\":1280,\"width\":618,\"frameHeight\":720,\"height\":194,\"name\":\"bailongwang_00015\",\"x\":0},{\"frameX\":-379,\"y\":1029,\"frameY\":-279,\"frameWidth\":1280,\"width\":626,\"frameHeight\":720,\"height\":219,\"name\":\"bailongwang_00002\",\"x\":1258}]}","_texture":{"__uuid__":"9aYDmo7PNDOZvpK+cnBuQm"},"texture":{"__uuid__":"9aYDmo7PNDOZvpK+cnBuQm"}}