[{"__type__":"cc.Prefab","_name":"eff_gold_bomb","data":{"__id__":1}},{"__type__":"cc.Node","_name":"eff_gold_bomb","_components":[{"__id__":2},{"__type__":"3a77aSDxt5CnLbD8ehMPfQo","node":{"__id__":1},"anim":{"__id__":2},"ef":"animation"}],"_prefab":{"__type__":"cc.PrefabInfo","root":{"__id__":1},"asset":{"__uuid__":"2bQ7TuHwxFIrHdR2Szolw0"},"fileId":"88CYJUFc5CH6u8NBG9qWm8"},"_trs":{"__type__":"TypedArray","ctor":"Float64Array","array":[0,0,0,0,0,0,1,1,1,1]}},{"__type__":"dragonBones.ArmatureDisplay","node":{"__id__":1},"_materials":[{"__uuid__":"ecpdLyjvZBwrvm+cedCcQy"}],"_armatureName":"kyby_eff_gold_bomb","_preCacheMode":0,"_armatureKey":"6bbab491-f7cc-4a6b-98fb-7a56779ece74#749bbb84-df4e-4035-bef9-60f096bcf066","_N$dragonAsset":{"__uuid__":"6burSR98xKa5j7elZ3ns50"},"_N$dragonAtlasAsset":{"__uuid__":"74m7uE305ANb75YPCWvPBm"}}]