{"__type__":"sp.SkeletonData","_name":"OTO_ANIM","_skeletonJson":{"skeleton":{"hash":"JdA/ipjfZc7zCBNSUYRZywUydh8","spine":"3.6.53","width":292,"height":221},"bones":[{"name":"root"},{"name":"CHU","parent":"root","length":55.93,"rotation":-1.76,"x":24.78,"y":-13.97},{"name":"lightcirrcle","parent":"root","length":34.88,"rotation":0.37,"x":0.03,"y":-0.4}],"slots":[{"name":"lightcirrcle","bone":"lightcirrcle","attachment":"lightcirrcle"},{"name":"OTO","bone":"root","attachment":"OTO"},{"name":"CHU","bone":"CHU","attachment":"CHU"}],"skins":{"default":{"CHU":{"CHU":{"x":-1.48,"y":-1.02,"rotation":1.76,"width":193,"height":65}},"OTO":{"OTO":{"x":-10.23,"y":-1.94,"width":292,"height":221}},"lightcirrcle":{"lightcirrcle":{"x":-0.12,"y":0.75,"rotation":-0.37,"width":248,"height":213}}}},"animations":{"animation":{"bones":{"lightcirrcle":{"rotate":[{"time":0,"angle":0},{"time":1,"angle":179.63},{"time":1.5,"angle":-90.37},{"time":2,"angle":-0.37}],"translate":[{"time":0,"x":0,"y":0,"curve":"stepped"},{"time":2,"x":0,"y":0}],"scale":[{"time":0,"x":1,"y":1,"curve":"stepped"},{"time":2,"x":1,"y":1}]},"CHU":{"scale":[{"time":0,"x":1,"y":1},{"time":0.3333,"x":1.1,"y":1.1},{"time":0.6667,"x":1,"y":1},{"time":1,"x":1.1,"y":1.1},{"time":1.3333,"x":1,"y":1},{"time":1.6667,"x":1.1,"y":1.1},{"time":2,"x":1,"y":1}]}}}}},"_atlasText":"\r\nOTO_ANIM.png\r\nsize: 1024,256\r\nformat: RGBA8888\r\nfilter: Linear,Linear\r\nrepeat: none\r\nCHU\r\n  rotate: false\r\n  xy: 546, 158\r\n  size: 193, 65\r\n  orig: 193, 65\r\n  offset: 0, 0\r\n  index: -1\r\nOTO\r\n  rotate: false\r\n  xy: 2, 2\r\n  size: 292, 221\r\n  orig: 292, 221\r\n  offset: 0, 0\r\n  index: -1\r\nlightcirrcle\r\n  rotate: false\r\n  xy: 296, 10\r\n  size: 248, 213\r\n  orig: 248, 213\r\n  offset: 0, 0\r\n  index: -1\r\n","textures":[{"__uuid__":"c5txJjDKFBQ7BGPij0YGC6"}],"textureNames":["OTO_ANIM.png"]}