[{"__type__":"cc.Prefab","_name":"eff_bomb","data":{"__id__":1}},{"__type__":"cc.Node","_name":"eff_bomb","_components":[{"__id__":2},{"__type__":"3a77aSDxt5CnLbD8ehMPfQo","node":{"__id__":1},"anim":{"__id__":2},"ef":"animation"}],"_prefab":{"__type__":"cc.PrefabInfo","root":{"__id__":1},"asset":{"__uuid__":"5bH4CSAadMM4itzo7lrjlH"},"fileId":"88CYJUFc5CH6u8NBG9qWm8"},"_trs":{"__type__":"TypedArray","ctor":"Float64Array","array":[0,0,0,0,0,0,1,1,1,1]}},{"__type__":"dragonBones.ArmatureDisplay","node":{"__id__":1},"_materials":[{"__uuid__":"ecpdLyjvZBwrvm+cedCcQy"}],"_armatureName":"kyby_eff_bomb","_preCacheMode":0,"_armatureKey":"9e29e7b7-2f0f-44d1-83c3-f0bfec747e40#33fec37b-3874-49d7-8272-4e1ebfbde0a8","_N$dragonAsset":{"__uuid__":"9eKee3Lw9E0YPD8L/sdH5A"},"_N$dragonAtlasAsset":{"__uuid__":"33/sN7OHRJ14JyTh6/veCo"}}]