{"__type__":"dragonBones.DragonBonesAsset","_name":"douxia_ske","_dragonBonesJson":"{\"frameRate\":24,\"name\":\"douxia\",\"version\":\"5.5\",\"compatibleVersion\":\"5.5\",\"armature\":[{\"type\":\"Sheet\",\"frameRate\":24,\"name\":\"douxia\",\"aabb\":{\"x\":-564,\"y\":-370.5,\"width\":1020,\"height\":765},\"bone\":[{\"name\":\"root\"}],\"slot\":[{\"displayIndex\":6,\"name\":\"sheetSlot\",\"parent\":\"root\"}],\"skin\":[{\"slot\":[{\"name\":\"sheetSlot\",\"display\":[{\"name\":\"kyby_dx_01\",\"transform\":{\"x\":-54,\"y\":12}},{\"name\":\"kyby_dx_02\",\"transform\":{\"x\":-54,\"y\":12}},{\"name\":\"kyby_dx_03\",\"transform\":{\"x\":-54,\"y\":12}},{\"name\":\"kyby_dx_04\",\"transform\":{\"x\":-54,\"y\":12}},{\"name\":\"kyby_dx_05\",\"transform\":{\"x\":-54,\"y\":12}},{\"name\":\"kyby_dx_06\",\"transform\":{\"x\":-54,\"y\":12}},{\"name\":\"kyby_dx_07\",\"transform\":{\"x\":-54,\"y\":12}},{\"name\":\"kyby_dx_08\",\"transform\":{\"x\":-54,\"y\":12}},{\"name\":\"kyby_dx_09\",\"transform\":{\"x\":-54,\"y\":12}},{\"name\":\"kyby_dx_10\",\"transform\":{\"x\":-54,\"y\":12}}]}]}],\"animation\":[{\"duration\":10,\"playTimes\":0,\"name\":\"douxia\",\"slot\":[{\"name\":\"sheetSlot\",\"displayFrame\":[{},{\"value\":1},{\"value\":2},{\"value\":3},{\"value\":4},{\"value\":5},{\"value\":6},{\"value\":7},{\"value\":8},{\"value\":9}]}]}],\"defaultActions\":[{\"gotoAndPlay\":\"douxia\"}]}]}"}