{"__type__":"dragonBones.DragonBonesAtlasAsset","_name":"kyby_yinbi_tex","_atlasJson":"{\"width\":256,\"SubTexture\":[{\"width\":59,\"y\":1,\"height\":68,\"name\":\"kyby_common_ag_5\",\"x\":1},{\"frameWidth\":59,\"y\":1,\"frameHeight\":68,\"frameY\":-1,\"width\":23,\"frameX\":-18,\"height\":67,\"name\":\"kyby_common_ag_2\",\"x\":133},{\"frameWidth\":59,\"y\":1,\"frameHeight\":68,\"frameY\":0,\"width\":44,\"frameX\":-7,\"height\":68,\"name\":\"kyby_common_ag_4\",\"x\":62},{\"frameWidth\":59,\"y\":1,\"frameHeight\":68,\"frameY\":-1,\"width\":23,\"frameX\":-17,\"height\":67,\"name\":\"kyby_common_ag_3\",\"x\":108}],\"imagePath\":\"kyby_yinbi_tex.png\",\"name\":\"kyby_yinbi\",\"height\":128}","_texture":{"__uuid__":"17Dr7rWXtLTIEVaLM+Xro4"},"texture":{"__uuid__":"17Dr7rWXtLTIEVaLM+Xro4"}}