[[{"__type__":"cc.Prefab","_name":"x60","data":{"__id__":1}},{"__type__":"cc.Node","_name":"x60","_children":[{"__id__":2},{"__id__":4},{"__id__":6},{"__id__":7},{"__id__":8},{"__id__":9}],"_components":[{"__type__":"655c6/MZdJNZo/YxgAvEk8A","node":{"__id__":1},"fish":{"__id__":5},"shadow":{"__id__":3},"collider":{"__id__":10},"anim":{"__id__":11},"head":{"__id__":6},"end":{"__id__":7},"suoMe":{"__id__":9},"suoOther":{"__id__":8}},{"__id__":11},{"__id__":10}],"_prefab":{"__type__":"cc.PrefabInfo","root":{"__id__":1},"asset":{"__uuid__":"025QluBixJ97HqlTw8mxQI"},"fileId":"32QBFuMuNDy45WCkPs9Bfb"},"_trs":{"__type__":"TypedArray","ctor":"Float64Array","array":[854.005,236.786,0,0,0,0,1,1,1,1]},"_groupIndex":6,"groupIndex":6},{"__type__":"cc.Node","_name":"shadow","_parent":{"__id__":1},"_components":[{"__id__":3}],"_prefab":{"__type__":"cc.PrefabInfo","root":{"__id__":1},"asset":{"__uuid__":"025QluBixJ97HqlTw8mxQI"},"fileId":"4bcdFnurJLBo4QIu+1q0vo"},"_trs":{"__type__":"TypedArray","ctor":"Float64Array","array":[0,0,0,0,0,0,1,1,1,1]},"_groupIndex":6,"groupIndex":6},{"__type__":"dragonBones.ArmatureDisplay","node":{"__id__":2},"_materials":[{"__uuid__":"ecpdLyjvZBwrvm+cedCcQy"}],"_armatureName":"huangjinchuitousha_shadow","_preCacheMode":0,"_armatureKey":"86480bea-8ddd-4ace-8837-960ed5d6899f#118dfaa7-1615-4b17-b11d-95a76c7c3cbd","_N$dragonAsset":{"__uuid__":"86SAvqjd1Kzog3lg7V1omf"},"_N$dragonAtlasAsset":{"__uuid__":"11jfqnFhVLF7EdladsfDy9"},"_N$timeScale":0.5},{"__type__":"cc.Node","_name":"fish","_parent":{"__id__":1},"_components":[{"__id__":5}],"_prefab":{"__type__":"cc.PrefabInfo","root":{"__id__":1},"asset":{"__uuid__":"025QluBixJ97HqlTw8mxQI"},"fileId":"bf07Q43yFOzYQ2Ce0/ldoH"},"_trs":{"__type__":"TypedArray","ctor":"Float64Array","array":[0,0,0,0,0,0,1,1,1,1]}},{"__type__":"dragonBones.ArmatureDisplay","node":{"__id__":4},"_materials":[{"__uuid__":"ecpdLyjvZBwrvm+cedCcQy"}],"_armatureName":"huangjinchuitousha","_animationName":"huangjinchuitousha","_preCacheMode":0,"_armatureKey":"a763d2ff-8545-4ad2-a83d-cb05b186a699#34a1f0c6-6922-45f3-8a40-5ac9a5e8be8b","_N$dragonAsset":{"__uuid__":"a7Y9L/hUVK0qg9ywWxhqaZ"},"_N$dragonAtlasAsset":{"__uuid__":"34ofDGaSJF84pAWsml6L6L"},"_N$timeScale":0.5},{"__type__":"cc.Node","_name":"head","_parent":{"__id__":1},"_prefab":{"__type__":"cc.PrefabInfo","root":{"__id__":1},"asset":{"__uuid__":"025QluBixJ97HqlTw8mxQI"},"fileId":"d3oNLtzXNMp7A7fMSjfOJd"},"_trs":{"__type__":"TypedArray","ctor":"Float64Array","array":[-126.766,10.49,0,0,0,0,1,1,1,1]}},{"__type__":"cc.Node","_name":"end","_parent":{"__id__":1},"_prefab":{"__type__":"cc.PrefabInfo","root":{"__id__":1},"asset":{"__uuid__":"025QluBixJ97HqlTw8mxQI"},"fileId":"e7g+sp5qZBuqBPYKjdeig/"},"_trs":{"__type__":"TypedArray","ctor":"Float64Array","array":[65.595,-2.274,0,0,0,0,1,1,1,1]}},{"__type__":"cc.Node","_name":"fish_suoding_other","_parent":{"__id__":1},"_active":false,"_components":[{"__type__":"cc.Sprite","node":{"__id__":8},"_materials":[{"__uuid__":"ecpdLyjvZBwrvm+cedCcQy"}],"_spriteFrame":{"__uuid__":"d6GNvieS9K8pqo+oyuZNkc"}},{"__type__":"cc.Animation","node":{"__id__":8},"_defaultClip":{"__uuid__":"41C/GXlRNOjLlgy6YN7juw"},"_clips":[{"__uuid__":"41C/GXlRNOjLlgy6YN7juw"}],"playOnLoad":true}],"_prefab":{"__type__":"cc.PrefabInfo","root":{"__id__":1},"asset":{"__uuid__":"025QluBixJ97HqlTw8mxQI"},"fileId":"510wGk9h9GprXsHKqZXnzq"},"_opacity":97,"_contentSize":{"__type__":"cc.Size","width":169,"height":169},"_trs":{"__type__":"TypedArray","ctor":"Float64Array","array":[0,10.355,0,0,0,0,1,0.85,0.85,1]}},{"__type__":"cc.Node","_name":"fish_suoding_me","_parent":{"__id__":1},"_active":false,"_components":[{"__type__":"cc.Sprite","node":{"__id__":9},"_materials":[{"__uuid__":"ecpdLyjvZBwrvm+cedCcQy"}],"_spriteFrame":{"__uuid__":"d6GNvieS9K8pqo+oyuZNkc"}},{"__type__":"cc.Animation","node":{"__id__":9},"_defaultClip":{"__uuid__":"41C/GXlRNOjLlgy6YN7juw"},"_clips":[{"__uuid__":"41C/GXlRNOjLlgy6YN7juw"}],"playOnLoad":true}],"_prefab":{"__type__":"cc.PrefabInfo","root":{"__id__":1},"asset":{"__uuid__":"025QluBixJ97HqlTw8mxQI"},"fileId":"d3G/0xtQxGTrC6ggFzidrZ"},"_contentSize":{"__type__":"cc.Size","width":169,"height":169},"_trs":{"__type__":"TypedArray","ctor":"Float64Array","array":[0,10.355,0,0,0,0,1,1,1,1]}},{"__type__":"cc.PolygonCollider","node":{"__id__":1},"points":[{"__type__":"cc.Vec2","x":127.2,"y":-35.4},{"__type__":"cc.Vec2","x":100.3,"y":-3.2},{"__type__":"cc.Vec2","x":130,"y":28},{"__type__":"cc.Vec2","x":77.8,"y":11.4},{"__type__":"cc.Vec2","x":-4,"y":58.6},{"__type__":"cc.Vec2","x":-45.6,"y":45.7},{"__type__":"cc.Vec2","x":-82,"y":78.6},{"__type__":"cc.Vec2","x":-104.2,"y":33.7},{"__type__":"cc.Vec2","x":-144.3,"y":14.1},{"__type__":"cc.Vec2","x":-78.5,"y":-44.1},{"__type__":"cc.Vec2","x":-43.1,"y":-35.4},{"__type__":"cc.Vec2","x":15.1,"y":-81.2},{"__type__":"cc.Vec2","x":-1,"y":-33.1},{"__type__":"cc.Vec2","x":42.7,"y":-17},{"__type__":"cc.Vec2","x":72.8,"y":-34.8},{"__type__":"cc.Vec2","x":69.2,"y":-13.4}]},{"__type__":"cc.Animation","node":{"__id__":1},"_clips":[{"__uuid__":"c6J8ymCIdFnL9UK1jbFsIL"},{"__uuid__":"51mL5E4pFP2KnUGMHQsDKH"},{"__uuid__":"fawqhgzOxEdr2wJiPcTYyN"},{"__uuid__":"33Yf9zNBtKfICK8OikKDfA"},{"__uuid__":"51vkU9riJL74YeEv0qYDsk"},{"__uuid__":"a8CTjqfLVFxK+3/iOv1tUo"},{"__uuid__":"c41PkwCIRGVLai1DAZMuot"},{"__uuid__":"afyOX8EztNaa/vKwuISjOD"},{"__uuid__":"ceNICdEoFAOqldI08ZfYdu"},{"__uuid__":"5ezAa12uJBQ6lBSmcQOAMD"},{"__uuid__":"b0eAA/nKVPaLA+1a/Mz9mh"},{"__uuid__":"58A4k2kFxLbrKib7KBBX2R"},{"__uuid__":"657yjD6EtGx5qJnfHwSt/0"},{"__uuid__":"c7iBZHsnpCjKcCqieueeR7"}]}],{"__type__":"cc.SpriteFrame","content":{"name":"fish_game_pic_suoding1","texture":"bclyb1CdFAXZK7vE6k7C0V","rect":[0,0,169,169],"offset":[-0.5,0.5],"originalSize":[170,170],"capInsets":[0,0,0,0]}}]