[[{"__type__":"cc.Prefab","_name":"x2_1","data":{"__id__":1}},{"__type__":"cc.Node","_name":"x2_1","_children":[{"__id__":2},{"__id__":4},{"__id__":6},{"__id__":7},{"__id__":8},{"__id__":9}],"_components":[{"__type__":"655c6/MZdJNZo/YxgAvEk8A","node":{"__id__":1},"fish":{"__id__":5},"shadow":{"__id__":3},"collider":{"__id__":10},"anim":{"__id__":11},"head":{"__id__":6},"end":{"__id__":7},"suoMe":{"__id__":9},"suoOther":{"__id__":8}},{"__id__":11},{"__id__":10}],"_prefab":{"__type__":"cc.PrefabInfo","root":{"__id__":1},"asset":{"__uuid__":"a77EaeeUtNtK+dr0ZpRl7u"},"fileId":"afs0m9025MAJyD7Q3W864o"},"_trs":{"__type__":"TypedArray","ctor":"Float64Array","array":[0,0,0,0,0,0,1,1,1,1]},"_groupIndex":6,"groupIndex":6},{"__type__":"cc.Node","_name":"shadow","_parent":{"__id__":1},"_components":[{"__id__":3}],"_prefab":{"__type__":"cc.PrefabInfo","root":{"__id__":1},"asset":{"__uuid__":"a77EaeeUtNtK+dr0ZpRl7u"},"fileId":"57BDC3DRxMAqqfRPm6foSA"},"_trs":{"__type__":"TypedArray","ctor":"Float64Array","array":[-10,-10,0,0,0,0,1,1,1,1]},"_groupIndex":6,"groupIndex":6},{"__type__":"dragonBones.ArmatureDisplay","node":{"__id__":2},"_materials":[{"__uuid__":"ecpdLyjvZBwrvm+cedCcQy"}],"_armatureName":"duobaoyu_shadow","_animationName":"duobaoyu_shadow","_preCacheMode":0,"_armatureKey":"b5057213-7315-46b2-84f4-53e8f8687b56#ccf8b103-4036-4085-bfcf-da539aa9c2ee","_N$dragonAsset":{"__uuid__":"b5BXITcxVGsoT0U+j4aHtW"},"_N$dragonAtlasAsset":{"__uuid__":"cc+LEDQDZAhb/P2lOaqcLu"},"_N$timeScale":0.5},{"__type__":"cc.Node","_name":"fish","_parent":{"__id__":1},"_components":[{"__id__":5}],"_prefab":{"__type__":"cc.PrefabInfo","root":{"__id__":1},"asset":{"__uuid__":"a77EaeeUtNtK+dr0ZpRl7u"},"fileId":"21Q4RXmWJOCbVr15d11BW/"},"_trs":{"__type__":"TypedArray","ctor":"Float64Array","array":[0,0,0,0,0,0,1,1,1,1]}},{"__type__":"dragonBones.ArmatureDisplay","node":{"__id__":4},"_materials":[{"__uuid__":"ecpdLyjvZBwrvm+cedCcQy"}],"_armatureName":"duobaoyu","_animationName":"duobaoyu","_preCacheMode":0,"_armatureKey":"aa5e3541-9da4-46f6-9bf7-d62b11a9e447#9ffff914-92d2-4c9b-8d52-e6b4ae34bcbf","_N$dragonAsset":{"__uuid__":"aaXjVBnaRG9pv31isRqeRH"},"_N$dragonAtlasAsset":{"__uuid__":"9f//kUktJMm41S5rSuNLy/"},"_N$timeScale":0.5},{"__type__":"cc.Node","_name":"head","_parent":{"__id__":1},"_prefab":{"__type__":"cc.PrefabInfo","root":{"__id__":1},"asset":{"__uuid__":"a77EaeeUtNtK+dr0ZpRl7u"},"fileId":"9b4ZS0lYJP4IdpUNDR7LJK"},"_trs":{"__type__":"TypedArray","ctor":"Float64Array","array":[-39.948,-8.548,0,0,0,0,1,1,1,1]}},{"__type__":"cc.Node","_name":"end","_parent":{"__id__":1},"_prefab":{"__type__":"cc.PrefabInfo","root":{"__id__":1},"asset":{"__uuid__":"a77EaeeUtNtK+dr0ZpRl7u"},"fileId":"4dNlmGDpVMLIRV5cBjUMQ1"},"_trs":{"__type__":"TypedArray","ctor":"Float64Array","array":[-28.752,-9.114,0,0,0,0,1,1,1,1]}},{"__type__":"cc.Node","_name":"fish_suoding_other","_parent":{"__id__":1},"_active":false,"_components":[{"__type__":"cc.Sprite","node":{"__id__":8},"_materials":[{"__uuid__":"ecpdLyjvZBwrvm+cedCcQy"}],"_spriteFrame":{"__uuid__":"d6GNvieS9K8pqo+oyuZNkc"}},{"__type__":"cc.Animation","node":{"__id__":8},"_defaultClip":{"__uuid__":"41C/GXlRNOjLlgy6YN7juw"},"_clips":[{"__uuid__":"41C/GXlRNOjLlgy6YN7juw"}],"playOnLoad":true}],"_prefab":{"__type__":"cc.PrefabInfo","root":{"__id__":1},"asset":{"__uuid__":"a77EaeeUtNtK+dr0ZpRl7u"},"fileId":"f9BbeKQ9ZGUq8QwWSlzswl"},"_opacity":97,"_contentSize":{"__type__":"cc.Size","width":169,"height":169},"_trs":{"__type__":"TypedArray","ctor":"Float64Array","array":[0,0,0,0,0,0,1,0.85,0.85,1]}},{"__type__":"cc.Node","_name":"fish_suoding_me","_parent":{"__id__":1},"_active":false,"_components":[{"__type__":"cc.Sprite","node":{"__id__":9},"_materials":[{"__uuid__":"ecpdLyjvZBwrvm+cedCcQy"}],"_spriteFrame":{"__uuid__":"d6GNvieS9K8pqo+oyuZNkc"}},{"__type__":"cc.Animation","node":{"__id__":9},"_defaultClip":{"__uuid__":"41C/GXlRNOjLlgy6YN7juw"},"_clips":[{"__uuid__":"41C/GXlRNOjLlgy6YN7juw"}],"playOnLoad":true}],"_prefab":{"__type__":"cc.PrefabInfo","root":{"__id__":1},"asset":{"__uuid__":"a77EaeeUtNtK+dr0ZpRl7u"},"fileId":"26oGhhsXFL/4W9P21wM4sU"},"_contentSize":{"__type__":"cc.Size","width":169,"height":169},"_trs":{"__type__":"TypedArray","ctor":"Float64Array","array":[0,0,0,0,0,0,1,1,1,1]}},{"__type__":"cc.PolygonCollider","node":{"__id__":1},"_offset":{"__type__":"cc.Vec2","x":-3.8,"y":-10.1},"points":[{"__type__":"cc.Vec2","x":-28,"y":-15.5},{"__type__":"cc.Vec2","x":0.7,"y":-32.2},{"__type__":"cc.Vec2","x":47.9,"y":10.3},{"__type__":"cc.Vec2","x":10.8,"y":37.3},{"__type__":"cc.Vec2","x":-20.4,"y":28.8},{"__type__":"cc.Vec2","x":-35.1,"y":1.1}]},{"__type__":"cc.Animation","node":{"__id__":1},"_clips":[{"__uuid__":"7ecOl/aR9GMZpKcYUobw5q"},{"__uuid__":"981VTp9DxNjJNOuIvuy1HZ"},{"__uuid__":"01268lZ6dKjZmRNURYeLAd"},{"__uuid__":"01tHtOGzRIjLYFu/8/fOau"},{"__uuid__":"a85gR156lKl59mApzep+iA"},{"__uuid__":"f18n8qFHBMe6apvCXI/r2H"},{"__uuid__":"90R3Cx8yBMSaQlAufFlsxp"},{"__uuid__":"61o+b3yjRE16jFgvZN+46j"},{"__uuid__":"52lOT7JDFH6KAPGu3sDdM+"},{"__uuid__":"f7uKMNlAtLc7VSSTyTmKJY"},{"__uuid__":"66YO788Y9GOLvFif/9ux1p"},{"__uuid__":"5fby+H6NJN9Lmu6ang4vCz"},{"__uuid__":"7dsrxLkMxAbr+9a64xKwCF"},{"__uuid__":"f25rTbcK5FP7HMsfYmh5wH"}]}],{"__type__":"cc.SpriteFrame","content":{"name":"fish_game_pic_suoding1","texture":"bclyb1CdFAXZK7vE6k7C0V","rect":[0,0,169,169],"offset":[-0.5,0.5],"originalSize":[170,170],"capInsets":[0,0,0,0]}}]