{"__type__":"dragonBones.DragonBonesAtlasAsset","_name":"haigui_tex","_atlasJson":"{\"width\":512,\"imagePath\":\"haigui_tex.png\",\"height\":1024,\"name\":\"haigui\",\"SubTexture\":[{\"y\":1,\"frameX\":-439,\"frameHeight\":765,\"frameY\":-331,\"width\":155,\"frameWidth\":1020,\"height\":137,\"name\":\"kyby_hg_02\",\"x\":160},{\"y\":494,\"frameX\":-439,\"frameHeight\":765,\"frameY\":-356,\"width\":158,\"frameWidth\":1020,\"height\":95,\"name\":\"kyby_hg_09\",\"x\":316},{\"y\":281,\"frameX\":-436,\"frameHeight\":765,\"frameY\":-355,\"width\":157,\"frameWidth\":1020,\"height\":98,\"name\":\"kyby_hg_13\",\"x\":156},{\"y\":281,\"frameX\":-436,\"frameHeight\":765,\"frameY\":-326,\"width\":153,\"frameWidth\":1020,\"height\":120,\"name\":\"kyby_hg_04\",\"x\":1},{\"y\":157,\"frameX\":-441,\"frameHeight\":765,\"frameY\":-345,\"width\":160,\"frameWidth\":1020,\"height\":122,\"name\":\"kyby_hg_07\",\"x\":1},{\"y\":133,\"frameX\":-438,\"frameHeight\":765,\"frameY\":-346,\"width\":157,\"frameWidth\":1020,\"height\":125,\"name\":\"kyby_hg_15\",\"x\":317},{\"y\":599,\"frameX\":-438,\"frameHeight\":765,\"frameY\":-356,\"width\":157,\"frameWidth\":1020,\"height\":93,\"name\":\"kyby_hg_10\",\"x\":1},{\"y\":392,\"frameX\":-436,\"frameHeight\":765,\"frameY\":-354,\"width\":158,\"frameWidth\":1020,\"height\":109,\"name\":\"kyby_hg_14\",\"x\":156},{\"y\":260,\"frameX\":-441,\"frameHeight\":765,\"frameY\":-323,\"width\":150,\"frameWidth\":1020,\"height\":130,\"name\":\"kyby_hg_03\",\"x\":315},{\"y\":503,\"frameX\":-436,\"frameHeight\":765,\"frameY\":-355,\"width\":157,\"frameWidth\":1020,\"height\":94,\"name\":\"kyby_hg_12\",\"x\":1},{\"y\":140,\"frameX\":-442,\"frameHeight\":765,\"frameY\":-323,\"width\":150,\"frameWidth\":1020,\"height\":130,\"name\":\"kyby_hg_05\",\"x\":163},{\"y\":1,\"frameX\":-438,\"frameHeight\":765,\"frameY\":-343,\"width\":157,\"frameWidth\":1020,\"height\":130,\"name\":\"kyby_hg_01\",\"x\":317},{\"y\":1,\"frameX\":-441,\"frameHeight\":765,\"frameY\":-321,\"width\":157,\"frameWidth\":1020,\"height\":154,\"name\":\"kyby_hg_06\",\"x\":1},{\"y\":591,\"frameX\":-437,\"frameHeight\":765,\"frameY\":-355,\"width\":157,\"frameWidth\":1020,\"height\":93,\"name\":\"kyby_hg_11\",\"x\":160},{\"y\":392,\"frameX\":-440,\"frameHeight\":765,\"frameY\":-356,\"width\":159,\"frameWidth\":1020,\"height\":100,\"name\":\"kyby_hg_08\",\"x\":316}]}","_texture":{"__uuid__":"014XBcdZ5P2Jc0SY0t/Pzi"},"texture":{"__uuid__":"014XBcdZ5P2Jc0SY0t/Pzi"}}