[{"__type__":"cc.SpriteFrame","content":{"name":"button.6","texture":"b6Y08e8mJFDq2NpliaAAvY","rect":[1,453,220,65],"offset":[0,0],"originalSize":[220,65],"capInsets":[0,0,0,0]}},{"__type__":"cc.SpriteFrame","content":{"name":"button.fb","texture":"b6Y08e8mJFDq2NpliaAAvY","rect":[162,587,68,73],"offset":[0,0],"originalSize":[68,73],"rotated":1,"capInsets":[0,0,0,0]}},{"__type__":"cc.SpriteFrame","content":{"name":"button.3","texture":"b6Y08e8mJFDq2NpliaAAvY","rect":[1,234,244,72],"offset":[0,0],"originalSize":[244,72],"capInsets":[0,0,0,0]}},{"__type__":"cc.SpriteFrame","content":{"name":"button.4","texture":"b6Y08e8mJFDq2NpliaAAvY","rect":[1,520,219,65],"offset":[0,0],"originalSize":[219,65],"capInsets":[0,0,0,0]}},{"__type__":"cc.SpriteFrame","content":{"name":"button.gitcode","texture":"b6Y08e8mJFDq2NpliaAAvY","rect":[56,587,104,102],"offset":[0,0],"originalSize":[104,102],"capInsets":[0,0,0,0]}},{"__type__":"cc.SpriteFrame","content":{"name":"button.shop","texture":"b6Y08e8mJFDq2NpliaAAvY","rect":[155,721,58,62],"offset":[0,0],"originalSize":[58,62],"capInsets":[0,0,0,0]}},{"__type__":"cc.SpriteFrame","content":{"name":"button.setting","texture":"b6Y08e8mJFDq2NpliaAAvY","rect":[162,657,62,62],"offset":[0,0],"originalSize":[62,62],"capInsets":[0,0,0,0]}},{"__type__":"cc.SpriteFrame","content":{"name":"button.subLeft","texture":"b6Y08e8mJFDq2NpliaAAvY","rect":[1,587,249,53],"offset":[0,0],"originalSize":[249,53],"rotated":1,"capInsets":[0,0,0,0]}},{"__type__":"cc.SpriteFrame","content":{"name":"button.2","texture":"b6Y08e8mJFDq2NpliaAAvY","rect":[1,160,244,72],"offset":[0,0],"originalSize":[244,72],"capInsets":[0,0,0,0]}},{"__type__":"cc.SpriteFrame","content":{"name":"button.5","texture":"b6Y08e8mJFDq2NpliaAAvY","rect":[1,386,220,65],"offset":[0,0],"originalSize":[220,65],"capInsets":[0,0,0,0]}},{"__type__":"cc.SpriteAtlas","_name":"button.plist","_spriteFrames":{"button.2":{"__uuid__":"51v7LFxPpFlor0a/sMvUxz"},"button.3":{"__uuid__":"17TDOt4wtFrLa07K0HCFGS"},"button.4":{"__uuid__":"20GQa5o1RCgL5IpJumvY9r"},"button.5":{"__uuid__":"7bgj8aaIJBM6xOFAtf6doQ"},"button.6":{"__uuid__":"13gs540UpPI53va/9RJmhQ"},"button.fanpage":{"__uuid__":"88oNKAR99EsqGB4t+aqvGv"},"button.fb":{"__uuid__":"16JBZtj9hLsoD281MzVSDt"},"button.gitcode":{"__uuid__":"22JbSn7OxMH6NzoEfSBnda"},"button.message":{"__uuid__":"85PJnRww9Di7Jr6Ww6gxkt"},"button.setting":{"__uuid__":"35AQjrfxxEVKJ52obnUA3k"},"button.shop":{"__uuid__":"2fE3cfiZRI0J0MeL9ow9KX"},"button.sub":{"__uuid__":"df3BgGzoNOGIe6bxmlLkqh"},"button.subActive":{"__uuid__":"9eaLwwIBRIMJ3EpzCvXeIq"},"button.subActiveLeft":{"__uuid__":"d7nB6ywCtA2JXKoQztlAZe"},"button.subLeft":{"__uuid__":"3ejpxfL65IJ6oymyS1ddYb"},"button.un":{"__uuid__":"c6NiXmTk1GrprOxo+ZDrji"},"close":{"__uuid__":"f9TFEKU/RJe7NEdwTpPOSG"},"mui_ten":{"__uuid__":"9ajhR5OzZBIq0nQZE3z1an"},"plus":{"__uuid__":"b1oUUZxH5C27d6XNTyUfLI"}}},{"__type__":"cc.SpriteFrame","content":{"name":"button.message","texture":"b6Y08e8mJFDq2NpliaAAvY","rect":[108,789,62,52],"offset":[0,0],"originalSize":[62,52],"capInsets":[0,0,0,0]}},{"__type__":"cc.SpriteFrame","content":{"name":"button.fanpage","texture":"b6Y08e8mJFDq2NpliaAAvY","rect":[56,691,97,96],"offset":[0,0],"originalSize":[97,96],"capInsets":[0,0,0,0]}},{"__type__":"cc.SpriteFrame","content":{"name":"mui_ten","texture":"b6Y08e8mJFDq2NpliaAAvY","rect":[215,721,27,41],"offset":[0,0],"originalSize":[27,41],"capInsets":[0,0,0,0]}},{"__type__":"cc.SpriteFrame","content":{"name":"button.subActive","texture":"b6Y08e8mJFDq2NpliaAAvY","rect":[1,108,245,50],"offset":[0,0],"originalSize":[245,50],"capInsets":[0,0,0,0]}},{"__type__":"cc.SpriteFrame","content":{"name":"plus","texture":"b6Y08e8mJFDq2NpliaAAvY","rect":[56,789,50,52],"offset":[0,0],"originalSize":[50,52],"capInsets":[0,0,0,0]}},{"__type__":"cc.SpriteFrame","content":{"name":"button.un","texture":"b6Y08e8mJFDq2NpliaAAvY","rect":[1,308,229,76],"offset":[0,0],"originalSize":[229,76],"capInsets":[0,0,0,0]}},{"__type__":"cc.SpriteFrame","content":{"name":"button.subActiveLeft","texture":"b6Y08e8mJFDq2NpliaAAvY","rect":[1,1,247,52],"offset":[0,0],"originalSize":[247,52],"capInsets":[0,0,0,0]}},{"__type__":"cc.SpriteFrame","content":{"name":"button.sub","texture":"b6Y08e8mJFDq2NpliaAAvY","rect":[1,55,245,51],"offset":[0,0],"originalSize":[245,51],"capInsets":[0,0,0,0]}},{"__type__":"cc.SpriteFrame","content":{"name":"close","texture":"b6Y08e8mJFDq2NpliaAAvY","rect":[172,785,59,59],"offset":[0,0],"originalSize":[59,59],"capInsets":[0,0,0,0]}}]