[{"__type__":"cc.SpriteFrame","content":{"name":"font_time_tai-xiu","texture":"4cm4sl7HRAn7vH70iPRqYR","rect":[2,2,65,273],"offset":[0,0],"originalSize":[69,277],"capInsets":[0,0,0,0]}},{"__type__":"cc.BitmapFont","_name":"font_time_tai-xiu","spriteFrame":{"__uuid__":"05UGAD0xtLoKp8kJWG7wtG"},"fontSize":60,"_fntConfig":{"commonHeight":70,"fontSize":60,"atlasName":"font_time_tai-xiu.png","fontDefDictionary":{"32":{"rect":{"x":0,"y":0,"width":0,"height":0},"xOffset":4,"yOffset":11,"xAdvance":15},"48":{"rect":{"x":2,"y":2,"width":29,"height":44},"xOffset":3,"yOffset":0,"xAdvance":34},"49":{"rect":{"x":2,"y":48,"width":19,"height":43},"xOffset":5,"yOffset":1,"xAdvance":34},"50":{"rect":{"x":2,"y":93,"width":30,"height":44},"xOffset":2,"yOffset":0,"xAdvance":34},"51":{"rect":{"x":33,"y":2,"width":30,"height":44},"xOffset":2,"yOffset":0,"xAdvance":34},"52":{"rect":{"x":23,"y":48,"width":32,"height":43},"xOffset":2,"yOffset":1,"xAdvance":34},"53":{"rect":{"x":2,"y":139,"width":29,"height":44},"xOffset":3,"yOffset":1,"xAdvance":34},"54":{"rect":{"x":2,"y":185,"width":30,"height":44},"xOffset":3,"yOffset":0,"xAdvance":34},"55":{"rect":{"x":33,"y":139,"width":30,"height":43},"xOffset":2,"yOffset":1,"xAdvance":34},"56":{"rect":{"x":34,"y":93,"width":29,"height":44},"xOffset":3,"yOffset":0,"xAdvance":34},"57":{"rect":{"x":2,"y":231,"width":29,"height":44},"xOffset":3,"yOffset":0,"xAdvance":34},"58":{"rect":{"x":57,"y":53,"width":10,"height":33},"xOffset":4,"yOffset":6,"xAdvance":17}},"kerningDict":{}}}]