[{"__type__":"cc.SpriteFrame","content":{"name":"icon_table_1","texture":"f8MapiCv5AIIRt53e7UCde","rect":[1,1,320,180],"offset":[0,0],"originalSize":[320,180],"capInsets":[0,0,0,0]}},{"__type__":"cc.SpriteFrame","content":{"name":"icon_table_5","texture":"f8MapiCv5AIIRt53e7UCde","rect":[645,183,320,180],"offset":[0,0],"originalSize":[320,180],"capInsets":[0,0,0,0]}},{"__type__":"cc.SpriteFrame","content":{"name":"icon_table_4_2","texture":"f8MapiCv5AIIRt53e7UCde","rect":[323,183,320,180],"offset":[0,0],"originalSize":[320,180],"capInsets":[0,0,0,0]}},{"__type__":"cc.SpriteFrame","content":{"name":"icon_table_1_2","texture":"f8MapiCv5AIIRt53e7UCde","rect":[323,1,320,180],"offset":[0,0],"originalSize":[320,180],"capInsets":[0,0,0,0]}},{"__type__":"cc.SpriteFrame","content":{"name":"icon_table_2_2","texture":"f8MapiCv5AIIRt53e7UCde","rect":[967,1,320,180],"offset":[0,0],"originalSize":[320,180],"capInsets":[0,0,0,0]}},{"__type__":"cc.SpriteFrame","content":{"name":"icon_table_3","texture":"f8MapiCv5AIIRt53e7UCde","rect":[1289,1,320,180],"offset":[0,0],"originalSize":[320,180],"capInsets":[0,0,0,0]}},{"__type__":"cc.SpriteFrame","content":{"name":"icon_table_2","texture":"f8MapiCv5AIIRt53e7UCde","rect":[645,1,320,180],"offset":[0,0],"originalSize":[320,180],"capInsets":[0,0,0,0]}},{"__type__":"cc.SpriteFrame","content":{"name":"icon_table_6_2","texture":"f8MapiCv5AIIRt53e7UCde","rect":[1611,183,320,180],"offset":[0,0],"originalSize":[320,180],"capInsets":[0,0,0,0]}},{"__type__":"cc.SpriteFrame","content":{"name":"icon_table_6","texture":"f8MapiCv5AIIRt53e7UCde","rect":[1289,183,320,180],"offset":[0,0],"originalSize":[320,180],"capInsets":[0,0,0,0]}},{"__type__":"cc.SpriteFrame","content":{"name":"icon_table_5_2","texture":"f8MapiCv5AIIRt53e7UCde","rect":[967,183,320,180],"offset":[0,0],"originalSize":[320,180],"capInsets":[0,0,0,0]}},{"__type__":"cc.SpriteAtlas","_name":"room_table.plist","_spriteFrames":{"icon_table_1":{"__uuid__":"1dDZ+Mx+hA5Y+cNyrKr4EH"},"icon_table_1_2":{"__uuid__":"31WSC1JCxJuZ1YVmdHurWs"},"icon_table_2":{"__uuid__":"7bBWjA0sVA4Ziu0wxKdax+"},"icon_table_2_2":{"__uuid__":"4bkJBfpb5NAJJk9Vxj/bWW"},"icon_table_3":{"__uuid__":"5bUmm9jCFMyIQvCcv+7s7T"},"icon_table_3_2":{"__uuid__":"faCV15Y6pPrZL6W7JVtDZQ"},"icon_table_4":{"__uuid__":"d3YdSGTHRP6ZvGHx6xjdVj"},"icon_table_4_2":{"__uuid__":"30suojYUxKKKZh3g3AGRSN"},"icon_table_5":{"__uuid__":"26f7XngNpNoJMDCfUtEB7J"},"icon_table_5_2":{"__uuid__":"adIU2uqm1Jrow8FeCLWNld"},"icon_table_6":{"__uuid__":"98Z1FAVPJJmpgECNMtZOIH"},"icon_table_6_2":{"__uuid__":"7fjBLA8RFIhK0jPByIrZDg"}}},{"__type__":"cc.SpriteFrame","content":{"name":"icon_table_4","texture":"f8MapiCv5AIIRt53e7UCde","rect":[1,183,320,180],"offset":[0,0],"originalSize":[320,180],"capInsets":[0,0,0,0]}},{"__type__":"cc.SpriteFrame","content":{"name":"icon_table_3_2","texture":"f8MapiCv5AIIRt53e7UCde","rect":[1611,1,320,180],"offset":[0,0],"originalSize":[320,180],"capInsets":[0,0,0,0]}}]