[[{"__type__":"cc.Prefab","_name":"x5_2","data":{"__id__":1}},{"__type__":"cc.Node","_name":"x5_2","_children":[{"__id__":2},{"__id__":4},{"__id__":6},{"__id__":7},{"__id__":8},{"__id__":9}],"_components":[{"__type__":"655c6/MZdJNZo/YxgAvEk8A","node":{"__id__":1},"fish":{"__id__":5},"shadow":{"__id__":3},"collider":{"__id__":10},"anim":{"__id__":11},"head":{"__id__":6},"end":{"__id__":7},"suoMe":{"__id__":9},"suoOther":{"__id__":8},"speed":1.35},{"__id__":11},{"__id__":10}],"_prefab":{"__type__":"cc.PrefabInfo","root":{"__id__":1},"asset":{"__uuid__":"44LLJmeQFN7aoiovNG9vJv"},"fileId":"17XA0EjZFJqKkQMUDqXBje"},"_trs":{"__type__":"TypedArray","ctor":"Float64Array","array":[0,0,0,0,0,0,1,1,1,1]},"_groupIndex":6,"groupIndex":6},{"__type__":"cc.Node","_name":"shadow","_parent":{"__id__":1},"_components":[{"__id__":3}],"_prefab":{"__type__":"cc.PrefabInfo","root":{"__id__":1},"asset":{"__uuid__":"44LLJmeQFN7aoiovNG9vJv"},"fileId":"daBRo5sM9Jm5zXIVC5kN6S"},"_trs":{"__type__":"TypedArray","ctor":"Float64Array","array":[-12,-12,0,0,0,0,1,1,1,1]},"_groupIndex":6,"groupIndex":6},{"__type__":"dragonBones.ArmatureDisplay","node":{"__id__":2},"_materials":[{"__uuid__":"ecpdLyjvZBwrvm+cedCcQy"}],"_armatureName":"douxia_shadow","_animationName":"douxia_shadow","_preCacheMode":0,"_armatureKey":"3d9f5e48-73e5-4ab1-8e27-2e6c8b294a0b#c4a994ba-82a3-4a7f-9651-91c3052118b6","_N$dragonAsset":{"__uuid__":"3dn15Ic+VKsY4nLmyLKUoL"},"_N$dragonAtlasAsset":{"__uuid__":"c4qZS6gqNKf5ZRkcMFIRi2"},"_N$timeScale":0.5},{"__type__":"cc.Node","_name":"fish","_parent":{"__id__":1},"_components":[{"__id__":5}],"_prefab":{"__type__":"cc.PrefabInfo","root":{"__id__":1},"asset":{"__uuid__":"44LLJmeQFN7aoiovNG9vJv"},"fileId":"e8iLtf+pRGELt4AuBid8Bw"},"_trs":{"__type__":"TypedArray","ctor":"Float64Array","array":[0,0,0,0,0,0,1,1,1,1]}},{"__type__":"dragonBones.ArmatureDisplay","node":{"__id__":4},"_materials":[{"__uuid__":"ecpdLyjvZBwrvm+cedCcQy"}],"_armatureName":"douxia","_animationName":"douxia","_preCacheMode":0,"_armatureKey":"db0f73bd-352a-49f9-b443-33ab7c860ecd#f51a8e87-b160-434d-a189-dabae606bc54","_N$dragonAsset":{"__uuid__":"dbD3O9NSpJ+bRDM6t8hg7N"},"_N$dragonAtlasAsset":{"__uuid__":"f5Go6HsWBDTaGJ2rrmBrxU"},"_N$timeScale":0.5},{"__type__":"cc.Node","_name":"head","_parent":{"__id__":1},"_prefab":{"__type__":"cc.PrefabInfo","root":{"__id__":1},"asset":{"__uuid__":"44LLJmeQFN7aoiovNG9vJv"},"fileId":"4c6TQT5QtKhqEwhKn2mXGp"},"_trs":{"__type__":"TypedArray","ctor":"Float64Array","array":[-42.31,15.921,0,0,0,0,1,1,1,1]}},{"__type__":"cc.Node","_name":"end","_parent":{"__id__":1},"_prefab":{"__type__":"cc.PrefabInfo","root":{"__id__":1},"asset":{"__uuid__":"44LLJmeQFN7aoiovNG9vJv"},"fileId":"be9KRnxUZIA6L15ni6tbj5"},"_trs":{"__type__":"TypedArray","ctor":"Float64Array","array":[0.362,4.607,0,0,0,0,1,1,1,1]}},{"__type__":"cc.Node","_name":"fish_suoding_other","_parent":{"__id__":1},"_active":false,"_components":[{"__type__":"cc.Sprite","node":{"__id__":8},"_materials":[{"__uuid__":"ecpdLyjvZBwrvm+cedCcQy"}],"_spriteFrame":{"__uuid__":"d6GNvieS9K8pqo+oyuZNkc"}},{"__type__":"cc.Animation","node":{"__id__":8},"_defaultClip":{"__uuid__":"41C/GXlRNOjLlgy6YN7juw"},"_clips":[{"__uuid__":"41C/GXlRNOjLlgy6YN7juw"}],"playOnLoad":true}],"_prefab":{"__type__":"cc.PrefabInfo","root":{"__id__":1},"asset":{"__uuid__":"44LLJmeQFN7aoiovNG9vJv"},"fileId":"f6JAYzNMtOl4JcFlcxujam"},"_opacity":97,"_contentSize":{"__type__":"cc.Size","width":169,"height":169},"_trs":{"__type__":"TypedArray","ctor":"Float64Array","array":[0,0,0,0,0,0,1,0.85,0.85,1]}},{"__type__":"cc.Node","_name":"fish_suoding_me","_parent":{"__id__":1},"_active":false,"_components":[{"__type__":"cc.Sprite","node":{"__id__":9},"_materials":[{"__uuid__":"ecpdLyjvZBwrvm+cedCcQy"}],"_spriteFrame":{"__uuid__":"d6GNvieS9K8pqo+oyuZNkc"}},{"__type__":"cc.Animation","node":{"__id__":9},"_defaultClip":{"__uuid__":"41C/GXlRNOjLlgy6YN7juw"},"_clips":[{"__uuid__":"41C/GXlRNOjLlgy6YN7juw"}],"playOnLoad":true}],"_prefab":{"__type__":"cc.PrefabInfo","root":{"__id__":1},"asset":{"__uuid__":"44LLJmeQFN7aoiovNG9vJv"},"fileId":"c7dVB1lrRDmav7zQWJfUrl"},"_contentSize":{"__type__":"cc.Size","width":169,"height":169},"_trs":{"__type__":"TypedArray","ctor":"Float64Array","array":[0,0,0,0,0,0,1,1,1,1]}},{"__type__":"cc.PolygonCollider","node":{"__id__":1},"points":[{"__type__":"cc.Vec2","x":-8.1,"y":-15.9},{"__type__":"cc.Vec2","x":21.5,"y":-13.7},{"__type__":"cc.Vec2","x":47.9,"y":9.8},{"__type__":"cc.Vec2","x":-5.6,"y":36.7},{"__type__":"cc.Vec2","x":-28,"y":56.8},{"__type__":"cc.Vec2","x":-36,"y":51.6},{"__type__":"cc.Vec2","x":-33.4,"y":31.5},{"__type__":"cc.Vec2","x":-20.2,"y":22.9},{"__type__":"cc.Vec2","x":-18.5,"y":8.6},{"__type__":"cc.Vec2","x":-31.9,"y":8.7},{"__type__":"cc.Vec2","x":-44.9,"y":-3},{"__type__":"cc.Vec2","x":-35.5,"y":-18.9}]},{"__type__":"cc.Animation","node":{"__id__":1},"_clips":[{"__uuid__":"a2uj14PmZK2qR1qc4M16Wh"},{"__uuid__":"5ak/Jp0tpLJo8i3ppQg2Ht"},{"__uuid__":"5bOXJB0vdM1b2POlW2S6cd"},{"__uuid__":"5e2pqRy6pHWI1A7H3M4LgW"},{"__uuid__":"6ckG3/NjBMiIeK25O6v4xf"},{"__uuid__":"48LPTdX7ZC97zqY3q/slQC"},{"__uuid__":"2dzf/b09NK6LRPiFhWlwZR"},{"__uuid__":"d2GKY+Wk9Ca4Hy+M7+jvQW"},{"__uuid__":"fcaoDY8RlPtZqFYdLSRuKY"},{"__uuid__":"c6oPxDO+BCw5F2tEuLmCR7"},{"__uuid__":"74yBVnhc1Kp64BwNKQRQCF"},{"__uuid__":"b0PutUKbdFZYncPeoBtb8d"},{"__uuid__":"11kHRlmAtO5KHZqs6zswjQ"},{"__uuid__":"55Z3ewAfpMQadHueU9ZTMu"},{"__uuid__":"a3AV4GRFtJQIqjYs2L7Wpt"},{"__uuid__":"221RkekctBB55PIPH9Q8FV"},{"__uuid__":"8c1VgeiPNLHp9ONKU0mvgI"},{"__uuid__":"4cJZnk2QpKN4IiHWw3coBp"}]}],{"__type__":"cc.SpriteFrame","content":{"name":"fish_game_pic_suoding1","texture":"bclyb1CdFAXZK7vE6k7C0V","rect":[0,0,169,169],"offset":[-0.5,0.5],"originalSize":[170,170],"capInsets":[0,0,0,0]}}]