[{"__type__":"cc.SpriteFrame","content":{"name":"x_05","texture":"80qv/xArJDKYX/0lP2wc5J","rect":[208,50,70,50],"offset":[0,0],"originalSize":[70,50],"capInsets":[0,0,0,0]}},{"__type__":"cc.SpriteFrame","content":{"name":"x_17","texture":"80qv/xArJDKYX/0lP2wc5J","rect":[1173,0,69,50],"offset":[0,0],"originalSize":[69,50],"capInsets":[0,0,0,0]}},{"__type__":"cc.SpriteFrame","content":{"name":"v_18","texture":"80qv/xArJDKYX/0lP2wc5J","rect":[138,0,69,50],"offset":[0,0],"originalSize":[69,50],"capInsets":[0,0,0,0]}},{"__type__":"cc.SpriteFrame","content":{"name":"bg","texture":"80qv/xArJDKYX/0lP2wc5J","rect":[709,514,546,636],"offset":[0,0],"originalSize":[546,636],"capInsets":[0,0,0,0]}},{"__type__":"cc.SpriteFrame","content":{"name":"line18","texture":"80qv/xArJDKYX/0lP2wc5J","rect":[1044,281,209,98],"offset":[0,0],"originalSize":[209,98],"capInsets":[0,0,0,0]}},{"__type__":"cc.SpriteFrame","content":{"name":"line12","texture":"80qv/xArJDKYX/0lP2wc5J","rect":[627,210,209,71],"offset":[0,0],"originalSize":[209,71],"capInsets":[0,0,0,0]}},{"__type__":"cc.SpriteFrame","content":{"name":"x_16","texture":"80qv/xArJDKYX/0lP2wc5J","rect":[966,0,69,50],"offset":[0,0],"originalSize":[69,50],"capInsets":[0,0,0,0]}},{"__type__":"cc.SpriteFrame","content":{"name":"x_03","texture":"80qv/xArJDKYX/0lP2wc5J","rect":[69,0,69,50],"offset":[0,0],"originalSize":[69,50],"capInsets":[0,0,0,0]}},{"__type__":"cc.SpriteFrame","content":{"name":"x_14","texture":"80qv/xArJDKYX/0lP2wc5J","rect":[1045,50,71,50],"offset":[0,0],"originalSize":[71,50],"capInsets":[0,0,0,0]}},{"__type__":"cc.SpriteFrame","content":{"name":"line3","texture":"80qv/xArJDKYX/0lP2wc5J","rect":[284,101,209,17],"offset":[0,0],"originalSize":[209,17],"capInsets":[0,0,0,0]}},{"__type__":"cc.SpriteFrame","content":{"name":"v_05","texture":"80qv/xArJDKYX/0lP2wc5J","rect":[138,50,70,50],"offset":[0,0],"originalSize":[70,50],"capInsets":[0,0,0,0]}},{"__type__":"cc.SpriteFrame","content":{"name":"button-2","texture":"80qv/xArJDKYX/0lP2wc5J","rect":[911,101,143,109],"offset":[0,0],"originalSize":[143,109],"capInsets":[0,0,0,0]}},{"__type__":"cc.SpriteFrame","content":{"name":"v_19","texture":"80qv/xArJDKYX/0lP2wc5J","rect":[71,101,71,50],"offset":[0,0],"originalSize":[71,50],"capInsets":[0,0,0,0]}},{"__type__":"cc.SpriteFrame","content":{"name":"x_11","texture":"80qv/xArJDKYX/0lP2wc5J","rect":[897,0,69,50],"offset":[0,0],"originalSize":[69,50],"capInsets":[0,0,0,0]}},{"__type__":"cc.SpriteFrame","content":{"name":"x_19","texture":"80qv/xArJDKYX/0lP2wc5J","rect":[0,101,71,50],"offset":[0,0],"originalSize":[71,50],"capInsets":[0,0,0,0]}},{"__type__":"cc.SpriteFrame","content":{"name":"x_13","texture":"80qv/xArJDKYX/0lP2wc5J","rect":[1104,0,69,50],"offset":[0,0],"originalSize":[69,50],"capInsets":[0,0,0,0]}},{"__type__":"cc.SpriteFrame","content":{"name":"line14","texture":"80qv/xArJDKYX/0lP2wc5J","rect":[0,210,209,67],"offset":[0,0],"originalSize":[209,67],"capInsets":[0,0,0,0]}},{"__type__":"cc.SpriteFrame","content":{"name":"v_17","texture":"80qv/xArJDKYX/0lP2wc5J","rect":[0,0,69,50],"offset":[0,0],"originalSize":[69,50],"capInsets":[0,0,0,0]}},{"__type__":"cc.SpriteAtlas","_name":"BigBabol.plist","_spriteFrames":{"bg":{"__uuid__":"1147zDzr9HsrS9PYXXD09k"},"button-1":{"__uuid__":"f3z6M3Q39OZa5v76JYBAxa"},"button-2":{"__uuid__":"273xVUsRtP/ohf9uvFFCI7"},"button-3":{"__uuid__":"59YPNQkPNFcqqMTtqSiygW"},"button-4":{"__uuid__":"82b0wF041MZahZVmDxEFNB"},"form-bg":{"__uuid__":"85Ajv1CU1FsJkbX8BsmrhX"},"line1":{"__uuid__":"7cF4LFGyVEQ6fVjv9uiOfE"},"line10":{"__uuid__":"86l10P2tlB6qi8EX4GKpkD"},"line11":{"__uuid__":"f0GHohyi9NnKJEvNWpvelz"},"line12":{"__uuid__":"13VO+6+npPMYozyXs0uZJ/"},"line13":{"__uuid__":"7eqz6AopFDKJEzgg7/sEuW"},"line14":{"__uuid__":"35atnDil1MhYR7LaWZ0ZI6"},"line15":{"__uuid__":"9dITyfgnNMw5Nfu+SSQL+Z"},"line16":{"__uuid__":"78+7/yX1RCJ7aiP9ct/Rmk"},"line17":{"__uuid__":"d7zbKWQQJM3ZzKf/5Av5DK"},"line18":{"__uuid__":"12+eulMZ5DV5aB+tNEhLQp"},"line19":{"__uuid__":"95wF5+629E9b7enCdMOV92"},"line2":{"__uuid__":"43Wo2uhNVGy5Zx1C5CNtMF"},"line20":{"__uuid__":"d3tS1MHXVK2awUkAAfXGOo"},"line3":{"__uuid__":"212EFGctJLc4qdkA6IvquG"},"line4":{"__uuid__":"52iR//z/tDjL5CC2tjimjY"},"line5":{"__uuid__":"adEkXdiKpCiILrqhEX6skB"},"line6":{"__uuid__":"c9OPO//ZFJZp69WW/PNb6l"},"line7":{"__uuid__":"4cXvVoxdtPubpWI7jdP40I"},"line8":{"__uuid__":"4aEQgagQdAH7cVJAgnSg76"},"line9":{"__uuid__":"bbp/68n7hE+JT2jQG+KcnB"},"v_01":{"__uuid__":"8bfD9mdZlAVYj7ZDgphzUP"},"v_02":{"__uuid__":"40kVoQ+aNHX4gZe3U1Sddo"},"v_03":{"__uuid__":"55yRsIwPRMvKo9MY9D8uAH"},"v_04":{"__uuid__":"f28S1MhntPq6AVUw32JZMz"},"v_05":{"__uuid__":"23la5f1QZFDZL5002jRdVX"},"v_06":{"__uuid__":"565BSr03RDSatxdo4jxheS"},"v_07":{"__uuid__":"bb8yWPVbNOgYGAjHhTpZo6"},"v_08":{"__uuid__":"80OTkeP6dBZ6qn7iwRVjX/"},"v_09":{"__uuid__":"6eB7kKNn1IzYhEyKwqBXu5"},"v_10":{"__uuid__":"77m++Pnu9CwYhBggxjz5CE"},"v_11":{"__uuid__":"b6/zqZ1GFFlb6Ylz0ZUQb6"},"v_12":{"__uuid__":"adHF0SlrxHwqsA4eKkoZEs"},"v_13":{"__uuid__":"afRzhz2H5Ip4xuYeTzgS3g"},"v_14":{"__uuid__":"e8dIOliJVEkbBNwrvsYm3N"},"v_15":{"__uuid__":"c0zWTJHX9NzpEnz9MiJwjh"},"v_16":{"__uuid__":"cbT6pYAEVHQ543ottYKWc5"},"v_17":{"__uuid__":"39wso6Jp5H2bhDHsxruqGG"},"v_18":{"__uuid__":"0fxNes0DZKh4JrnpdcJMJs"},"v_19":{"__uuid__":"2eSpCJGfJBn7FzvfUmvEVe"},"v_20":{"__uuid__":"8e4fmCxS1K0aMcBFXj9+Sc"},"x_01":{"__uuid__":"f0R+VvhUpBkoa90LO+7Q3q"},"x_02":{"__uuid__":"76NIWCpetE0YAsN9pbwZYd"},"x_03":{"__uuid__":"1fu/IUNKhHEIayhaqwv/ZA"},"x_04":{"__uuid__":"fdWhMrir5OibYTl4VvvU7X"},"x_05":{"__uuid__":"0cY7vCjPFBXZxC6eoAi3q3"},"x_06":{"__uuid__":"49EAOwmN5MILIXgX6GPiKj"},"x_07":{"__uuid__":"46fQvs/v1K04mgM+nu7n/n"},"x_08":{"__uuid__":"e47LXktR9CspSszUtbQHnZ"},"x_09":{"__uuid__":"b5v8uWHgNDDYxFf1fPcPzh"},"x_10":{"__uuid__":"42UJYzv1tFsoL2mnNE2Y5X"},"x_11":{"__uuid__":"33E44pgyJGGpdM6AOP3VmA"},"x_12":{"__uuid__":"f8C7hZMoFFCaG8rVxo07IO"},"x_13":{"__uuid__":"35Fe8bwRpFzK3GrqtF3usW"},"x_14":{"__uuid__":"21m2Xutg5Ck4MQiogmO7AP"},"x_15":{"__uuid__":"91A25OEkBJhJ+WkL4owf6i"},"x_16":{"__uuid__":"1eklvTXftI5JGllDbKMOn/"},"x_17":{"__uuid__":"0ecVBDf8BBsp92Kvpaxp4k"},"x_18":{"__uuid__":"77vA80X6VHEY/FQaoDRjtV"},"x_19":{"__uuid__":"339EXvIBpLiJDjft4T2AAh"},"x_20":{"__uuid__":"3f6xrSRsZJ+Im7vCLHkd/O"}}},{"__type__":"cc.SpriteFrame","content":{"name":"x_20","texture":"80qv/xArJDKYX/0lP2wc5J","rect":[834,50,70,50],"offset":[0,0],"originalSize":[70,50],"capInsets":[0,0,0,0]}},{"__type__":"cc.SpriteFrame","content":{"name":"v_02","texture":"80qv/xArJDKYX/0lP2wc5J","rect":[414,0,69,50],"offset":[0,0],"originalSize":[69,50],"capInsets":[0,0,0,0]}},{"__type__":"cc.SpriteFrame","content":{"name":"x_10","texture":"80qv/xArJDKYX/0lP2wc5J","rect":[1186,50,70,51],"offset":[0,0],"originalSize":[70,51],"capInsets":[0,0,0,0]}},{"__type__":"cc.SpriteFrame","content":{"name":"line2","texture":"80qv/xArJDKYX/0lP2wc5J","rect":[493,101,209,21],"offset":[0,0],"originalSize":[209,21],"capInsets":[0,0,0,0]}},{"__type__":"cc.SpriteFrame","content":{"name":"x_07","texture":"80qv/xArJDKYX/0lP2wc5J","rect":[347,50,69,51],"offset":[0,0],"originalSize":[69,51],"capInsets":[0,0,0,0]}},{"__type__":"cc.SpriteFrame","content":{"name":"x_06","texture":"80qv/xArJDKYX/0lP2wc5J","rect":[278,50,69,51],"offset":[0,0],"originalSize":[69,51],"capInsets":[0,0,0,0]}},{"__type__":"cc.SpriteFrame","content":{"name":"line8","texture":"80qv/xArJDKYX/0lP2wc5J","rect":[981,379,209,133],"offset":[0,0],"originalSize":[209,133],"capInsets":[0,0,0,0]}},{"__type__":"cc.SpriteFrame","content":{"name":"line7","texture":"80qv/xArJDKYX/0lP2wc5J","rect":[563,379,209,127],"offset":[0,0],"originalSize":[209,127],"capInsets":[0,0,0,0]}},{"__type__":"cc.SpriteFrame","content":{"name":"line4","texture":"80qv/xArJDKYX/0lP2wc5J","rect":[0,514,209,148],"offset":[0,0],"originalSize":[209,148],"capInsets":[0,0,0,0]}},{"__type__":"cc.SpriteFrame","content":{"name":"v_03","texture":"80qv/xArJDKYX/0lP2wc5J","rect":[276,0,69,50],"offset":[0,0],"originalSize":[69,50],"capInsets":[0,0,0,0]}},{"__type__":"cc.SpriteFrame","content":{"name":"v_06","texture":"80qv/xArJDKYX/0lP2wc5J","rect":[0,50,69,51],"offset":[0,0],"originalSize":[69,51],"capInsets":[0,0,0,0]}},{"__type__":"cc.SpriteFrame","content":{"name":"button-3","texture":"80qv/xArJDKYX/0lP2wc5J","rect":[0,379,177,134],"offset":[0,0],"originalSize":[177,134],"capInsets":[0,0,0,0]}},{"__type__":"cc.SpriteFrame","content":{"name":"v_09","texture":"80qv/xArJDKYX/0lP2wc5J","rect":[142,101,71,51],"offset":[0,0],"originalSize":[71,51],"capInsets":[0,0,0,0]}},{"__type__":"cc.SpriteFrame","content":{"name":"x_02","texture":"80qv/xArJDKYX/0lP2wc5J","rect":[207,0,69,50],"offset":[0,0],"originalSize":[69,50],"capInsets":[0,0,0,0]}},{"__type__":"cc.SpriteFrame","content":{"name":"v_10","texture":"80qv/xArJDKYX/0lP2wc5J","rect":[1116,50,70,51],"offset":[0,0],"originalSize":[70,51],"capInsets":[0,0,0,0]}},{"__type__":"cc.SpriteFrame","content":{"name":"x_18","texture":"80qv/xArJDKYX/0lP2wc5J","rect":[1035,0,69,50],"offset":[0,0],"originalSize":[69,50],"capInsets":[0,0,0,0]}},{"__type__":"cc.SpriteFrame","content":{"name":"line16","texture":"80qv/xArJDKYX/0lP2wc5J","rect":[1045,210,209,71],"offset":[0,0],"originalSize":[209,71],"capInsets":[0,0,0,0]}},{"__type__":"cc.SpriteFrame","content":{"name":"line1","texture":"80qv/xArJDKYX/0lP2wc5J","rect":[702,101,209,33],"offset":[0,0],"originalSize":[209,33],"capInsets":[0,0,0,0]}},{"__type__":"cc.SpriteFrame","content":{"name":"line13","texture":"80qv/xArJDKYX/0lP2wc5J","rect":[836,210,209,71],"offset":[0,0],"originalSize":[209,71],"capInsets":[0,0,0,0]}},{"__type__":"cc.SpriteFrame","content":{"name":"v_08","texture":"80qv/xArJDKYX/0lP2wc5J","rect":[765,50,69,51],"offset":[0,0],"originalSize":[69,51],"capInsets":[0,0,0,0]}},{"__type__":"cc.SpriteFrame","content":{"name":"button-4","texture":"80qv/xArJDKYX/0lP2wc5J","rect":[177,379,177,135],"offset":[0,0],"originalSize":[177,135],"capInsets":[0,0,0,0]}},{"__type__":"cc.SpriteFrame","content":{"name":"form-bg","texture":"80qv/xArJDKYX/0lP2wc5J","rect":[209,514,500,442],"offset":[0,0],"originalSize":[500,442],"capInsets":[0,0,0,0]}},{"__type__":"cc.SpriteFrame","content":{"name":"line10","texture":"80qv/xArJDKYX/0lP2wc5J","rect":[209,281,208,79],"offset":[0,0],"originalSize":[208,79],"capInsets":[0,0,0,0]}},{"__type__":"cc.SpriteFrame","content":{"name":"v_01","texture":"80qv/xArJDKYX/0lP2wc5J","rect":[552,0,69,50],"offset":[0,0],"originalSize":[69,50],"capInsets":[0,0,0,0]}},{"__type__":"cc.SpriteFrame","content":{"name":"v_20","texture":"80qv/xArJDKYX/0lP2wc5J","rect":[486,50,70,50],"offset":[0,0],"originalSize":[70,50],"capInsets":[0,0,0,0]}},{"__type__":"cc.SpriteFrame","content":{"name":"x_15","texture":"80qv/xArJDKYX/0lP2wc5J","rect":[416,50,70,50],"offset":[0,0],"originalSize":[70,50],"capInsets":[0,0,0,0]}},{"__type__":"cc.SpriteFrame","content":{"name":"line19","texture":"80qv/xArJDKYX/0lP2wc5J","rect":[417,281,209,94],"offset":[0,0],"originalSize":[209,94],"capInsets":[0,0,0,0]}},{"__type__":"cc.SpriteFrame","content":{"name":"line15","texture":"80qv/xArJDKYX/0lP2wc5J","rect":[835,281,209,94],"offset":[0,0],"originalSize":[209,94],"capInsets":[0,0,0,0]}},{"__type__":"cc.SpriteFrame","content":{"name":"line5","texture":"80qv/xArJDKYX/0lP2wc5J","rect":[772,379,209,133],"offset":[0,0],"originalSize":[209,133],"capInsets":[0,0,0,0]}},{"__type__":"cc.SpriteFrame","content":{"name":"v_12","texture":"80qv/xArJDKYX/0lP2wc5J","rect":[621,0,69,50],"offset":[0,0],"originalSize":[69,50],"capInsets":[0,0,0,0]}},{"__type__":"cc.SpriteFrame","content":{"name":"v_13","texture":"80qv/xArJDKYX/0lP2wc5J","rect":[483,0,69,50],"offset":[0,0],"originalSize":[69,50],"capInsets":[0,0,0,0]}},{"__type__":"cc.SpriteFrame","content":{"name":"x_09","texture":"80qv/xArJDKYX/0lP2wc5J","rect":[213,101,71,51],"offset":[0,0],"originalSize":[71,51],"capInsets":[0,0,0,0]}},{"__type__":"cc.SpriteFrame","content":{"name":"v_11","texture":"80qv/xArJDKYX/0lP2wc5J","rect":[690,0,69,50],"offset":[0,0],"originalSize":[69,50],"capInsets":[0,0,0,0]}},{"__type__":"cc.SpriteFrame","content":{"name":"line9","texture":"80qv/xArJDKYX/0lP2wc5J","rect":[209,210,209,69],"offset":[0,0],"originalSize":[209,69],"capInsets":[0,0,0,0]}},{"__type__":"cc.SpriteFrame","content":{"name":"v_07","texture":"80qv/xArJDKYX/0lP2wc5J","rect":[69,50,69,51],"offset":[0,0],"originalSize":[69,51],"capInsets":[0,0,0,0]}},{"__type__":"cc.SpriteFrame","content":{"name":"v_15","texture":"80qv/xArJDKYX/0lP2wc5J","rect":[556,50,70,50],"offset":[0,0],"originalSize":[70,50],"capInsets":[0,0,0,0]}},{"__type__":"cc.SpriteFrame","content":{"name":"line6","texture":"80qv/xArJDKYX/0lP2wc5J","rect":[0,281,209,74],"offset":[0,0],"originalSize":[209,74],"capInsets":[0,0,0,0]}},{"__type__":"cc.SpriteFrame","content":{"name":"v_16","texture":"80qv/xArJDKYX/0lP2wc5J","rect":[345,0,69,50],"offset":[0,0],"originalSize":[69,50],"capInsets":[0,0,0,0]}},{"__type__":"cc.SpriteFrame","content":{"name":"line20","texture":"80qv/xArJDKYX/0lP2wc5J","rect":[354,379,209,127],"offset":[0,0],"originalSize":[209,127],"capInsets":[0,0,0,0]}},{"__type__":"cc.SpriteFrame","content":{"name":"line17","texture":"80qv/xArJDKYX/0lP2wc5J","rect":[626,281,209,94],"offset":[0,0],"originalSize":[209,94],"capInsets":[0,0,0,0]}},{"__type__":"cc.SpriteFrame","content":{"name":"x_08","texture":"80qv/xArJDKYX/0lP2wc5J","rect":[696,50,69,51],"offset":[0,0],"originalSize":[69,51],"capInsets":[0,0,0,0]}},{"__type__":"cc.SpriteFrame","content":{"name":"v_14","texture":"80qv/xArJDKYX/0lP2wc5J","rect":[974,50,71,50],"offset":[0,0],"originalSize":[71,50],"capInsets":[0,0,0,0]}},{"__type__":"cc.SpriteFrame","content":{"name":"line11","texture":"80qv/xArJDKYX/0lP2wc5J","rect":[418,210,209,70],"offset":[0,0],"originalSize":[209,70],"capInsets":[0,0,0,0]}},{"__type__":"cc.SpriteFrame","content":{"name":"x_01","texture":"80qv/xArJDKYX/0lP2wc5J","rect":[759,0,69,50],"offset":[0,0],"originalSize":[69,50],"capInsets":[0,0,0,0]}},{"__type__":"cc.SpriteFrame","content":{"name":"v_04","texture":"80qv/xArJDKYX/0lP2wc5J","rect":[904,50,70,50],"offset":[0,0],"originalSize":[70,50],"capInsets":[0,0,0,0]}},{"__type__":"cc.SpriteFrame","content":{"name":"button-1","texture":"80qv/xArJDKYX/0lP2wc5J","rect":[1054,101,143,109],"offset":[0,0],"originalSize":[143,109],"capInsets":[0,0,0,0]}},{"__type__":"cc.SpriteFrame","content":{"name":"x_12","texture":"80qv/xArJDKYX/0lP2wc5J","rect":[828,0,69,50],"offset":[0,0],"originalSize":[69,50],"capInsets":[0,0,0,0]}},{"__type__":"cc.SpriteFrame","content":{"name":"x_04","texture":"80qv/xArJDKYX/0lP2wc5J","rect":[626,50,70,50],"offset":[0,0],"originalSize":[70,50],"capInsets":[0,0,0,0]}}]