[[{"__type__":"cc.Prefab","_name":"x2_2","data":{"__id__":1}},{"__type__":"cc.Node","_name":"x2_2","_children":[{"__id__":2},{"__id__":4},{"__id__":6},{"__id__":7},{"__id__":8},{"__id__":9}],"_components":[{"__type__":"655c6/MZdJNZo/YxgAvEk8A","node":{"__id__":1},"fish":{"__id__":5},"shadow":{"__id__":3},"collider":{"__id__":10},"anim":{"__id__":11},"head":{"__id__":6},"end":{"__id__":7},"suoMe":{"__id__":9},"suoOther":{"__id__":8}},{"__id__":10},{"__id__":11}],"_prefab":{"__type__":"cc.PrefabInfo","root":{"__id__":1},"asset":{"__uuid__":"6397cNEMlKnoIaP91ZXzc3"},"fileId":"ba/XN77z9Cwofpatd21XtQ"},"_trs":{"__type__":"TypedArray","ctor":"Float64Array","array":[0,0,0,0,0,0,1,1,1,1]},"_groupIndex":6,"groupIndex":6},{"__type__":"cc.Node","_name":"shadow","_parent":{"__id__":1},"_components":[{"__id__":3}],"_prefab":{"__type__":"cc.PrefabInfo","root":{"__id__":1},"asset":{"__uuid__":"6397cNEMlKnoIaP91ZXzc3"},"fileId":"9e91MJf4RK/KGiQRIO3A7K"},"_trs":{"__type__":"TypedArray","ctor":"Float64Array","array":[-9,-11,0,0,0,0,1,1,1,1]},"_groupIndex":6,"groupIndex":6},{"__type__":"dragonBones.ArmatureDisplay","node":{"__id__":2},"_materials":[{"__uuid__":"ecpdLyjvZBwrvm+cedCcQy"}],"_armatureName":"hongshanyu_shadow","_animationName":"hongshanyu_shadow","_preCacheMode":0,"_armatureKey":"8fcd66b4-3529-46ad-8f00-ea6d9c87079f#e2db6bd6-106b-40ab-98f6-9b4abca1b71a","_N$dragonAsset":{"__uuid__":"8fzWa0NSlGrY8A6m2chwef"},"_N$dragonAtlasAsset":{"__uuid__":"e222vWEGtAq5j2m0q8obca"},"_N$timeScale":0.5},{"__type__":"cc.Node","_name":"fish","_parent":{"__id__":1},"_components":[{"__id__":5}],"_prefab":{"__type__":"cc.PrefabInfo","root":{"__id__":1},"asset":{"__uuid__":"6397cNEMlKnoIaP91ZXzc3"},"fileId":"f0QZI0PHJI9KGpdNDHBxna"},"_trs":{"__type__":"TypedArray","ctor":"Float64Array","array":[0,0,0,0,0,0,1,1,1,1]}},{"__type__":"dragonBones.ArmatureDisplay","node":{"__id__":4},"_materials":[{"__uuid__":"ecpdLyjvZBwrvm+cedCcQy"}],"_armatureName":"hongshanyu","_animationName":"hongshanyu","_preCacheMode":0,"_armatureKey":"22fc0303-e5b2-4573-9780-a85825d184dd#59b86e18-a42a-42f3-9b51-a1fa6a82e62e","_N$dragonAsset":{"__uuid__":"22/AMD5bJFc5eAqFgl0YTd"},"_N$dragonAtlasAsset":{"__uuid__":"59uG4YpCpC85tRofpqguYu"},"_N$timeScale":0.5},{"__type__":"cc.Node","_name":"head","_parent":{"__id__":1},"_prefab":{"__type__":"cc.PrefabInfo","root":{"__id__":1},"asset":{"__uuid__":"6397cNEMlKnoIaP91ZXzc3"},"fileId":"898FkZaHZNYIgrlhi7lNXW"},"_trs":{"__type__":"TypedArray","ctor":"Float64Array","array":[-40.752,-7.02,0,0,0,0,1,1,1,1]}},{"__type__":"cc.Node","_name":"end","_parent":{"__id__":1},"_prefab":{"__type__":"cc.PrefabInfo","root":{"__id__":1},"asset":{"__uuid__":"6397cNEMlKnoIaP91ZXzc3"},"fileId":"0cjtnIqL1GN7UcKxsdvYip"},"_trs":{"__type__":"TypedArray","ctor":"Float64Array","array":[-0.841,-0.201,0,0,0,0,1,1,1,1]}},{"__type__":"cc.Node","_name":"fish_suoding_other","_parent":{"__id__":1},"_active":false,"_components":[{"__type__":"cc.Sprite","node":{"__id__":8},"_materials":[{"__uuid__":"ecpdLyjvZBwrvm+cedCcQy"}],"_spriteFrame":{"__uuid__":"d6GNvieS9K8pqo+oyuZNkc"}},{"__type__":"cc.Animation","node":{"__id__":8},"_defaultClip":{"__uuid__":"41C/GXlRNOjLlgy6YN7juw"},"_clips":[{"__uuid__":"41C/GXlRNOjLlgy6YN7juw"}],"playOnLoad":true}],"_prefab":{"__type__":"cc.PrefabInfo","root":{"__id__":1},"asset":{"__uuid__":"6397cNEMlKnoIaP91ZXzc3"},"fileId":"89sNOXD3pIxJvoaUQZql77"},"_opacity":97,"_contentSize":{"__type__":"cc.Size","width":169,"height":169},"_trs":{"__type__":"TypedArray","ctor":"Float64Array","array":[0,0,0,0,0,0,1,0.85,0.85,1]}},{"__type__":"cc.Node","_name":"fish_suoding_me","_parent":{"__id__":1},"_active":false,"_components":[{"__type__":"cc.Sprite","node":{"__id__":9},"_materials":[{"__uuid__":"ecpdLyjvZBwrvm+cedCcQy"}],"_spriteFrame":{"__uuid__":"d6GNvieS9K8pqo+oyuZNkc"}},{"__type__":"cc.Animation","node":{"__id__":9},"_defaultClip":{"__uuid__":"41C/GXlRNOjLlgy6YN7juw"},"_clips":[{"__uuid__":"41C/GXlRNOjLlgy6YN7juw"}],"playOnLoad":true}],"_prefab":{"__type__":"cc.PrefabInfo","root":{"__id__":1},"asset":{"__uuid__":"6397cNEMlKnoIaP91ZXzc3"},"fileId":"2eG7wps8RL0K77SXduduCP"},"_contentSize":{"__type__":"cc.Size","width":169,"height":169},"_trs":{"__type__":"TypedArray","ctor":"Float64Array","array":[0,0,0,0,0,0,1,1,1,1]}},{"__type__":"cc.PolygonCollider","node":{"__id__":1},"_offset":{"__type__":"cc.Vec2","x":-4.4,"y":-13.5},"points":[{"__type__":"cc.Vec2","x":-21.6,"y":-9.7},{"__type__":"cc.Vec2","x":-3.8,"y":-18.5},{"__type__":"cc.Vec2","x":51.9,"y":12.6},{"__type__":"cc.Vec2","x":53.1,"y":24.1},{"__type__":"cc.Vec2","x":12.7,"y":36},{"__type__":"cc.Vec2","x":-20.4,"y":28.8},{"__type__":"cc.Vec2","x":-38,"y":7.8}]},{"__type__":"cc.Animation","node":{"__id__":1},"_clips":[{"__uuid__":"eeKo9CiBVPcqRaGq4KXTDA"}]}],{"__type__":"cc.SpriteFrame","content":{"name":"fish_game_pic_suoding1","texture":"bclyb1CdFAXZK7vE6k7C0V","rect":[0,0,169,169],"offset":[-0.5,0.5],"originalSize":[170,170],"capInsets":[0,0,0,0]}}]