[{"__type__":"cc.SpriteFrame","content":{"name":"line_bg_8","texture":"03R0xsUh9IRqLCGpLMsXRB","rect":[226,118,54,56],"offset":[0,0],"originalSize":[54,56],"capInsets":[0,0,0,0]}},{"__type__":"cc.SpriteFrame","content":{"name":"line_bg_12","texture":"03R0xsUh9IRqLCGpLMsXRB","rect":[2,176,54,56],"offset":[0,0],"originalSize":[54,56],"capInsets":[0,0,0,0]}},{"__type__":"cc.SpriteFrame","content":{"name":"line_bg_9","texture":"03R0xsUh9IRqLCGpLMsXRB","rect":[226,176,54,56],"offset":[0,0],"originalSize":[54,56],"capInsets":[0,0,0,0]}},{"__type__":"cc.SpriteFrame","content":{"name":"line_bg_11","texture":"03R0xsUh9IRqLCGpLMsXRB","rect":[2,118,54,56],"offset":[0,0],"originalSize":[54,56],"capInsets":[0,0,0,0]}},{"__type__":"cc.SpriteFrame","content":{"name":"line_bg_2","texture":"03R0xsUh9IRqLCGpLMsXRB","rect":[114,176,54,56],"offset":[0,0],"originalSize":[54,56],"capInsets":[0,0,0,0]}},{"__type__":"cc.SpriteFrame","content":{"name":"line_bg_6","texture":"03R0xsUh9IRqLCGpLMsXRB","rect":[226,2,54,56],"offset":[0,0],"originalSize":[54,56],"capInsets":[0,0,0,0]}},{"__type__":"cc.SpriteFrame","content":{"name":"line_bg_18","texture":"03R0xsUh9IRqLCGpLMsXRB","rect":[114,60,54,56],"offset":[0,0],"originalSize":[54,56],"capInsets":[0,0,0,0]}},{"__type__":"cc.SpriteAtlas","_name":"bgLine.plist","_spriteFrames":{"line_bg_1":{"__uuid__":"dc+f0vsV1J5ZjosRVTsQFj"},"line_bg_10":{"__uuid__":"ea/M4QNM1JwJNNZIvTsH0p"},"line_bg_11":{"__uuid__":"3bHQCzpj1OaJaqOJQKeiAv"},"line_bg_12":{"__uuid__":"1fUXkwG5dAyb/5PySmizNs"},"line_bg_13":{"__uuid__":"75FcQyV51ESazaBcnKOF4l"},"line_bg_14":{"__uuid__":"70SnprmLxK3KilI21rl5S6"},"line_bg_15":{"__uuid__":"c89qXxWoNIX4BPrZCQcoBP"},"line_bg_16":{"__uuid__":"987nvqnmJNvbXL8qg9hRwP"},"line_bg_17":{"__uuid__":"71lNs0eSVFzpPgGzT9R+lJ"},"line_bg_18":{"__uuid__":"6b8j8b6D5JE4Qou9i8ddmX"},"line_bg_19":{"__uuid__":"f3qgHPl7VCK59FTbkHYyJN"},"line_bg_2":{"__uuid__":"46+e5EJEtA+7cQpH9xoPhI"},"line_bg_20":{"__uuid__":"f4dLdp4lRM1bnxJZiiqQTL"},"line_bg_3":{"__uuid__":"7fvuf3tZhIFbBS8qnPmOA1"},"line_bg_4":{"__uuid__":"7dKAbPZnxJYbfV1IIyrh6h"},"line_bg_5":{"__uuid__":"8f5shLpDJECLbMi5GGDcNy"},"line_bg_6":{"__uuid__":"5f88YA+S9HKa3lVyKfaXrn"},"line_bg_7":{"__uuid__":"b6pRxg6ApIKJxr2Rwb3TDT"},"line_bg_8":{"__uuid__":"08Xw3Am51Kj6iAMmPWb8+J"},"line_bg_9":{"__uuid__":"29qfEIqq5LM72u6mzg2wza"}}},{"__type__":"cc.SpriteFrame","content":{"name":"line_bg_14","texture":"03R0xsUh9IRqLCGpLMsXRB","rect":[58,60,54,56],"offset":[0,0],"originalSize":[54,56],"capInsets":[0,0,0,0]}},{"__type__":"cc.SpriteFrame","content":{"name":"line_bg_17","texture":"03R0xsUh9IRqLCGpLMsXRB","rect":[114,2,54,56],"offset":[0,0],"originalSize":[54,56],"capInsets":[0,0,0,0]}},{"__type__":"cc.SpriteFrame","content":{"name":"line_bg_13","texture":"03R0xsUh9IRqLCGpLMsXRB","rect":[58,2,54,56],"offset":[0,0],"originalSize":[54,56],"capInsets":[0,0,0,0]}},{"__type__":"cc.SpriteFrame","content":{"name":"line_bg_4","texture":"03R0xsUh9IRqLCGpLMsXRB","rect":[170,118,54,56],"offset":[0,0],"originalSize":[54,56],"capInsets":[0,0,0,0]}},{"__type__":"cc.SpriteFrame","content":{"name":"line_bg_3","texture":"03R0xsUh9IRqLCGpLMsXRB","rect":[170,60,54,56],"offset":[0,0],"originalSize":[54,56],"capInsets":[0,0,0,0]}},{"__type__":"cc.SpriteFrame","content":{"name":"line_bg_5","texture":"03R0xsUh9IRqLCGpLMsXRB","rect":[170,176,54,56],"offset":[0,0],"originalSize":[54,56],"capInsets":[0,0,0,0]}},{"__type__":"cc.SpriteFrame","content":{"name":"line_bg_16","texture":"03R0xsUh9IRqLCGpLMsXRB","rect":[58,176,54,56],"offset":[0,0],"originalSize":[54,56],"capInsets":[0,0,0,0]}},{"__type__":"cc.SpriteFrame","content":{"name":"line_bg_7","texture":"03R0xsUh9IRqLCGpLMsXRB","rect":[226,60,54,56],"offset":[0,0],"originalSize":[54,56],"capInsets":[0,0,0,0]}},{"__type__":"cc.SpriteFrame","content":{"name":"line_bg_15","texture":"03R0xsUh9IRqLCGpLMsXRB","rect":[58,118,54,56],"offset":[0,0],"originalSize":[54,56],"capInsets":[0,0,0,0]}},{"__type__":"cc.SpriteFrame","content":{"name":"line_bg_1","texture":"03R0xsUh9IRqLCGpLMsXRB","rect":[2,2,54,56],"offset":[0,0],"originalSize":[54,56],"capInsets":[0,0,0,0]}},{"__type__":"cc.SpriteFrame","content":{"name":"line_bg_10","texture":"03R0xsUh9IRqLCGpLMsXRB","rect":[2,60,54,56],"offset":[0,0],"originalSize":[54,56],"capInsets":[0,0,0,0]}},{"__type__":"cc.SpriteFrame","content":{"name":"line_bg_19","texture":"03R0xsUh9IRqLCGpLMsXRB","rect":[114,118,54,56],"offset":[0,0],"originalSize":[54,56],"capInsets":[0,0,0,0]}},{"__type__":"cc.SpriteFrame","content":{"name":"line_bg_20","texture":"03R0xsUh9IRqLCGpLMsXRB","rect":[170,2,54,56],"offset":[0,0],"originalSize":[54,56],"capInsets":[0,0,0,0]}}]