[[{"__type__":"cc.Prefab","_name":"item10","data":{"__id__":1}},{"__type__":"cc.Node","_name":"item10","_components":[{"__type__":"cc.Sprite","node":{"__id__":1},"_materials":[{"__uuid__":"ecpdLyjvZBwrvm+cedCcQy"}],"_spriteFrame":{"__uuid__":"63jQRCNNlNjbG+fw3A5Ccu"}}],"_prefab":{"__type__":"cc.PrefabInfo","root":{"__id__":1},"asset":{"__uuid__":"32N9rPo0NAwLQBz6Vrd8Wr"},"fileId":"24Wu5o4sJCz45zcA2wuO+B"},"_contentSize":{"__type__":"cc.Size","width":183,"height":142},"_trs":{"__type__":"TypedArray","ctor":"Float64Array","array":[0,0,0,0,0,0,1,0.8,0.8,1]}}],{"__type__":"cc.SpriteFrame","content":{"name":"item10","texture":"b8CtzeeUdAnIcOai0JO6nZ","rect":[0,0,183,142],"offset":[0,0],"originalSize":[183,142],"capInsets":[0,0,0,0]}}]