[{"__type__":"cc.SpriteFrame","content":{"name":"loso-btn-dangdat","texture":"6aUiBDmQtMI5F+3RvmjJ4J","rect":[1772,1567,140,64],"offset":[0,0],"originalSize":[140,64],"capInsets":[0,0,0,0]}},{"__type__":"cc.SpriteFrame","content":{"name":"loso-btn-table-top","texture":"6aUiBDmQtMI5F+3RvmjJ4J","rect":[821,641,960,100],"offset":[0,0],"originalSize":[960,100],"rotated":1,"capInsets":[0,0,0,0]}},{"__type__":"cc.SpriteFrame","content":{"name":"loso-bg-chat-input","texture":"6aUiBDmQtMI5F+3RvmjJ4J","rect":[1727,1219,280,48],"offset":[0,0],"originalSize":[280,48],"rotated":1,"capInsets":[0,0,0,0]}},{"__type__":"cc.SpriteFrame","content":{"name":"loso-info-bg-status-payout","texture":"6aUiBDmQtMI5F+3RvmjJ4J","rect":[541,1827,320,51],"offset":[0,0],"originalSize":[320,51],"capInsets":[0,0,0,0]}},{"__type__":"cc.SpriteFrame","content":{"name":"loso-btn-somo","texture":"6aUiBDmQtMI5F+3RvmjJ4J","rect":[838,1978,160,64],"offset":[0,0],"originalSize":[160,64],"capInsets":[0,0,0,0]}},{"__type__":"cc.SpriteFrame","content":{"name":"loso-btn-active-1","texture":"6aUiBDmQtMI5F+3RvmjJ4J","rect":[1672,1581,140,98],"offset":[0,0],"originalSize":[140,100],"rotated":1,"capInsets":[0,0,0,0]}},{"__type__":"cc.SpriteFrame","content":{"name":"loso-saoke-top-bg","texture":"6aUiBDmQtMI5F+3RvmjJ4J","rect":[1622,977,560,50],"offset":[0,0],"originalSize":[560,50],"rotated":1,"capInsets":[0,0,0,0]}},{"__type__":"cc.SpriteFrame","content":{"name":"loso-history-main-tab","texture":"6aUiBDmQtMI5F+3RvmjJ4J","rect":[985,515,600,480],"offset":[0,0],"originalSize":[600,480],"capInsets":[0,0,0,0]}},{"__type__":"cc.SpriteFrame","content":{"name":"loso-input-bg-left-small","texture":"6aUiBDmQtMI5F+3RvmjJ4J","rect":[323,1990,78,52],"offset":[0,0],"originalSize":[78,52],"capInsets":[0,0,0,0]}},{"__type__":"cc.SpriteFrame","content":{"name":"loso-popup-bg","texture":"6aUiBDmQtMI5F+3RvmjJ4J","rect":[1,641,963,574],"offset":[0,0],"originalSize":[963,574],"rotated":1,"capInsets":[0,0,0,0]}},{"__type__":"cc.SpriteFrame","content":{"name":"loso-left-bg","texture":"6aUiBDmQtMI5F+3RvmjJ4J","rect":[1454,997,100,720],"offset":[0,0],"originalSize":[100,720],"capInsets":[0,0,0,0]}},{"__type__":"cc.SpriteFrame","content":{"name":"loso-history-region-btn-unactive","texture":"6aUiBDmQtMI5F+3RvmjJ4J","rect":[484,1964,3,3],"offset":[-68.5,30.5],"originalSize":[140,64],"capInsets":[0,0,0,0]}},{"__type__":"cc.SpriteFrame","content":{"name":"loso-btn-soicau","texture":"6aUiBDmQtMI5F+3RvmjJ4J","rect":[676,1978,160,64],"offset":[0,0],"originalSize":[160,64],"capInsets":[0,0,0,0]}},{"__type__":"cc.SpriteFrame","content":{"name":"loso-btn-0","texture":"6aUiBDmQtMI5F+3RvmjJ4J","rect":[443,1868,40,36],"offset":[0,2],"originalSize":[140,100],"capInsets":[0,0,0,0]}},{"__type__":"cc.SpriteFrame","content":{"name":"loso-btn-active-3","texture":"6aUiBDmQtMI5F+3RvmjJ4J","rect":[1773,323,139,96],"offset":[0,0],"originalSize":[139,96],"capInsets":[0,0,0,0]}},{"__type__":"cc.SpriteFrame","content":{"name":"loso-thongke-bg-input","texture":"6aUiBDmQtMI5F+3RvmjJ4J","rect":[1694,515,320,64],"offset":[0,0],"originalSize":[320,64],"rotated":1,"capInsets":[0,0,0,0]}},{"__type__":"cc.SpriteFrame","content":{"name":"loso-btn-select-phu-quy","texture":"6aUiBDmQtMI5F+3RvmjJ4J","rect":[1333,1849,173,87],"offset":[0,0],"originalSize":[173,87],"capInsets":[0,0,0,0]}},{"__type__":"cc.SpriteFrame","content":{"name":"loso-btn-saoke-chonso-active","texture":"6aUiBDmQtMI5F+3RvmjJ4J","rect":[1727,937,280,50],"offset":[0,0],"originalSize":[280,50],"rotated":1,"capInsets":[0,0,0,0]}},{"__type__":"cc.SpriteFrame","content":{"name":"loso-thongke-bg-header","texture":"6aUiBDmQtMI5F+3RvmjJ4J","rect":[1230,997,960,60],"offset":[0,0],"originalSize":[960,60],"rotated":1,"capInsets":[0,0,0,0]}},{"__type__":"cc.SpriteFrame","content":{"name":"loso-dialog-result-title","texture":"6aUiBDmQtMI5F+3RvmjJ4J","rect":[1587,515,460,39],"offset":[0,0],"originalSize":[460,39],"rotated":1,"capInsets":[0,0,0,0]}},{"__type__":"cc.SpriteFrame","content":{"name":"loso-btn-change-input","texture":"6aUiBDmQtMI5F+3RvmjJ4J","rect":[1000,1960,120,64],"offset":[0,0],"originalSize":[120,64],"capInsets":[0,0,0,0]}},{"__type__":"cc.SpriteFrame","content":{"name":"loso-btn-uncheck","texture":"6aUiBDmQtMI5F+3RvmjJ4J","rect":[1819,1975,52,52],"offset":[0,0],"originalSize":[52,52],"capInsets":[0,0,0,0]}},{"__type__":"cc.SpriteFrame","content":{"name":"loso-info-bg-status-close-betting","texture":"6aUiBDmQtMI5F+3RvmjJ4J","rect":[541,1774,320,51],"offset":[0,0],"originalSize":[320,51],"capInsets":[0,0,0,0]}},{"__type__":"cc.SpriteFrame","content":{"name":"loso-get-number-btn-open-get-number","texture":"6aUiBDmQtMI5F+3RvmjJ4J","rect":[1101,1801,104,43],"offset":[0,0],"originalSize":[104,43],"rotated":1,"capInsets":[0,0,0,0]}},{"__type__":"cc.SpriteFrame","content":{"name":"loso-btn-tra-thuong","texture":"6aUiBDmQtMI5F+3RvmjJ4J","rect":[1836,421,222,76],"offset":[0,0],"originalSize":[222,76],"rotated":1,"capInsets":[0,0,0,0]}},{"__type__":"cc.SpriteFrame","content":{"name":"loso-chat-notification","texture":"6aUiBDmQtMI5F+3RvmjJ4J","rect":[1773,1,320,70],"offset":[0,0],"originalSize":[320,70],"rotated":1,"capInsets":[0,0,0,0]}},{"__type__":"cc.SpriteFrame","content":{"name":"loso-btn-saoke-chonso","texture":"6aUiBDmQtMI5F+3RvmjJ4J","rect":[863,1659,218,50],"offset":[0,0],"originalSize":[280,50],"rotated":1,"capInsets":[0,0,0,0]}},{"__type__":"cc.SpriteFrame","content":{"name":"loso-btn-chat","texture":"6aUiBDmQtMI5F+3RvmjJ4J","rect":[1727,1501,140,64],"offset":[0,0],"originalSize":[140,64],"capInsets":[0,0,0,0]}},{"__type__":"cc.SpriteFrame","content":{"name":"loso-history-region-btn-active","texture":"6aUiBDmQtMI5F+3RvmjJ4J","rect":[915,1801,184,68],"offset":[0,0],"originalSize":[184,68],"capInsets":[0,0,0,0]}},{"__type__":"cc.SpriteFrame","content":{"name":"loso-btn-number-checked","texture":"6aUiBDmQtMI5F+3RvmjJ4J","rect":[1663,1966,76,76],"offset":[0,0],"originalSize":[76,76],"capInsets":[0,0,0,0]}},{"__type__":"cc.SpriteFrame","content":{"name":"loso-info-bg-status-watting-for-start","texture":"6aUiBDmQtMI5F+3RvmjJ4J","rect":[1674,937,320,51],"offset":[0,0],"originalSize":[320,51],"rotated":1,"capInsets":[0,0,0,0]}},{"__type__":"cc.SpriteFrame","content":{"name":"loso-get-number-table-header-bg","texture":"6aUiBDmQtMI5F+3RvmjJ4J","rect":[1333,997,850,53],"offset":[0,0],"originalSize":[850,53],"rotated":1,"capInsets":[0,0,0,0]}},{"__type__":"cc.SpriteFrame","content":{"name":"loso-","texture":"6aUiBDmQtMI5F+3RvmjJ4J","rect":[1388,1759,88,88],"offset":[0,0],"originalSize":[88,88],"capInsets":[0,0,0,0]}},{"__type__":"cc.SpriteFrame","content":{"name":"loso-btn-checked","texture":"6aUiBDmQtMI5F+3RvmjJ4J","rect":[403,1990,52,52],"offset":[0,0],"originalSize":[52,52],"capInsets":[0,0,0,0]}},{"__type__":"cc.SpriteFrame","content":{"name":"loso-lo","texture":"6aUiBDmQtMI5F+3RvmjJ4J","rect":[1608,1723,140,100],"offset":[0,0],"originalSize":[140,100],"capInsets":[0,0,0,0]}},{"__type__":"cc.SpriteFrame","content":{"name":"loso-history-date-bg","texture":"6aUiBDmQtMI5F+3RvmjJ4J","rect":[1149,997,940,79],"offset":[0,0],"originalSize":[940,79],"rotated":1,"capInsets":[0,0,0,0]}},{"__type__":"cc.SpriteFrame","content":{"name":"loso-money-icon","texture":"6aUiBDmQtMI5F+3RvmjJ4J","rect":[1556,1669,51,48],"offset":[0,0],"originalSize":[51,48],"capInsets":[0,0,0,0]}},{"__type__":"cc.SpriteFrame","content":{"name":"loso-active-top-bar","texture":"6aUiBDmQtMI5F+3RvmjJ4J","rect":[577,641,960,120],"offset":[0,0],"originalSize":[960,120],"rotated":1,"capInsets":[0,0,0,0]}},{"__type__":"cc.SpriteFrame","content":{"name":"loso-btn-select-than-tai","texture":"6aUiBDmQtMI5F+3RvmjJ4J","rect":[1508,1845,173,87],"offset":[0,0],"originalSize":[173,87],"rotated":1,"capInsets":[0,0,0,0]}},{"__type__":"cc.SpriteFrame","content":{"name":"loso-get-number-input-bg","texture":"6aUiBDmQtMI5F+3RvmjJ4J","rect":[1628,515,420,64],"offset":[0,0],"originalSize":[420,64],"rotated":1,"capInsets":[0,0,0,0]}},{"__type__":"cc.SpriteFrame","content":{"name":"loso-saoke-top-btn","texture":"6aUiBDmQtMI5F+3RvmjJ4J","rect":[1779,937,280,39],"offset":[0,0],"originalSize":[280,39],"rotated":1,"capInsets":[0,0,0,0]}},{"__type__":"cc.SpriteFrame","content":{"name":"loso-chat-dangdat-active","texture":"6aUiBDmQtMI5F+3RvmjJ4J","rect":[484,1964,3,3],"offset":[-68.5,30.5],"originalSize":[140,64],"capInsets":[0,0,0,0]}},{"__type__":"cc.SpriteFrame","content":{"name":"loso-popup-confirm","texture":"6aUiBDmQtMI5F+3RvmjJ4J","rect":[1846,1699,144,58],"offset":[0,0],"originalSize":[144,58],"rotated":1,"capInsets":[0,0,0,0]}},{"__type__":"cc.SpriteFrame","content":{"name":"loso-popup-nhanhet","texture":"6aUiBDmQtMI5F+3RvmjJ4J","rect":[1548,1719,124,58],"offset":[0,0],"originalSize":[124,58],"rotated":1,"capInsets":[0,0,0,0]}},{"__type__":"cc.SpriteFrame","content":{"name":"loso-chat-dangdat-bg","texture":"6aUiBDmQtMI5F+3RvmjJ4J","rect":[577,1603,320,54],"offset":[0,0],"originalSize":[320,64],"capInsets":[0,0,0,0]}},{"__type__":"cc.SpriteFrame","content":{"name":"loso-history-btn-pre-day","texture":"6aUiBDmQtMI5F+3RvmjJ4J","rect":[1122,1957,42,62],"offset":[0,1],"originalSize":[80,80],"capInsets":[0,0,0,0]}},{"__type__":"cc.SpriteFrame","content":{"name":"loso-btn-saoke-nhanso","texture":"6aUiBDmQtMI5F+3RvmjJ4J","rect":[1829,1188,216,50],"offset":[13,0],"originalSize":[242,50],"rotated":1,"capInsets":[0,0,0,0]}},{"__type__":"cc.SpriteFrame","content":{"name":"loso-get-number-btn-filter","texture":"6aUiBDmQtMI5F+3RvmjJ4J","rect":[1478,1719,124,68],"offset":[0,0],"originalSize":[124,68],"rotated":1,"capInsets":[0,0,0,0]}},{"__type__":"cc.SpriteFrame","content":{"name":"loso-popup-cancel","texture":"6aUiBDmQtMI5F+3RvmjJ4J","rect":[1821,1845,94,58],"offset":[0,0],"originalSize":[94,58],"rotated":1,"capInsets":[0,0,0,0]}},{"__type__":"cc.SpriteFrame","content":{"name":"loso-bg-tra-thuong","texture":"6aUiBDmQtMI5F+3RvmjJ4J","rect":[1,1,954,638],"offset":[0,0],"originalSize":[954,638],"capInsets":[0,0,0,0]}},{"__type__":"cc.SpriteFrame","content":{"name":"loso-btn-3","texture":"6aUiBDmQtMI5F+3RvmjJ4J","rect":[1821,1941,70,32],"offset":[0,0],"originalSize":[140,100],"capInsets":[0,0,0,0]}},{"__type__":"cc.SpriteFrame","content":{"name":"loso-btn-1","texture":"6aUiBDmQtMI5F+3RvmjJ4J","rect":[1777,1463,112,36],"offset":[-1,2],"originalSize":[140,100],"capInsets":[0,0,0,0]}},{"__type__":"cc.SpriteFrame","content":{"name":"loso-history-region-name","texture":"6aUiBDmQtMI5F+3RvmjJ4J","rect":[1,1964,481,24],"offset":[0,0],"originalSize":[481,24],"capInsets":[0,0,0,0]}},{"__type__":"cc.SpriteFrame","content":{"name":"loso-history-tabstatistic","texture":"6aUiBDmQtMI5F+3RvmjJ4J","rect":[1,1606,300,440],"offset":[0,0],"originalSize":[300,440],"rotated":1,"capInsets":[0,0,0,0]}},{"__type__":"cc.SpriteFrame","content":{"name":"loso-thongke-bg-menu-active","texture":"6aUiBDmQtMI5F+3RvmjJ4J","rect":[1845,1,320,60],"offset":[0,0],"originalSize":[320,60],"rotated":1,"capInsets":[0,0,0,0]}},{"__type__":"cc.SpriteFrame","content":{"name":"loso-btn-slect-phat-loc","texture":"6aUiBDmQtMI5F+3RvmjJ4J","rect":[915,1871,173,87],"offset":[0,0],"originalSize":[173,87],"capInsets":[0,0,0,0]}},{"__type__":"cc.SpriteFrame","content":{"name":"loso-back","texture":"6aUiBDmQtMI5F+3RvmjJ4J","rect":[1829,1406,55,61],"offset":[0,0],"originalSize":[55,61],"rotated":1,"capInsets":[0,0,0,0]}},{"__type__":"cc.SpriteFrame","content":{"name":"loso-mb-bg","texture":"6aUiBDmQtMI5F+3RvmjJ4J","rect":[957,1,814,348],"offset":[0,0],"originalSize":[814,348],"capInsets":[0,0,0,0]}},{"__type__":"cc.SpriteFrame","content":{"name":"loso-info-bg-status-result","texture":"6aUiBDmQtMI5F+3RvmjJ4J","rect":[1760,515,320,51],"offset":[0,0],"originalSize":[320,51],"rotated":1,"capInsets":[0,0,0,0]}},{"__type__":"cc.SpriteFrame","content":{"name":"loso-thongke-bg-menu-unactive","texture":"6aUiBDmQtMI5F+3RvmjJ4J","rect":[541,1659,320,60],"offset":[0,0],"originalSize":[320,60],"capInsets":[0,0,0,0]}},{"__type__":"cc.SpriteFrame","content":{"name":"loso-btn-select-top","texture":"6aUiBDmQtMI5F+3RvmjJ4J","rect":[1772,1633,140,64],"offset":[0,0],"originalSize":[140,64],"capInsets":[0,0,0,0]}},{"__type__":"cc.SpriteFrame","content":{"name":"loso-btn-active-0","texture":"6aUiBDmQtMI5F+3RvmjJ4J","rect":[1694,837,140,98],"offset":[0,0],"originalSize":[140,100],"capInsets":[0,0,0,0]}},{"__type__":"cc.SpriteFrame","content":{"name":"loso-btn-select-random","texture":"6aUiBDmQtMI5F+3RvmjJ4J","rect":[1333,1938,173,87],"offset":[0,0],"originalSize":[173,87],"capInsets":[0,0,0,0]}},{"__type__":"cc.SpriteFrame","content":{"name":"loso-bet-bg","texture":"6aUiBDmQtMI5F+3RvmjJ4J","rect":[1,1990,320,51],"offset":[0,0],"originalSize":[320,51],"capInsets":[0,0,0,0]}},{"__type__":"cc.SpriteFrame","content":{"name":"loso-btn-history-result","texture":"6aUiBDmQtMI5F+3RvmjJ4J","rect":[1836,645,182,76],"offset":[0,0],"originalSize":[182,76],"rotated":1,"capInsets":[0,0,0,0]}},{"__type__":"cc.SpriteFrame","content":{"name":"loso-info-bg-status-betting","texture":"6aUiBDmQtMI5F+3RvmjJ4J","rect":[541,1721,320,51],"offset":[0,0],"originalSize":[320,51],"capInsets":[0,0,0,0]}},{"__type__":"cc.SpriteFrame","content":{"name":"loso-btn-active-4","texture":"6aUiBDmQtMI5F+3RvmjJ4J","rect":[1663,1825,139,96],"offset":[0,0],"originalSize":[139,96],"rotated":1,"capInsets":[0,0,0,0]}},{"__type__":"cc.SpriteFrame","content":{"name":"loso-somo-bg-input","texture":"6aUiBDmQtMI5F+3RvmjJ4J","rect":[1556,997,670,64],"offset":[0,0],"originalSize":[670,64],"rotated":1,"capInsets":[0,0,0,0]}},{"__type__":"cc.SpriteAtlas","_name":"LoSo.plist","_spriteFrames":{"loso-":{"__uuid__":"5anxPwf6JOOKFoxVh5Duf9"},"loso-active-top-bar":{"__uuid__":"692JPV+XpO3r3Vf2LSWmZI"},"loso-back":{"__uuid__":"99pZwvKrxEErm1JTug7IJG"},"loso-bet-bg":{"__uuid__":"b9ZzyJD/BJno4ACzJ9TM4z"},"loso-bg-chat-input":{"__uuid__":"07V2YMe1dFqrNjihqWANlV"},"loso-bg-tra-thuong":{"__uuid__":"84cVhEoOFNTImnB3798OxJ"},"loso-btn-0":{"__uuid__":"2bIzEXo9BKY5wazhh0knmS"},"loso-btn-1":{"__uuid__":"8bPztbvu1Jqp3Q6VuXBq1B"},"loso-btn-2":{"__uuid__":"f0qSHvyv9LaYwfXVHSqbFd"},"loso-btn-3":{"__uuid__":"89W1Tb7ZJMZYrBgtR0qZV8"},"loso-btn-4":{"__uuid__":"e2I+mCYw1EXJIS6gMWxzBj"},"loso-btn-active-0":{"__uuid__":"b1zNlJ1AZDFIY8JgcoB19a"},"loso-btn-active-1":{"__uuid__":"0etLws8VZJIbwQtLFcYSxh"},"loso-btn-active-2":{"__uuid__":"ecRX8JgnBCsZbGpqSCizWZ"},"loso-btn-active-3":{"__uuid__":"2bKRbB6m1E94HQN06K6iWS"},"loso-btn-active-4":{"__uuid__":"bcrYAAGcdE6qX7Ra0H44dM"},"loso-btn-change-input":{"__uuid__":"39+52YBOxJip/8ZhoE0xKz"},"loso-btn-chat":{"__uuid__":"496HbCz7ZDtZDEtYIK1EZ+"},"loso-btn-checked":{"__uuid__":"61tIft6HRAkL9siOS1RxyD"},"loso-btn-dangdat":{"__uuid__":"01xHrBlsZEd66IgY2JEokb"},"loso-btn-dat-so":{"__uuid__":"f3GeU4Go9PMqnhRR5ELoJ1"},"loso-btn-history-result":{"__uuid__":"badIVLQwpF87MaGk4o+0cj"},"loso-btn-nhan-so":{"__uuid__":"e37BZ/v5tFVr4KIfCh9UtN"},"loso-btn-number-checked":{"__uuid__":"57s4cPQ/pOhbIUAuW2+/Ym"},"loso-btn-number-unchecked":{"__uuid__":"c6zN6aNrRELahOEVBwNSVO"},"loso-btn-saoke-chonso-active":{"__uuid__":"37QuZD1ylPFIRZrOCX2Em6"},"loso-btn-saoke-chonso":{"__uuid__":"46Xfv5a6lA6ojwgfoNlVGo"},"loso-btn-saoke-nhanso-active":{"__uuid__":"ee0YQrr85JGoErRtVXDJXe"},"loso-btn-saoke-nhanso":{"__uuid__":"81b3TbCLFJjpk1ESzcbdLS"},"loso-btn-saoke":{"__uuid__":"ecG0BrrzdEroKTVzbMQivJ"},"loso-btn-select-loc":{"__uuid__":"f23p58nWpF4oFBT7FEDqbW"},"loso-btn-select-phat-loc":{"__uuid__":"c7ZcyJuU5A1aO5dMCBI7Td"},"loso-btn-select-phu-quy":{"__uuid__":"2df4KMbelLKbmDZ1ELKDit"},"loso-btn-select-random":{"__uuid__":"b6Q6bPpBhC6ZhjMbembzWk"},"loso-btn-select-than-tai":{"__uuid__":"73JPmQu81LKZWyyAjhx4NE"},"loso-btn-select-top":{"__uuid__":"b1Rc8DBUREFpH3PeDCF26y"},"loso-btn-slect-phat-loc":{"__uuid__":"99pQ7VhbxDypfNBgFiN4Eg"},"loso-btn-soicau":{"__uuid__":"2adc0XB9FGdJNGQN7Cne1M"},"loso-btn-somo":{"__uuid__":"0cl0/8+WdGsbX8dCaMUCnY"},"loso-btn-table-top":{"__uuid__":"04YDvFdxlOIaZXtF/7kgml"},"loso-btn-thongke":{"__uuid__":"de7O+27MlE75mKE6Ug/KNC"},"loso-btn-tra-thuong":{"__uuid__":"45gizwiMRBaZyG/PbnQfPi"},"loso-btn-uncheck":{"__uuid__":"3dSK+9oktLi60/4JMZwgak"},"loso-chat-dangdat-active":{"__uuid__":"78Tvn/7v1MPpHXfgzWYUFI"},"loso-chat-dangdat-bg":{"__uuid__":"7cVls/yP9BHqUZvJZ+CZ04"},"loso-chat-notification":{"__uuid__":"46LHGIUMlI7pemOKNhadAy"},"loso-check-box-bg":{"__uuid__":"ecmRqZRLhI0JX5rBST2+j0"},"loso-dat-cuoc":{"__uuid__":"eeV71TrZVN5YCeonZYANT0"},"loso-date-scroll":{"__uuid__":"fdDIBd3+BMCZNCMn16J1Zr"},"loso-dialog-result-title":{"__uuid__":"39sO2BqfBEaLQI+SBZuLRU"},"loso-get-number-btn-filter":{"__uuid__":"82v1uT07pFjrmv5+Wi7tPk"},"loso-get-number-btn-open-get-number":{"__uuid__":"40ll5oSC9AmY6UhVZ3Rsjz"},"loso-get-number-btn-pre-older":{"__uuid__":"f3Qc5zgTNOjYF9UNUMNNTQ"},"loso-get-number-btn-refresh":{"__uuid__":"c91TxQd7xCpYXIJlQU6QWr"},"loso-get-number-input-bg":{"__uuid__":"76CSUdm0JNBrcjvanUKVFe"},"loso-get-number-table-header-bg":{"__uuid__":"5akts4+XFLiZSysntom6tI"},"loso-history-btn-next-day":{"__uuid__":"eeFzrwqhFHxK9sEZEC1wIw"},"loso-history-btn-pre-day":{"__uuid__":"80LMRpTDJG4KsULdaA0WoV"},"loso-history-date-bg":{"__uuid__":"69dp02N2RJtIiAKXlw5XH7"},"loso-history-main-tab":{"__uuid__":"14jjaMRnlFZLl229BwrlSe"},"loso-history-region-bg":{"__uuid__":"e9bD8Dz09E1atzl1j4qWRW"},"loso-history-region-btn-active":{"__uuid__":"4b+Vw0bBlD+7W1lY0QtnoR"},"loso-history-region-btn-unactive":{"__uuid__":"1cexgrwmdGmKF+jIt7O+3V"},"loso-history-region-name":{"__uuid__":"8dKUjky+FGzKCB7jT0s2Y9"},"loso-history-tabstatistic":{"__uuid__":"98PWU5OVZE+rm95oeC8WRm"},"loso-huy":{"__uuid__":"f7T4L3I2pNIL6KQrGg8mLH"},"loso-info-bg-status-betting":{"__uuid__":"bayuq8PRVLT7Z8ryYMCCT2"},"loso-info-bg-status-close-betting":{"__uuid__":"3d8f/vmFNB7rvK8/tib6nn"},"loso-info-bg-status-payout":{"__uuid__":"0bGxCeWRZNAZPkue1FkpIq"},"loso-info-bg-status-result":{"__uuid__":"aaFg+c7JpK8L1pIZrkYRzW"},"loso-info-bg-status-watting-for-start":{"__uuid__":"580c/BcHZN15WpNV5G+ujT"},"loso-info-bg-status":{"__uuid__":"c7UiWIlbFIS7B4QHgz1mul"},"loso-input-bg-left-small":{"__uuid__":"16UbvkZzVD1IAD6Hhru23m"},"loso-input-bg-left":{"__uuid__":"f0rNQXO59C9INtMOnl2JJE"},"loso-input-bg":{"__uuid__":"c5bgmsHgBIX5STMVFJ6jMo"},"loso-left-bg":{"__uuid__":"1cK+5g2h1IY4Ea3zWMV7dP"},"loso-lo":{"__uuid__":"64cA7hoxJJdazyOSxN2i3Q"},"loso-mb-bg":{"__uuid__":"9bjfWg8ihIg7j4eWzQkj9a"},"loso-mn-bg":{"__uuid__":"dblYizwkVDypJ5MaNMjS7x"},"loso-money-icon":{"__uuid__":"69rMdBXxhKnJKuhiM4zytY"},"loso-mt-bg":{"__uuid__":"f0hVl0RRJC74mK2Hnf5CaG"},"loso-popup-bg":{"__uuid__":"17OjwdvQFHQpRgmtKUx1Ls"},"loso-popup-cancel":{"__uuid__":"83gj+5pYBNZLSWHseCOajg"},"loso-popup-close":{"__uuid__":"d1j2uz5FtBrLwNlgAOSqE4"},"loso-popup-confirm":{"__uuid__":"7aIIrwOJVPEqWJYdb01C5R"},"loso-popup-nhanhet":{"__uuid__":"7afHba7+5Ik57xxi6EKo22"},"loso-saoke-table-row-bg":{"__uuid__":"cfH4VEDMZGzLj54scIGEiR"},"loso-saoke-top-bg":{"__uuid__":"0foaXnfw9PxoUJKN3fk2Jt"},"loso-saoke-top-btn":{"__uuid__":"76CmSNvJlFe6DTuitUaojl"},"loso-somo-bg-header":{"__uuid__":"fayc6tUsdOwIT0pNrf8p5k"},"loso-somo-bg-input":{"__uuid__":"c0VdkwIhVLFIqd0UK1cXdq"},"loso-somo-btn-show-result":{"__uuid__":"d3cvkvrm5PMoNEOMQAjb5L"},"loso-thongke-bg-header":{"__uuid__":"39bd9BIQdOi7PsJ7ae6fzC"},"loso-thongke-bg-input":{"__uuid__":"2dQtmNIEZCVJ4jwBJ9E7+g"},"loso-thongke-bg-menu-active":{"__uuid__":"980Q7kDvpBvIB5y5NmDINT"},"loso-thongke-bg-menu-unactive":{"__uuid__":"abHQAKHUdKM4wOgHvJr/j1"},"loso-thongke-btn-blank":{"__uuid__":"e3ssDzHlVLW7UUBqJ0+EXY"},"loso-thongke-btn-show-result":{"__uuid__":"c5r7vpEKVEHqeiZeT06rEY"},"loso-top-bar-bg":{"__uuid__":"daToMPPHNAALTbs9POisAw"}}},{"__type__":"cc.SpriteFrame","content":{"name":"loso-input-bg","texture":"6aUiBDmQtMI5F+3RvmjJ4J","rect":[1388,997,760,64],"offset":[0,0],"originalSize":[760,64],"rotated":1,"capInsets":[0,0,0,0]}},{"__type__":"cc.SpriteFrame","content":{"name":"loso-thongke-btn-show-result","texture":"6aUiBDmQtMI5F+3RvmjJ4J","rect":[484,1978,190,64],"offset":[0,0],"originalSize":[190,64],"capInsets":[0,0,0,0]}},{"__type__":"cc.SpriteFrame","content":{"name":"loso-btn-number-unchecked","texture":"6aUiBDmQtMI5F+3RvmjJ4J","rect":[1741,1966,76,76],"offset":[0,0],"originalSize":[76,76],"capInsets":[0,0,0,0]}},{"__type__":"cc.SpriteFrame","content":{"name":"loso-info-bg-status","texture":"6aUiBDmQtMI5F+3RvmjJ4J","rect":[1674,1259,320,51],"offset":[0,0],"originalSize":[320,51],"rotated":1,"capInsets":[0,0,0,0]}},{"__type__":"cc.SpriteFrame","content":{"name":"loso-btn-select-phat-loc","texture":"6aUiBDmQtMI5F+3RvmjJ4J","rect":[915,1871,173,87],"offset":[0,0],"originalSize":[173,87],"capInsets":[0,0,0,0]}},{"__type__":"cc.SpriteFrame","content":{"name":"loso-get-number-btn-refresh","texture":"6aUiBDmQtMI5F+3RvmjJ4J","rect":[1761,421,84,68],"offset":[0,0],"originalSize":[84,68],"rotated":1,"capInsets":[0,0,0,0]}},{"__type__":"cc.SpriteFrame","content":{"name":"loso-saoke-table-row-bg","texture":"6aUiBDmQtMI5F+3RvmjJ4J","rect":[1292,997,940,39],"offset":[0,0],"originalSize":[940,39],"rotated":1,"capInsets":[0,0,0,0]}},{"__type__":"cc.SpriteFrame","content":{"name":"loso-popup-close","texture":"6aUiBDmQtMI5F+3RvmjJ4J","rect":[1090,1907,48,48],"offset":[0,0],"originalSize":[48,48],"capInsets":[0,0,0,0]}},{"__type__":"cc.SpriteFrame","content":{"name":"loso-somo-btn-show-result","texture":"6aUiBDmQtMI5F+3RvmjJ4J","rect":[484,1978,190,64],"offset":[0,0],"originalSize":[190,64],"capInsets":[0,0,0,0]}},{"__type__":"cc.SpriteFrame","content":{"name":"loso-top-bar-bg","texture":"6aUiBDmQtMI5F+3RvmjJ4J","rect":[699,641,960,120],"offset":[0,0],"originalSize":[960,120],"rotated":1,"capInsets":[0,0,0,0]}},{"__type__":"cc.SpriteFrame","content":{"name":"loso-mn-bg","texture":"6aUiBDmQtMI5F+3RvmjJ4J","rect":[957,351,802,162],"offset":[0,0],"originalSize":[802,162],"capInsets":[0,0,0,0]}},{"__type__":"cc.SpriteFrame","content":{"name":"loso-btn-thongke","texture":"6aUiBDmQtMI5F+3RvmjJ4J","rect":[1597,1845,160,64],"offset":[0,0],"originalSize":[160,64],"rotated":1,"capInsets":[0,0,0,0]}},{"__type__":"cc.SpriteFrame","content":{"name":"loso-btn-4","texture":"6aUiBDmQtMI5F+3RvmjJ4J","rect":[1810,1699,118,34],"offset":[0,1],"originalSize":[140,100],"rotated":1,"capInsets":[0,0,0,0]}},{"__type__":"cc.SpriteFrame","content":{"name":"loso-thongke-btn-blank","texture":"6aUiBDmQtMI5F+3RvmjJ4J","rect":[484,1964,3,3],"offset":[-158.5,28.5],"originalSize":[320,60],"capInsets":[0,0,0,0]}},{"__type__":"cc.SpriteFrame","content":{"name":"loso-btn-nhan-so","texture":"6aUiBDmQtMI5F+3RvmjJ4J","rect":[489,1880,260,96],"offset":[0,0],"originalSize":[260,96],"capInsets":[0,0,0,0]}},{"__type__":"cc.SpriteFrame","content":{"name":"loso-history-region-bg","texture":"6aUiBDmQtMI5F+3RvmjJ4J","rect":[1,1908,486,54],"offset":[0,-1],"originalSize":[486,64],"capInsets":[0,0,0,0]}},{"__type__":"cc.SpriteFrame","content":{"name":"loso-btn-saoke","texture":"6aUiBDmQtMI5F+3RvmjJ4J","rect":[1836,829,182,76],"offset":[0,0],"originalSize":[182,76],"rotated":1,"capInsets":[0,0,0,0]}},{"__type__":"cc.SpriteFrame","content":{"name":"loso-btn-active-2","texture":"6aUiBDmQtMI5F+3RvmjJ4J","rect":[751,1880,139,96],"offset":[0,0],"originalSize":[139,96],"capInsets":[0,0,0,0]}},{"__type__":"cc.SpriteFrame","content":{"name":"loso-check-box-bg","texture":"6aUiBDmQtMI5F+3RvmjJ4J","rect":[1819,1975,52,52],"offset":[0,0],"originalSize":[52,52],"capInsets":[0,0,0,0]}},{"__type__":"cc.SpriteFrame","content":{"name":"loso-history-btn-next-day","texture":"6aUiBDmQtMI5F+3RvmjJ4J","rect":[1869,1501,42,62],"offset":[0,1],"originalSize":[80,80],"capInsets":[0,0,0,0]}},{"__type__":"cc.SpriteFrame","content":{"name":"loso-dat-cuoc","texture":"6aUiBDmQtMI5F+3RvmjJ4J","rect":[1761,1819,144,58],"offset":[0,0],"originalSize":[144,58],"rotated":1,"capInsets":[0,0,0,0]}},{"__type__":"cc.SpriteFrame","content":{"name":"loso-btn-saoke-nhanso-active","texture":"6aUiBDmQtMI5F+3RvmjJ4J","rect":[1777,1219,242,50],"offset":[0,0],"originalSize":[242,50],"rotated":1,"capInsets":[0,0,0,0]}},{"__type__":"cc.SpriteFrame","content":{"name":"loso-mt-bg","texture":"6aUiBDmQtMI5F+3RvmjJ4J","rect":[985,997,802,162],"offset":[0,0],"originalSize":[802,162],"rotated":1,"capInsets":[0,0,0,0]}},{"__type__":"cc.SpriteFrame","content":{"name":"loso-btn-2","texture":"6aUiBDmQtMI5F+3RvmjJ4J","rect":[1628,937,38,32],"offset":[0,0],"originalSize":[140,100],"rotated":1,"capInsets":[0,0,0,0]}},{"__type__":"cc.SpriteFrame","content":{"name":"loso-input-bg-left","texture":"6aUiBDmQtMI5F+3RvmjJ4J","rect":[1622,1539,160,48],"offset":[0,0],"originalSize":[160,48],"rotated":1,"capInsets":[0,0,0,0]}},{"__type__":"cc.SpriteFrame","content":{"name":"loso-btn-select-loc","texture":"6aUiBDmQtMI5F+3RvmjJ4J","rect":[1820,1013,173,87],"offset":[0,0],"originalSize":[173,87],"rotated":1,"capInsets":[0,0,0,0]}},{"__type__":"cc.SpriteFrame","content":{"name":"loso-btn-dat-so","texture":"6aUiBDmQtMI5F+3RvmjJ4J","rect":[443,1606,260,96],"offset":[0,0],"originalSize":[260,96],"rotated":1,"capInsets":[0,0,0,0]}},{"__type__":"cc.SpriteFrame","content":{"name":"loso-get-number-btn-pre-older","texture":"6aUiBDmQtMI5F+3RvmjJ4J","rect":[915,1603,184,68],"offset":[0,0],"originalSize":[184,68],"rotated":1,"capInsets":[0,0,0,0]}},{"__type__":"cc.SpriteFrame","content":{"name":"loso-huy","texture":"6aUiBDmQtMI5F+3RvmjJ4J","rect":[1750,1723,94,58],"offset":[0,0],"originalSize":[94,58],"rotated":1,"capInsets":[0,0,0,0]}},{"__type__":"cc.SpriteFrame","content":{"name":"loso-somo-bg-header","texture":"6aUiBDmQtMI5F+3RvmjJ4J","rect":[923,641,960,60],"offset":[0,0],"originalSize":[960,60],"rotated":1,"capInsets":[0,0,0,0]}},{"__type__":"cc.SpriteFrame","content":{"name":"loso-date-scroll","texture":"6aUiBDmQtMI5F+3RvmjJ4J","rect":[1149,997,940,79],"offset":[0,0],"originalSize":[940,79],"rotated":1,"capInsets":[0,0,0,0]}}]