{"__type__":"dragonBones.DragonBonesAsset","_name":"kyby_chibang5_ske","_dragonBonesJson":"{\"frameRate\":24,\"name\":\"kyby_chibang5\",\"version\":\"5.5\",\"compatibleVersion\":\"5.5\",\"armature\":[{\"type\":\"Armature\",\"frameRate\":24,\"name\":\"kyby_chibang5\",\"aabb\":{\"x\":-228.98,\"y\":-187.72,\"width\":457.96,\"height\":389},\"bone\":[{\"name\":\"root\"},{\"name\":\"chibang5_R-chibang2\",\"parent\":\"root\"},{\"length\":143,\"name\":\"chibang5texiao_00\",\"parent\":\"root\",\"transform\":{\"scX\":2,\"scY\":2}},{\"name\":\"chibang5_R-chibang22\",\"parent\":\"root\",\"transform\":{\"scX\":-1}},{\"length\":35,\"name\":\"chibang5_R-chibang\",\"parent\":\"chibang5_R-chibang2\",\"transform\":{\"x\":40.63}},{\"length\":35,\"name\":\"chibang5_R-chibang5\",\"parent\":\"chibang5_R-chibang22\",\"transform\":{\"x\":40.63}},{\"length\":119,\"name\":\"chibang5_R-chibang31\",\"parent\":\"chibang5_R-chibang5\",\"transform\":{\"x\":43.5325,\"y\":-25.6675,\"skX\":-32.8045,\"skY\":-32.8045}},{\"length\":119,\"name\":\"chibang5_R-chibang3\",\"parent\":\"chibang5_R-chibang\",\"transform\":{\"x\":43.5325,\"y\":-25.6675,\"skX\":-32.8045,\"skY\":-32.8045}},{\"length\":53,\"name\":\"chibang5_R-chibang211\",\"parent\":\"chibang5_R-chibang5\",\"transform\":{\"x\":43.5112,\"y\":-52.8695,\"skX\":-50.0303,\"skY\":-50.0303}},{\"length\":53,\"name\":\"chibang5_R-chibang21\",\"parent\":\"chibang5_R-chibang\",\"transform\":{\"x\":43.5112,\"y\":-52.8695,\"skX\":-50.0303,\"skY\":-50.0303}},{\"length\":48,\"name\":\"chibang5_R-chibang1\",\"parent\":\"chibang5_R-chibang\",\"transform\":{\"x\":15.75,\"y\":70.7,\"skX\":69.541,\"skY\":69.541}},{\"length\":48,\"name\":\"chibang5_R-chibang11\",\"parent\":\"chibang5_R-chibang5\",\"transform\":{\"x\":15.75,\"y\":70.7,\"skX\":69.541,\"skY\":69.541}},{\"length\":80,\"name\":\"chibang5_R-chibang41\",\"parent\":\"chibang5_R-chibang5\",\"transform\":{\"x\":35.05,\"y\":9.65,\"skX\":34.6436,\"skY\":34.6436}},{\"length\":80,\"name\":\"chibang5_R-chibang4\",\"parent\":\"chibang5_R-chibang\",\"transform\":{\"x\":35.05,\"y\":9.65,\"skX\":34.6436,\"skY\":34.6436}},{\"name\":\"chibang5_saoguang\",\"parent\":\"chibang5_R-chibang\",\"transform\":{\"x\":47.2289,\"y\":3.8224,\"scX\":2,\"scY\":2}},{\"name\":\"chibang5_saoguang1\",\"parent\":\"chibang5_R-chibang5\",\"transform\":{\"x\":47.634,\"y\":5.0742,\"skY\":180,\"scX\":-2,\"scY\":2}}],\"slot\":[{\"name\":\"chibang5_R-chibang4\",\"parent\":\"chibang5_R-chibang4\"},{\"name\":\"chibang5_R-chibang3\",\"parent\":\"chibang5_R-chibang3\"},{\"name\":\"chibang5_R-chibang2\",\"parent\":\"chibang5_R-chibang21\"},{\"name\":\"chibang5_R-chibang1\",\"parent\":\"chibang5_R-chibang1\"},{\"name\":\"chibang5_R-chibang\",\"parent\":\"chibang5_R-chibang\"},{\"name\":\"chibang5_R-chibang41\",\"parent\":\"chibang5_R-chibang41\"},{\"name\":\"chibang5_R-chibang31\",\"parent\":\"chibang5_R-chibang31\"},{\"name\":\"chibang5_R-chibang21\",\"parent\":\"chibang5_R-chibang211\"},{\"name\":\"chibang5_R-chibang11\",\"parent\":\"chibang5_R-chibang11\"},{\"name\":\"chibang5_R-chibang5\",\"parent\":\"chibang5_R-chibang5\"},{\"blendMode\":\"add\",\"displayIndex\":-1,\"name\":\"chibang5texiao_00\",\"parent\":\"chibang5texiao_00\"},{\"blendMode\":\"add\",\"displayIndex\":-1,\"name\":\"chibang5_saoguang1\",\"parent\":\"chibang5_saoguang\"},{\"blendMode\":\"add\",\"displayIndex\":-1,\"name\":\"chibang5_saoguang11\",\"parent\":\"chibang5_saoguang1\"}],\"skin\":[{\"slot\":[{\"name\":\"chibang5_R-chibang\",\"display\":[{\"name\":\"chibang5_R-chibang\",\"transform\":{\"x\":38.35,\"y\":4.78},\"path\":\"R-chibang\"}]},{\"name\":\"chibang5_R-chibang2\",\"display\":[{\"name\":\"chibang5_R-chibang2\",\"transform\":{\"x\":-35.86,\"y\":50.07,\"skX\":50.03,\"skY\":50.03},\"path\":\"R-chibang2\"}]},{\"name\":\"chibang5_R-chibang5\",\"display\":[{\"name\":\"chibang5_R-chibang\",\"transform\":{\"x\":38.35,\"y\":4.78},\"path\":\"R-chibang\"}]},{\"name\":\"chibang5_R-chibang4\",\"display\":[{\"name\":\"chibang5_R-chibang4\",\"transform\":{\"x\":76.71,\"y\":14.61,\"skX\":-34.64,\"skY\":-34.64},\"path\":\"R-chibang4\"}]},{\"name\":\"chibang5_R-chibang21\",\"display\":[{\"name\":\"chibang5_R-chibang2\",\"transform\":{\"x\":-35.86,\"y\":50.07,\"skX\":50.03,\"skY\":50.03},\"path\":\"R-chibang2\"}]},{\"name\":\"chibang5_saoguang1\",\"display\":[{\"name\":\"chibang5_saoguang_00011\"},{\"name\":\"chibang5_saoguang_00010\"},{\"name\":\"chibang5_saoguang_00009\"},{\"name\":\"chibang5_saoguang_00008\"},{\"name\":\"chibang5_saoguang_00007\"},{\"name\":\"chibang5_saoguang_00006\"},{\"name\":\"chibang5_saoguang_00005\"},{\"name\":\"chibang5_saoguang_00004\"},{\"name\":\"chibang5_saoguang_00003\"},{\"name\":\"chibang5_saoguang_00002\"}]},{\"name\":\"chibang5_R-chibang41\",\"display\":[{\"name\":\"chibang5_R-chibang4\",\"transform\":{\"x\":76.71,\"y\":14.61,\"skX\":-34.64,\"skY\":-34.64},\"path\":\"R-chibang4\"}]},{\"name\":\"chibang5_R-chibang1\",\"display\":[{\"name\":\"chibang5_R-chibang1\",\"transform\":{\"x\":50.67,\"y\":-2.55,\"skX\":-69.54,\"skY\":-69.54},\"path\":\"R-chibang1\"}]},{\"name\":\"chibang5texiao_00\",\"display\":[{\"name\":\"chibang5texiao_00008\"},{\"name\":\"chibang5texiao_00007\"},{\"name\":\"chibang5texiao_00006\"},{\"name\":\"chibang5texiao_00005\"},{\"name\":\"chibang5texiao_00004\"},{\"name\":\"chibang5texiao_00003\"},{\"name\":\"chibang5texiao_00002\"},{\"name\":\"chibang5texiao_00001\"},{\"name\":\"chibang5texiao_00000\"}]},{\"name\":\"chibang5_R-chibang3\",\"display\":[{\"name\":\"chibang5_R-chibang3\",\"transform\":{\"x\":72.44,\"y\":-7.51,\"skX\":32.8,\"skY\":32.8},\"path\":\"R-chibang3\"}]},{\"name\":\"chibang5_R-chibang11\",\"display\":[{\"name\":\"chibang5_R-chibang1\",\"transform\":{\"x\":50.67,\"y\":-2.55,\"skX\":-69.54,\"skY\":-69.54},\"path\":\"R-chibang1\"}]},{\"name\":\"chibang5_saoguang11\",\"display\":[{\"name\":\"chibang5_saoguang_00011\"},{\"name\":\"chibang5_saoguang_00010\"},{\"name\":\"chibang5_saoguang_00009\"},{\"name\":\"chibang5_saoguang_00008\"},{\"name\":\"chibang5_saoguang_00007\"},{\"name\":\"chibang5_saoguang_00006\"},{\"name\":\"chibang5_saoguang_00005\"},{\"name\":\"chibang5_saoguang_00004\"},{\"name\":\"chibang5_saoguang_00003\"},{\"name\":\"chibang5_saoguang_00002\"}]},{\"name\":\"chibang5_R-chibang31\",\"display\":[{\"name\":\"chibang5_R-chibang3\",\"transform\":{\"x\":72.44,\"y\":-7.51,\"skX\":32.8,\"skY\":32.8},\"path\":\"R-chibang3\"}]}]}],\"animation\":[{\"duration\":55,\"name\":\"appear\",\"bone\":[{\"name\":\"chibang5_R-chibang\",\"translateFrame\":[{\"duration\":6},{\"duration\":9,\"curve\":[0.5,0,0.5,1]},{\"duration\":5,\"curve\":[0.5,0,0.5,1],\"x\":40},{\"duration\":35}],\"scaleFrame\":[{\"duration\":10,\"tweenEasing\":0,\"x\":0.8,\"y\":0.8},{\"duration\":45}]},{\"name\":\"chibang5_R-chibang3\",\"rotateFrame\":[{\"duration\":6,\"tweenEasing\":0,\"rotate\":40},{\"duration\":6,\"tweenEasing\":0,\"rotate\":-16},{\"duration\":10,\"curve\":[0,0,0.5,1]},{\"duration\":13,\"curve\":[0,0,0.5,1]},{\"duration\":20,\"tweenEasing\":0,\"rotate\":-10},{\"duration\":0}]},{\"name\":\"chibang5_R-chibang21\",\"rotateFrame\":[{\"duration\":6,\"tweenEasing\":0,\"rotate\":51},{\"duration\":6,\"tweenEasing\":0,\"rotate\":-30},{\"duration\":10,\"tweenEasing\":0},{\"duration\":13,\"tweenEasing\":0},{\"duration\":20,\"tweenEasing\":0,\"rotate\":-9.97},{\"duration\":0}]},{\"name\":\"chibang5_R-chibang4\",\"rotateFrame\":[{\"duration\":6,\"tweenEasing\":0,\"rotate\":-27},{\"duration\":6,\"tweenEasing\":0,\"rotate\":31},{\"duration\":10,\"tweenEasing\":0},{\"duration\":13,\"tweenEasing\":0},{\"duration\":20,\"tweenEasing\":0,\"rotate\":10},{\"duration\":0}]},{\"name\":\"chibang5_R-chibang1\",\"rotateFrame\":[{\"duration\":6,\"tweenEasing\":0,\"rotate\":-45},{\"duration\":6,\"tweenEasing\":0,\"rotate\":16},{\"duration\":10,\"tweenEasing\":0},{\"duration\":13,\"tweenEasing\":0},{\"duration\":20,\"tweenEasing\":0,\"rotate\":12},{\"duration\":0}]},{\"name\":\"chibang5_R-chibang5\",\"translateFrame\":[{\"duration\":6},{\"duration\":9,\"curve\":[0.5,0,0.5,1]},{\"duration\":4,\"curve\":[0.5,0,0.5,1],\"x\":40},{\"duration\":36}],\"scaleFrame\":[{\"duration\":10,\"tweenEasing\":0,\"x\":0.8,\"y\":0.8},{\"duration\":45}]},{\"name\":\"chibang5_R-chibang31\",\"rotateFrame\":[{\"duration\":6,\"tweenEasing\":0,\"rotate\":40},{\"duration\":6,\"tweenEasing\":0,\"rotate\":-16},{\"duration\":10,\"curve\":[0,0,0.5,1]},{\"duration\":13,\"curve\":[0,0,0.5,1]},{\"duration\":20,\"tweenEasing\":0,\"rotate\":-10},{\"duration\":0}]},{\"name\":\"chibang5_R-chibang11\",\"rotateFrame\":[{\"duration\":6,\"tweenEasing\":0,\"rotate\":-45},{\"duration\":6,\"tweenEasing\":0,\"rotate\":16},{\"duration\":10,\"tweenEasing\":0},{\"duration\":13,\"tweenEasing\":0},{\"duration\":20,\"tweenEasing\":0,\"rotate\":12},{\"duration\":0}]},{\"name\":\"chibang5_R-chibang41\",\"rotateFrame\":[{\"duration\":6,\"tweenEasing\":0,\"rotate\":-27},{\"duration\":6,\"tweenEasing\":0,\"rotate\":31},{\"duration\":10,\"tweenEasing\":0},{\"duration\":13,\"tweenEasing\":0},{\"duration\":20,\"tweenEasing\":0,\"rotate\":10},{\"duration\":0}]},{\"name\":\"chibang5_R-chibang211\",\"rotateFrame\":[{\"duration\":6,\"tweenEasing\":0,\"rotate\":51},{\"duration\":6,\"tweenEasing\":0,\"rotate\":-30},{\"duration\":10,\"tweenEasing\":0},{\"duration\":13,\"tweenEasing\":0},{\"duration\":20,\"tweenEasing\":0,\"rotate\":-9.97},{\"duration\":0}]}],\"slot\":[{\"name\":\"chibang5_R-chibang4\",\"colorFrame\":[{\"duration\":6,\"tweenEasing\":0,\"value\":{\"aM\":0}},{\"duration\":49}]},{\"name\":\"chibang5_R-chibang3\",\"colorFrame\":[{\"duration\":6,\"tweenEasing\":0,\"value\":{\"aM\":0}},{\"duration\":49}]},{\"name\":\"chibang5_R-chibang2\",\"colorFrame\":[{\"duration\":6,\"tweenEasing\":0,\"value\":{\"aM\":0}},{\"duration\":49}]},{\"name\":\"chibang5_R-chibang1\",\"colorFrame\":[{\"duration\":6,\"tweenEasing\":0,\"value\":{\"aM\":0}},{\"duration\":49}]},{\"name\":\"chibang5_R-chibang\",\"colorFrame\":[{\"duration\":6,\"tweenEasing\":0,\"value\":{\"aM\":0}},{\"duration\":49}]},{\"name\":\"chibang5_R-chibang41\",\"colorFrame\":[{\"duration\":6,\"tweenEasing\":0,\"value\":{\"aM\":0}},{\"duration\":49}]},{\"name\":\"chibang5_R-chibang31\",\"colorFrame\":[{\"duration\":6,\"tweenEasing\":0,\"value\":{\"aM\":0}},{\"duration\":49}]},{\"name\":\"chibang5_R-chibang21\",\"colorFrame\":[{\"duration\":6,\"tweenEasing\":0,\"value\":{\"aM\":0}},{\"duration\":49}]},{\"name\":\"chibang5_R-chibang11\",\"colorFrame\":[{\"duration\":6,\"tweenEasing\":0,\"value\":{\"aM\":0}},{\"duration\":49}]},{\"name\":\"chibang5_R-chibang5\",\"colorFrame\":[{\"duration\":6,\"tweenEasing\":0,\"value\":{\"aM\":0}},{\"duration\":49}]},{\"name\":\"chibang5texiao_00\",\"displayFrame\":[{\"duration\":3,\"value\":-1},{\"duration\":2,\"value\":8},{\"duration\":2,\"value\":7},{\"duration\":2,\"value\":6},{\"duration\":2,\"value\":5},{\"duration\":2,\"value\":4},{\"duration\":2,\"value\":3},{\"duration\":2,\"value\":2},{\"duration\":2,\"value\":1},{\"duration\":2},{\"duration\":34,\"value\":-1}]},{\"name\":\"chibang5_saoguang1\",\"colorFrame\":[{\"duration\":55,\"value\":{\"aM\":0}}]},{\"name\":\"chibang5_saoguang11\",\"colorFrame\":[{\"duration\":55,\"value\":{\"aM\":0}}]}]},{\"duration\":50,\"playTimes\":0,\"name\":\"flap\",\"bone\":[{\"name\":\"chibang5_R-chibang31\",\"rotateFrame\":[{\"duration\":25,\"curve\":[0,0,0.5,1]},{\"duration\":25,\"tweenEasing\":0,\"rotate\":-10},{\"duration\":0}]},{\"name\":\"chibang5_R-chibang3\",\"rotateFrame\":[{\"duration\":25,\"curve\":[0,0,0.5,1]},{\"duration\":25,\"tweenEasing\":0,\"rotate\":-10},{\"duration\":0}]},{\"name\":\"chibang5_R-chibang211\",\"rotateFrame\":[{\"duration\":25,\"tweenEasing\":0},{\"duration\":25,\"tweenEasing\":0,\"rotate\":-9.97},{\"duration\":0}]},{\"name\":\"chibang5_R-chibang21\",\"rotateFrame\":[{\"duration\":25,\"tweenEasing\":0},{\"duration\":25,\"tweenEasing\":0,\"rotate\":-9.97},{\"duration\":0}]},{\"name\":\"chibang5_R-chibang1\",\"rotateFrame\":[{\"duration\":25,\"tweenEasing\":0},{\"duration\":25,\"tweenEasing\":0,\"rotate\":12},{\"duration\":0}]},{\"name\":\"chibang5_R-chibang11\",\"rotateFrame\":[{\"duration\":25,\"tweenEasing\":0},{\"duration\":25,\"tweenEasing\":0,\"rotate\":12},{\"duration\":0}]},{\"name\":\"chibang5_R-chibang41\",\"rotateFrame\":[{\"duration\":25,\"tweenEasing\":0},{\"duration\":25,\"tweenEasing\":0,\"rotate\":10},{\"duration\":0}]},{\"name\":\"chibang5_R-chibang4\",\"rotateFrame\":[{\"duration\":25,\"tweenEasing\":0},{\"duration\":25,\"tweenEasing\":0,\"rotate\":10},{\"duration\":0}]}],\"slot\":[{\"name\":\"chibang5texiao_00\",\"colorFrame\":[{\"duration\":50,\"value\":{\"aM\":0}}]},{\"name\":\"chibang5_saoguang1\",\"displayFrame\":[{\"duration\":34,\"value\":-1},{\"duration\":2,\"value\":9},{\"value\":8},{\"duration\":2,\"value\":7},{\"value\":6},{\"duration\":2,\"value\":5},{\"value\":4},{\"duration\":2,\"value\":3},{\"value\":2},{\"duration\":2,\"value\":1},{},{\"value\":-1}]},{\"name\":\"chibang5_saoguang11\",\"displayFrame\":[{\"duration\":34,\"value\":-1},{\"duration\":2,\"value\":9},{\"value\":8},{\"duration\":2,\"value\":7},{\"value\":6},{\"duration\":2,\"value\":5},{\"value\":4},{\"duration\":2,\"value\":3},{\"value\":2},{\"duration\":2,\"value\":1},{},{\"value\":-1}]}]},{\"duration\":20,\"name\":\"disappear\",\"bone\":[{\"name\":\"chibang5_R-chibang\",\"translateFrame\":[{\"duration\":5,\"curve\":[0.5,0,0.5,1]},{\"duration\":9,\"curve\":[0.5,0,0.5,1],\"x\":40},{\"duration\":6}],\"scaleFrame\":[{\"duration\":10},{\"duration\":10,\"tweenEasing\":0},{\"duration\":0,\"x\":0.8,\"y\":0.8}]},{\"name\":\"chibang5_R-chibang5\",\"translateFrame\":[{},{\"duration\":4,\"curve\":[0.5,0,0.5,1]},{\"duration\":9,\"curve\":[0.5,0,0.5,1],\"x\":40},{\"duration\":6}],\"scaleFrame\":[{\"duration\":10},{\"duration\":10,\"tweenEasing\":0},{\"duration\":0,\"x\":0.8,\"y\":0.8}]},{\"name\":\"chibang5_R-chibang31\",\"rotateFrame\":[{\"duration\":8},{\"duration\":6,\"curve\":[0,0,0.5,1]},{\"duration\":6,\"tweenEasing\":0,\"rotate\":-16},{\"duration\":0,\"rotate\":40}]},{\"name\":\"chibang5_R-chibang3\",\"rotateFrame\":[{\"duration\":8},{\"duration\":6,\"curve\":[0,0,0.5,1]},{\"duration\":6,\"tweenEasing\":0,\"rotate\":-16},{\"duration\":0,\"rotate\":40}]},{\"name\":\"chibang5_R-chibang211\",\"rotateFrame\":[{\"duration\":8},{\"duration\":6,\"tweenEasing\":0},{\"duration\":6,\"tweenEasing\":0,\"rotate\":-30},{\"duration\":0,\"rotate\":51}]},{\"name\":\"chibang5_R-chibang21\",\"rotateFrame\":[{\"duration\":8},{\"duration\":6,\"tweenEasing\":0},{\"duration\":6,\"tweenEasing\":0,\"rotate\":-30},{\"duration\":0,\"rotate\":51}]},{\"name\":\"chibang5_R-chibang1\",\"rotateFrame\":[{\"duration\":8},{\"duration\":6,\"tweenEasing\":0},{\"duration\":6,\"tweenEasing\":0,\"rotate\":16},{\"duration\":0,\"rotate\":-45}]},{\"name\":\"chibang5_R-chibang11\",\"rotateFrame\":[{\"duration\":8},{\"duration\":6,\"tweenEasing\":0},{\"duration\":6,\"tweenEasing\":0,\"rotate\":16},{\"duration\":0,\"rotate\":-45}]},{\"name\":\"chibang5_R-chibang41\",\"rotateFrame\":[{\"duration\":8},{\"duration\":6,\"tweenEasing\":0},{\"duration\":6,\"tweenEasing\":0,\"rotate\":31},{\"duration\":0,\"rotate\":-27}]},{\"name\":\"chibang5_R-chibang4\",\"rotateFrame\":[{\"duration\":8},{\"duration\":6,\"tweenEasing\":0},{\"duration\":6,\"tweenEasing\":0,\"rotate\":31},{\"duration\":0,\"rotate\":-27}]}],\"slot\":[{\"name\":\"chibang5_R-chibang4\",\"colorFrame\":[{\"duration\":14},{\"duration\":6,\"tweenEasing\":0},{\"duration\":0,\"value\":{\"aM\":0}}]},{\"name\":\"chibang5_R-chibang3\",\"colorFrame\":[{\"duration\":14},{\"duration\":6,\"tweenEasing\":0},{\"duration\":0,\"value\":{\"aM\":0}}]},{\"name\":\"chibang5_R-chibang2\",\"colorFrame\":[{\"duration\":14},{\"duration\":6,\"tweenEasing\":0},{\"duration\":0,\"value\":{\"aM\":0}}]},{\"name\":\"chibang5_R-chibang1\",\"colorFrame\":[{\"duration\":14},{\"duration\":6,\"tweenEasing\":0},{\"duration\":0,\"value\":{\"aM\":0}}]},{\"name\":\"chibang5_R-chibang\",\"colorFrame\":[{\"duration\":14},{\"duration\":6,\"tweenEasing\":0},{\"duration\":0,\"value\":{\"aM\":0}}]},{\"name\":\"chibang5_R-chibang41\",\"colorFrame\":[{\"duration\":14},{\"duration\":6,\"tweenEasing\":0},{\"duration\":0,\"value\":{\"aM\":0}}]},{\"name\":\"chibang5_R-chibang31\",\"colorFrame\":[{\"duration\":14},{\"duration\":6,\"tweenEasing\":0},{\"duration\":0,\"value\":{\"aM\":0}}]},{\"name\":\"chibang5_R-chibang21\",\"colorFrame\":[{\"duration\":14},{\"duration\":6,\"tweenEasing\":0},{\"duration\":0,\"value\":{\"aM\":0}}]},{\"name\":\"chibang5_R-chibang11\",\"colorFrame\":[{\"duration\":14},{\"duration\":6,\"tweenEasing\":0},{\"duration\":0,\"value\":{\"aM\":0}}]},{\"name\":\"chibang5_R-chibang5\",\"colorFrame\":[{\"duration\":14},{\"duration\":6,\"tweenEasing\":0},{\"duration\":0,\"value\":{\"aM\":0}}]},{\"name\":\"chibang5texiao_00\",\"colorFrame\":[{\"duration\":20,\"value\":{\"aM\":0}}]},{\"name\":\"chibang5_saoguang1\",\"colorFrame\":[{\"duration\":20,\"value\":{\"aM\":0}}]},{\"name\":\"chibang5_saoguang11\",\"colorFrame\":[{\"duration\":20,\"value\":{\"aM\":0}}]}]}],\"defaultActions\":[{\"gotoAndPlay\":\"appear\"}]}]}"}