[{"__type__":"cc.SpriteFrame","content":{"name":"bigwin","texture":"c25WVpIiZI1IINK1tWowVZ","rect":[630,911,325,213],"offset":[0,0],"originalSize":[325,213],"rotated":1,"capInsets":[0,0,0,0]}},{"__type__":"cc.SpriteFrame","content":{"name":"box2","texture":"c25WVpIiZI1IINK1tWowVZ","rect":[2,1539,196,100],"offset":[0,0],"originalSize":[196,100],"rotated":1,"capInsets":[0,0,0,0]}},{"__type__":"cc.SpriteFrame","content":{"name":"bonus","texture":"c25WVpIiZI1IINK1tWowVZ","rect":[726,1239,495,117],"offset":[0,0],"originalSize":[495,117],"rotated":1,"capInsets":[0,0,0,0]}},{"__type__":"cc.SpriteFrame","content":{"name":"light","texture":"c25WVpIiZI1IINK1tWowVZ","rect":[2,167,776,741],"offset":[0,0],"originalSize":[776,741],"capInsets":[0,0,0,0]}},{"__type__":"cc.SpriteFrame","content":{"name":"jackpot","texture":"c25WVpIiZI1IINK1tWowVZ","rect":[2,2,799,162],"offset":[0,0],"originalSize":[799,162],"capInsets":[0,0,0,0]}},{"__type__":"cc.SpriteAtlas","_name":"spine.plist","_spriteFrames":{"bigwin":{"__uuid__":"51jFXFdWtCcbC9XtPzg1HA"},"bonus":{"__uuid__":"74l96esE5Kv6toeECgW+xL"},"box1":{"__uuid__":"bc8q6xZxRORa9rvirMXtq5"},"box2":{"__uuid__":"6beJkY1+VLXq6WS66LLuDp"},"freespin":{"__uuid__":"a51TL9YQ1KFJWfWBzqPL53"},"jackpot":{"__uuid__":"77Yd0BAAhAL5WL3zslMkVR"},"light":{"__uuid__":"75dnrXLu9OMJeB3XjMk3c6"},"light2":{"__uuid__":"ee8uyfG5pNJb/CpGJjT5Ad"}}},{"__type__":"cc.SpriteFrame","content":{"name":"freespin","texture":"c25WVpIiZI1IINK1tWowVZ","rect":[630,1239,552,93],"offset":[0,0],"originalSize":[552,93],"rotated":1,"capInsets":[0,0,0,0]}},{"__type__":"cc.SpriteFrame","content":{"name":"box1","texture":"c25WVpIiZI1IINK1tWowVZ","rect":[105,1539,501,137],"offset":[0,0],"originalSize":[501,137],"capInsets":[0,0,0,0]}},{"__type__":"cc.SpriteFrame","content":{"name":"light2","texture":"c25WVpIiZI1IINK1tWowVZ","rect":[2,911,625,625],"offset":[0,0],"originalSize":[625,625],"capInsets":[0,0,0,0]}}]