[[{"__type__":"cc.Prefab","_name":"item8","data":{"__id__":1}},{"__type__":"cc.Node","_name":"item8","_components":[{"__type__":"cc.Sprite","node":{"__id__":1},"_materials":[{"__uuid__":"ecpdLyjvZBwrvm+cedCcQy"}],"_spriteFrame":{"__uuid__":"9dLWIrX49A0JulHExfWuIu"}}],"_prefab":{"__type__":"cc.PrefabInfo","root":{"__id__":1},"asset":{"__uuid__":"294YUueV9O97J2Np1ON+vW"},"fileId":"83tR9kaWRIzbQ4EO9xvh6e"},"_contentSize":{"__type__":"cc.Size","width":155,"height":156},"_trs":{"__type__":"TypedArray","ctor":"Float64Array","array":[0,0,0,0,0,0,1,0.8,0.8,1]}}],{"__type__":"cc.SpriteFrame","content":{"name":"item8","texture":"d2Juk1CP1GZ4HNnNxcUYQZ","rect":[2,3,155,156],"offset":[-1,-0.5],"originalSize":[161,161],"capInsets":[0,0,0,0]}}]