{"__type__":"dragonBones.DragonBonesAsset","_name":"shiziyu_ske","_dragonBonesJson":"{\"frameRate\":24,\"name\":\"shiziyu\",\"version\":\"5.5\",\"compatibleVersion\":\"5.5\",\"armature\":[{\"type\":\"Sheet\",\"frameRate\":24,\"name\":\"shiziyu\",\"aabb\":{\"x\":-547,\"y\":-365.5,\"width\":1020,\"height\":765},\"bone\":[{\"name\":\"root\"}],\"slot\":[{\"displayIndex\":2,\"name\":\"sheetSlot\",\"parent\":\"root\"}],\"skin\":[{\"slot\":[{\"name\":\"sheetSlot\",\"display\":[{\"name\":\"kyby_szy_01\",\"transform\":{\"x\":-37,\"y\":17}},{\"name\":\"kyby_szy_02\",\"transform\":{\"x\":-37,\"y\":17}},{\"name\":\"kyby_szy_03\",\"transform\":{\"x\":-37,\"y\":17}},{\"name\":\"kyby_szy_04\",\"transform\":{\"x\":-37,\"y\":17}},{\"name\":\"kyby_szy_05\",\"transform\":{\"x\":-37,\"y\":17}},{\"name\":\"kyby_szy_06\",\"transform\":{\"x\":-37,\"y\":17}},{\"name\":\"kyby_szy_07\",\"transform\":{\"x\":-37,\"y\":17}},{\"name\":\"kyby_szy_08\",\"transform\":{\"x\":-37,\"y\":17}},{\"name\":\"kyby_szy_09\",\"transform\":{\"x\":-37,\"y\":17}},{\"name\":\"kyby_szy_10\",\"transform\":{\"x\":-37,\"y\":17}},{\"name\":\"kyby_szy_11\",\"transform\":{\"x\":-37,\"y\":17}}]}]}],\"animation\":[{\"duration\":11,\"playTimes\":0,\"name\":\"shiziyu\",\"slot\":[{\"name\":\"sheetSlot\",\"displayFrame\":[{},{\"value\":1},{\"value\":2},{\"value\":3},{\"value\":4},{\"value\":5},{\"value\":6},{\"value\":7},{\"value\":8},{\"value\":9},{\"value\":10}]}]}],\"defaultActions\":[{\"gotoAndPlay\":\"shiziyu\"}]}]}"}