{"__type__":"sp.SkeletonData","_name":"momox2button","_skeletonJson":{"skeleton":{"hash":"w5D+BS7tjsd3r2YveCsHAtHcjjc","spine":"3.6.52","width":997,"height":676,"images":"./Momox2banner/"},"bones":[{"name":"root"},{"name":"bone","parent":"root","color":"ff0000ff"},{"name":"bone6","parent":"bone","length":118.06,"rotation":90,"x":-6.74,"y":-199.45,"color":"ff0000ff"},{"name":"bone7","parent":"bone6","length":225.63,"rotation":-16.4,"x":103.07,"y":28.11,"color":"ff0000ff"},{"name":"bone8","parent":"bone6","length":166.99,"rotation":44.09,"x":209.89,"y":74.02,"color":"ff0000ff"},{"name":"bone9","parent":"bone6","length":147.37,"rotation":-16.25,"x":222.07,"y":-46.85,"color":"ff0000ff"},{"name":"bone10","parent":"bone6","length":155.26,"rotation":-51.12,"x":244.56,"y":-92.76,"color":"ff0000ff"},{"name":"bone11","parent":"bone6","length":22.82,"rotation":70.82,"x":229.56,"y":147.11,"color":"ff0000ff"},{"name":"bone12","parent":"bone11","length":31.15,"rotation":26.09,"x":27.24,"y":1.54,"color":"ff0000ff"},{"name":"bone13","parent":"bone12","length":42.46,"rotation":15.12,"x":31.15,"color":"ff0000ff"},{"name":"bone14","parent":"bone6","length":47.7,"rotation":-45,"x":225.82,"y":-191.49,"color":"ff0000ff"},{"name":"bone15","parent":"bone14","length":60.8,"rotation":-20.41,"x":47.7,"color":"ff0000ff"},{"name":"bone16","parent":"bone15","length":41.61,"rotation":-16.82,"x":60.8,"color":"ff0000ff"},{"name":"bone17","parent":"bone6","length":34.67,"rotation":-90,"x":197.87,"y":-268.12,"color":"ff0000ff"},{"name":"bone18","parent":"bone17","length":25.23,"rotation":-14.47,"x":34.67,"color":"ff0000ff"},{"name":"bone19","parent":"bone18","length":34.71,"rotation":-25,"x":25.23,"color":"ff0000ff"},{"name":"bone20","parent":"bone","length":117.48,"rotation":67.92,"x":218.66,"y":-166.6,"color":"ff0000ff"},{"name":"bone21","parent":"bone","length":193.39,"rotation":112.48,"x":-221.93,"y":-167.63,"color":"ff0000ff"},{"name":"bone22","parent":"bone","length":113.37,"rotation":132.8,"x":-324.63,"y":-144.01,"color":"ff0000ff"},{"name":"bone23","parent":"bone22","length":92.69,"rotation":-27.38,"x":113.37,"color":"ff0000ff"},{"name":"bone24","parent":"bone23","length":90.71,"rotation":-31.19,"x":92.69,"color":"ff0000ff"},{"name":"bone25","parent":"bone24","length":66.28,"rotation":-24.83,"x":90.71,"color":"ff0000ff"},{"name":"bone26","parent":"bone25","length":50.74,"rotation":-13.46,"x":66.28,"color":"ff0000ff"},{"name":"bone27","parent":"root","x":9.54,"y":-196.5,"color":"001cffff"},{"name":"bone28","parent":"bone27","x":-334.18,"y":13.02,"color":"001cffff"},{"name":"bone29","parent":"bone27","x":-221.17,"y":28.21,"color":"001cffff"},{"name":"bone30","parent":"bone27","x":30.38,"y":53.16,"color":"001cffff"},{"name":"bone31","parent":"bone27","x":113.92,"y":-2.17,"color":"001cffff"},{"name":"bone32","parent":"bone29","x":10.68,"y":70.52,"color":"001cffff"},{"name":"bone33","parent":"bone","x":-352.85,"y":-123.8,"color":"ff0000ff"},{"name":"bone34","parent":"bone","x":-270.39,"y":-120.55,"color":"ff0000ff"},{"name":"bone35","parent":"bone","x":-299.69,"y":-66.3,"color":"ff0000ff"},{"name":"bone36","parent":"bone","x":403.66,"y":-102.1,"color":"ff0000ff"},{"name":"bone37","parent":"bone","x":317.94,"y":-119.46,"color":"ff0000ff"},{"name":"bone38","parent":"bone","x":379.79,"y":-150.93,"color":"ff0000ff"},{"name":"bone39","parent":"root","x":-17.32,"y":227.74,"color":"0fff00ff"},{"name":"bone40","parent":"bone39","length":162.84,"rotation":1.91,"x":17.36,"y":1.08,"color":"0fff00ff"},{"name":"bone41","parent":"bone39","x":9.39,"y":4.52,"color":"0fff00ff"},{"name":"bone42","parent":"bone39","length":33.9,"rotation":48.01,"x":125.81,"y":-11.1,"color":"0fff00ff"},{"name":"bone43","parent":"bone39","length":32.48,"rotation":131.86,"x":-90.4,"y":-11.61,"color":"0fff00ff"},{"name":"bone44","parent":"bone39","length":93.31,"rotation":90,"x":13.77,"y":-4.52,"color":"0fff00ff"},{"name":"bone50","parent":"root","x":8.59,"y":-1.08},{"name":"bone51","parent":"root","x":9.42,"y":-1.08}],"slots":[{"name":"Layer 0","bone":"root"},{"name":"Glow","bone":"bone51","color":"ffffff70","attachment":"Glow","blend":"additive"},{"name":"Ray Glow","bone":"bone50","attachment":"Ray Glow","blend":"additive"},{"name":"Star","bone":"bone44","attachment":"Star"},{"name":"Red Banner","bone":"bone40","attachment":"Red Banner"},{"name":"L Leaf","bone":"bone43","attachment":"L Leaf"},{"name":"L Leaf2","bone":"bone43","attachment":"L Leaf","blend":"additive"},{"name":"R Leaf","bone":"bone42","attachment":"R Leaf"},{"name":"R Leaf2","bone":"bone42","attachment":"R Leaf","blend":"additive"},{"name":"VUA.CLUB","bone":"bone41","attachment":"VUA.CLUB"},{"name":"VUA.CLUB2","bone":"bone41","attachment":"VUA.CLUB","blend":"additive"},{"name":"Blue Star","bone":"bone8","attachment":"Blue Star"},{"name":"Purple Star","bone":"bone10","attachment":"Purple Star"},{"name":"Gold Star","bone":"bone9","attachment":"Gold Star"},{"name":"Green Arrow","bone":"bone22","attachment":"Green Arrow"},{"name":"Pink Gift","bone":"bone21","attachment":"Pink Gift"},{"name":"Red Gift","bone":"bone20","attachment":"Red Gift"},{"name":"Flying Gold 5","bone":"bone38","attachment":"Flying Gold 5"},{"name":"Flying Gold 4","bone":"bone36","attachment":"Flying Gold 4"},{"name":"Flying Gold 3","bone":"bone37","attachment":"Flying Gold 3"},{"name":"Flying Gold 2","bone":"bone34","attachment":"Flying Gold 2"},{"name":"Flying Gold 1","bone":"bone33","attachment":"Flying Gold 1"},{"name":"Flying Gold 0","bone":"bone35","attachment":"Flying Gold 0"},{"name":"Gold","bone":"bone27","attachment":"Gold"},{"name":"Box Back","bone":"bone6","attachment":"Box Back"},{"name":"MOMO","bone":"bone7","attachment":"MOMO"},{"name":"Box Front","bone":"bone6","attachment":"Box Front"},{"name":"MOMO 10%","bone":"bone7","attachment":"MOMO 10%"},{"name":"Confesti","bone":"bone20","attachment":"Confesti"},{"name":"Purple Banner","bone":"bone27","attachment":"Purple Banner"},{"name":"Card 1","bone":"bone11","attachment":"Card 1"},{"name":"Card 2","bone":"bone14","attachment":"Card 2"},{"name":"Card 3","bone":"bone17","attachment":"Card 3"},{"name":"THẺ NẠP TẤT CẢ","bone":"bone30"},{"name":"CÁC HÌNH THỨC","bone":"bone30"},{"name":"X2","bone":"bone29"},{"name":"Shape 2","bone":"bone32","attachment":"Shape 2","blend":"additive"},{"name":"Shape 3","bone":"bone32","attachment":"Shape 2","blend":"additive"},{"name":"Shape 4","bone":"bone32","attachment":"Shape 2","blend":"additive"},{"name":"Shape 5","bone":"bone32","attachment":"Shape 2","blend":"additive"},{"name":"Shape 6","bone":"bone32","attachment":"Shape 2","blend":"additive"},{"name":"Red Arrow","bone":"bone28","attachment":"Red Arrow","blend":"additive"},{"name":"120fix_0000_KHUYẾN-MẠI-120%","bone":"bone31","attachment":"120fix_0000_KHUYẾN-MẠI-120%"},{"name":"120fix_0001_NẠP-MOMO","bone":"bone30","attachment":"120fix_0001_NẠP-MOMO"},{"name":"120fix_0002_+20%","bone":"bone7","attachment":"120fix_0002_+20%"}],"skins":{"default":{"120fix_0000_KHUYẾN-MẠI-120%":{"120fix_0000_KHUYẾN-MẠI-120%":{"x":-65.63,"y":5.91,"width":561,"height":82}},"120fix_0001_NẠP-MOMO":{"120fix_0001_NẠP-MOMO":{"x":-92.9,"y":10.8,"width":325,"height":64}},"120fix_0002_+20%":{"120fix_0002_+20%":{"x":186.71,"y":60.62,"rotation":-73.6,"width":152,"height":102}},"Blue Star":{"Blue Star":{"x":116.92,"y":-5.49,"rotation":-134.09,"width":181,"height":149}},"Box Back":{"Box Back":{"x":164.68,"y":7.43,"rotation":-90,"width":343,"height":81}},"Box Front":{"Box Front":{"x":80.18,"y":6.93,"rotation":-90,"width":350,"height":198}},"Card 1":{"Card 1":{"type":"mesh","uvs":[0.14286,0.52403,0,0.02767,0.2554,0,0.67591,0.00404,0.91061,0.13008,0.95008,0.38399,1,0.70516,0.80793,0.74455,0.52922,0.85484,0.27984,1,0.42653,0.44519,0.74925,0.39793],"triangles":[9,0,8,0,10,8,7,8,10,0,2,10,0,1,2,10,2,3,7,10,11,7,5,6,7,11,5,10,3,11,11,4,5,11,3,4],"vertices":[1,9,51.49,-3.26,1,1,9,53.93,-52.44,1,2,8,59.83,-34.57,0.11242,9,18.67,-40.86,0.88758,2,7,38.47,-22.88,0.24414,8,-0.66,-26.87,0.75586,2,7,2.6,-23.35,0.99407,8,-33.08,-11.51,0.00593,2,7,-10.31,-3.65,0.99922,8,-36.01,11.86,0.00078,2,7,-26.65,21.28,0.96259,8,-39.72,41.43,0.03741,3,7,-1.51,33.77,0.68488,8,-11.64,41.59,0.27776,9,-30.46,51.32,0.03736,3,7,33.4,56.43,0.05097,8,29.67,46.58,0.35479,9,10.73,45.36,0.59424,2,8,67.14,55.2,0.04441,9,49.15,43.9,0.95559,2,8,40.01,8.19,0.01677,9,10.7,5.6,0.98323,3,7,16.78,7.1,0.78018,8,-6.95,9.6,0.21525,9,-34.27,19.21,0.00457],"hull":10,"edges":[2,4,4,6,6,8,12,14,14,16,16,18,2,0,0,18,8,10,10,12],"width":145,"height":90}},"Card 2":{"Card 2":{"type":"mesh","uvs":[0,0.7653,0,0.51761,0.13933,0.31636,0.39791,0.10995,0.73454,0,0.86634,0.25955,1,0.52277,1,0.63113,0.60769,0.67757,0.31497,0.82206,0.06615,1,0,1,0.22715,0.56405,0.50524,0.40408],"triangles":[7,8,6,5,6,8,13,4,5,12,13,8,8,13,5,12,2,13,2,3,13,13,3,4,9,10,0,10,11,0,0,12,9,9,12,8,0,1,12,1,2,12],"vertices":[1,10,-9.88,-0.06,1,2,10,17.45,27.27,0.99947,11,-37.87,15,0.00053,2,10,55.9,33.21,0.35727,11,-3.9,33.98,0.64273,2,11,48.3,45.51,0.76711,12,-25.14,39.94,0.23289,2,11,105.94,37.99,0.01261,12,32.22,49.43,0.98739,1,12,48.29,6.38,1,2,11,111.83,-54.39,0.01871,12,64.6,-37.29,0.98129,2,11,104.8,-69.76,0.02765,12,62.31,-54.04,0.97235,3,10,70.7,-61.28,0.08481,11,42.92,-49.41,0.61353,12,-2.8,-52.47,0.30166,3,10,20.61,-43.07,0.78965,11,-10.37,-49.81,0.21007,12,-53.71,-68.28,0.00029,2,10,-28.05,-33.66,0.99986,11,-59.26,-57.97,0.00014,1,10,-35.77,-25.95,1,2,10,38.83,-4.36,0.91785,11,-6.8,-7.18,0.08215,3,10,88.92,-19.16,0.00182,11,45.31,-3.58,0.99151,12,-13.79,-7.91,0.00667],"hull":12,"edges":[2,4,4,6,6,8,12,14,14,16,16,18,18,20,20,22,2,0,0,22,8,10,10,12],"width":165,"height":156}},"Card 3":{"Card 3":{"type":"mesh","uvs":[0,0.56644,0.28317,0.61613,0.61917,0.78508,0.85717,1,0.93417,1,0.9737,0.60839,1,0.3478,0.99939,0.2216,0.80655,0.07849,0.48662,0,0.20175,0,0.0878,0.25271,0,0.45804,0.3902,0.29626,0.72766,0.41448],"triangles":[4,3,5,3,2,5,2,14,5,2,1,14,5,14,6,14,13,8,14,7,6,14,8,7,1,12,11,1,13,14,1,11,13,1,0,12,8,13,9,11,10,13,13,10,9],"vertices":[2,13,-18.36,-26.58,0.99887,14,-44.71,-38.99,0.00113,3,13,14.2,-30.6,0.74953,14,-12.17,-34.75,0.1995,15,-19.21,-47.3,0.05097,3,13,52.84,-44.29,0.03906,14,28.66,-38.34,0.18978,15,19.31,-33.3,0.77115,2,14,59.51,-48.36,0.00193,15,51.51,-29.34,0.99807,1,15,58.34,-23.71,1,2,13,93.61,-29.97,0,15,41.69,3.67,1,2,13,96.64,-8.87,0.00001,15,30.6,21.88,0.99999,2,13,96.57,1.36,0.00001,15,24.05,29.73,0.99999,3,13,74.39,12.95,0,14,35.22,22.46,0.21411,15,-0.44,24.58,0.78589,2,13,37.6,19.31,0.32175,14,-1.99,19.42,0.67825,1,13,4.84,19.31,1,1,13,-8.27,-1.16,1,1,13,-18.36,-17.8,1,3,13,26.51,-4.69,0.86733,14,-6.73,-6.58,0.12593,15,-26.18,-19.47,0.00674,3,13,65.32,-14.27,0.0004,14,33.24,-6.16,0.01393,15,9.86,-2.2,0.98568],"hull":13,"edges":[0,2,2,4,4,6,6,8,12,14,14,16,16,18,18,20,20,22,22,24,0,24,8,10,10,12],"width":115,"height":81}},"Confesti":{"Confesti":{"x":174.39,"y":-137.72,"rotation":-67.92,"width":159,"height":223}},"CÁC HÌNH THỨC":{"CÁC HÌNH THỨC":{"x":69.91,"y":-53.94,"width":469,"height":70}},"Flying Gold 0":{"Flying Gold 0":{"x":3.02,"y":-0.47,"width":28,"height":29}},"Flying Gold 1":{"Flying Gold 1":{"x":-1.82,"y":2.53,"width":60,"height":44}},"Flying Gold 2":{"Flying Gold 2":{"x":1.22,"y":-4.22,"width":45,"height":33}},"Flying Gold 3":{"Flying Gold 3":{"x":2.39,"y":-0.31,"width":28,"height":29}},"Flying Gold 4":{"Flying Gold 4":{"x":-0.32,"y":-5.17,"width":60,"height":44}},"Flying Gold 5":{"Flying Gold 5":{"x":2.05,"y":-4.84,"width":45,"height":33}},"Glow":{"Glow":{"x":-30.58,"y":38.8,"width":969,"height":660}},"Gold":{"Gold":{"x":14.79,"y":22.73,"width":872,"height":101}},"Gold Star":{"Gold Star":{"x":102.95,"y":-6.17,"rotation":-73.75,"width":81,"height":156}},"Green Arrow":{"Green Arrow":{"type":"mesh","uvs":[0.87232,0.67443,0.54565,0.6247,0.38699,0.53471,0.32632,0.39262,0.36132,0.26,0.46865,0.18422,0.50365,0,0.41032,0,0.25165,0.06108,0.24465,0.11081,0.17465,0.18896,0.09999,0.30026,0.03932,0.45893,0.04399,0.68154,0.16765,0.86388,0.33799,0.96571,0.45932,0.97992,0.62032,0.89467,0.76965,0.76916,0.45465,0.8331,0.26099,0.71943,0.17465,0.50155,0.18399,0.3571,0.22599,0.24579,0.27732,0.16528,0.33566,0.11081,0.42432,0.05634],"triangles":[25,26,5,5,26,6,26,25,7,25,8,7,26,7,6,23,24,4,24,25,4,4,25,5,23,10,24,10,9,24,24,9,25,9,8,25,21,22,3,12,11,22,22,23,3,3,23,4,22,11,23,11,10,23,13,21,20,20,21,2,13,12,21,21,3,2,21,12,22,15,19,16,16,19,17,14,20,15,15,20,19,18,17,1,14,13,20,19,20,1,17,19,1,1,20,2,18,1,0],"vertices":[1,18,-70.63,-191.99,1,3,18,34.59,-107.78,0.93228,19,-20.4,-131.94,0.06726,20,-28.42,-171.43,0.00046,3,18,105.11,-84.86,0.40765,19,31.69,-79.15,0.50151,20,-11.19,-99.3,0.09085,4,18,163.84,-105.51,0.01666,19,93.33,-70.48,0.30209,20,37.05,-59.96,0.63423,21,-23.51,-76.95,0.04702,4,19,140.93,-98.42,0.0106,20,92.24,-59.22,0.30218,21,26.26,-53.1,0.58067,22,-26.56,-60.95,0.10655,3,20,133.46,-93.08,0.00729,21,77.89,-66.52,0.3427,22,26.77,-61.99,0.65,1,22,81.8,-10.42,1,1,22,50.97,11.94,1,2,21,57.86,32.92,0.84903,22,-15.85,30.06,0.15097,2,21,40.82,22.08,0.98845,22,-29.9,15.55,0.01155,2,20,99.03,21.84,0.48722,21,-1.62,23.32,0.51278,1,20,47.69,39,1,2,19,98.78,49.49,0.69144,20,-20.42,45.49,0.30856,2,18,156.88,57.93,0.2103,19,12,71.45,0.7897,2,18,68.82,70.71,0.98768,19,-72.08,42.3,0.01232,1,18,-8.44,47.53,1,1,18,-46.26,15.08,1,1,18,-65.74,-56.4,1,1,18,-70.12,-135.39,1,2,18,-1.66,-23.62,0.9982,19,-91.29,-73.87,0.0018,1,18,85.56,3.31,1,1,19,67.57,0.82,1,3,19,122.54,-18.3,0.00009,20,35.02,-0.19,0.9999,21,-50.46,-23.56,0.00001,4,19,161.12,-46.72,0.00051,20,82.73,-4.53,0.99033,21,-5.34,-7.46,0.00902,22,-67.91,-23.92,0.00013,3,20,119.58,-15.89,0.00293,21,32.87,-2.29,0.99359,22,-31.96,-10,0.00347,3,20,147.11,-32.84,0.00052,21,64.98,-6.11,0.56246,22,0.16,-6.25,0.43702,2,21,105.15,-19.33,0.01807,22,42.3,-9.75,0.98193],"hull":19,"edges":[0,2,2,4,4,6,6,8,8,10,10,12,12,14,14,16,16,18,18,20,20,22,22,24,24,26,26,28,28,30,30,32,32,34,34,36,0,36],"width":408,"height":402}},"L Leaf":{"L Leaf":{"x":21.98,"y":-6.34,"rotation":-131.86,"width":34,"height":58}},"L Leaf2":{"L Leaf":{"x":21.98,"y":-6.34,"rotation":-131.86,"width":34,"height":58}},"MOMO":{"MOMO":{"x":115.68,"y":-8.35,"rotation":-73.6,"width":365,"height":285}},"MOMO 10%":{"MOMO 10%":{"x":186.48,"y":60.96,"rotation":-73.6,"width":154,"height":104}},"Pink Gift":{"Pink Gift":{"x":127.52,"y":22.17,"rotation":-112.48,"width":249,"height":236}},"Purple Banner":{"Purple Banner":{"x":-17.71,"y":1.73,"width":717,"height":79}},"Purple Star":{"Purple Star":{"x":114.82,"y":6.5,"rotation":-38.88,"width":132,"height":105}},"R Leaf":{"R Leaf":{"x":21.86,"y":5.76,"rotation":-48.01,"width":33,"height":58}},"R Leaf2":{"R Leaf":{"x":21.86,"y":5.76,"rotation":-48.01,"width":33,"height":58}},"Ray Glow":{"Ray Glow":{"x":0.74,"y":6.8,"width":634,"height":628}},"Red Arrow":{"Red Arrow":{"x":-8.53,"y":0.21,"width":107,"height":112}},"Red Banner":{"Red Banner":{"x":-0.66,"y":1.43,"rotation":-1.91,"width":408,"height":83}},"Red Gift":{"Red Gift":{"x":69.43,"y":-14.65,"rotation":-67.92,"width":184,"height":175}},"Shape 2":{"Shape 2":{"x":-0.22,"y":-0.51,"width":31,"height":30}},"Shape 3":{"Shape 2":{"x":58.23,"y":-29.73,"rotation":13.21,"width":31,"height":30}},"Shape 4":{"Shape 2":{"x":-80.38,"y":-63.13,"scaleX":0.703,"scaleY":0.703,"rotation":30.34,"width":31,"height":30}},"Shape 5":{"Shape 2":{"x":-30.28,"y":-107.23,"scaleX":1.031,"scaleY":1.031,"rotation":19.62,"width":31,"height":30}},"Shape 6":{"Shape 2":{"x":56.56,"y":-85.68,"scaleX":0.659,"scaleY":0.659,"width":31,"height":30}},"Star":{"Star":{"x":14.01,"y":-15.88,"rotation":-90,"width":584,"height":211}},"THẺ NẠP TẤT CẢ":{"THẺ NẠP TẤT CẢ":{"x":-4.59,"y":1.06,"width":344,"height":64}},"VUA.CLUB":{"VUA.CLUB":{"x":6.77,"y":-4.03,"width":207,"height":37}},"VUA.CLUB2":{"VUA.CLUB":{"x":6.77,"y":-4.03,"width":207,"height":37}},"X2":{"X2":{"x":-1.99,"y":3.52,"width":169,"height":125}}}},"animations":{"Idle":{"slots":{"Glow":{"color":[{"time":0,"color":"ffffff21"},{"time":1,"color":"ffffff7c"},{"time":2,"color":"ffffff21"},{"time":3,"color":"ffffff7c"},{"time":4,"color":"ffffff21"}]},"L Leaf2":{"color":[{"time":0,"color":"ffffff00"},{"time":0.5,"color":"ffffffff"},{"time":1,"color":"ffffff00"},{"time":1.5,"color":"ffffffff"},{"time":2,"color":"ffffff00"},{"time":2.5,"color":"ffffffff"},{"time":3,"color":"ffffff00"},{"time":3.5,"color":"ffffffff"},{"time":4,"color":"ffffff00"}]},"R Leaf2":{"color":[{"time":0,"color":"ffffff00"},{"time":0.5,"color":"ffffffff"},{"time":1,"color":"ffffff00"},{"time":1.5,"color":"ffffffff"},{"time":2,"color":"ffffff00"},{"time":2.5,"color":"ffffffff"},{"time":3,"color":"ffffff00"},{"time":3.5,"color":"ffffffff"},{"time":4,"color":"ffffff00"}]},"Shape 2":{"color":[{"time":0,"color":"ffffff00"},{"time":0.3333,"color":"ffffffff"},{"time":0.8333,"color":"ffffff00","curve":"stepped"},{"time":2,"color":"ffffff00"},{"time":2.3333,"color":"ffffffff"},{"time":2.8333,"color":"ffffff00","curve":"stepped"},{"time":4,"color":"ffffff00"}]},"Shape 3":{"color":[{"time":0,"color":"ffffff00","curve":"stepped"},{"time":0.1667,"color":"ffffff00"},{"time":0.5,"color":"ffffffff"},{"time":1,"color":"ffffff00","curve":"stepped"},{"time":2.1667,"color":"ffffff00"},{"time":2.5,"color":"ffffffff"},{"time":3,"color":"ffffff00","curve":"stepped"},{"time":4,"color":"ffffff00"}]},"Shape 4":{"color":[{"time":0,"color":"ffffff00","curve":"stepped"},{"time":0.3333,"color":"ffffff00"},{"time":0.6667,"color":"ffffffff"},{"time":1.1667,"color":"ffffff00","curve":"stepped"},{"time":2.3333,"color":"ffffff00"},{"time":2.6667,"color":"ffffffff"},{"time":3.1667,"color":"ffffff00","curve":"stepped"},{"time":4,"color":"ffffff00"}]},"Shape 5":{"color":[{"time":0,"color":"ffffff00","curve":"stepped"},{"time":0.5,"color":"ffffff00"},{"time":0.8333,"color":"ffffffff"},{"time":1.3333,"color":"ffffff00","curve":"stepped"},{"time":2.5,"color":"ffffff00"},{"time":2.8333,"color":"ffffffff"},{"time":3.3333,"color":"ffffff00","curve":"stepped"},{"time":4,"color":"ffffff00"}]},"Shape 6":{"color":[{"time":0,"color":"ffffff00","curve":"stepped"},{"time":0.6667,"color":"ffffff00"},{"time":1,"color":"ffffffff"},{"time":1.5,"color":"ffffff00","curve":"stepped"},{"time":2.6667,"color":"ffffff00"},{"time":3,"color":"ffffffff"},{"time":3.5,"color":"ffffff00","curve":"stepped"},{"time":4,"color":"ffffff00"}]},"VUA.CLUB2":{"color":[{"time":0,"color":"ffffff00"},{"time":0.5,"color":"ffffff9f"},{"time":1,"color":"ffffff00"},{"time":1.5,"color":"ffffff9f"},{"time":2,"color":"ffffff00"},{"time":2.5,"color":"ffffff9f"},{"time":3,"color":"ffffff00"},{"time":3.5,"color":"ffffff9f"},{"time":4,"color":"ffffff00"}]}},"bones":{"bone6":{"translate":[{"time":0,"x":0,"y":0,"curve":[0.25,0,0.75,1]},{"time":0.5,"x":0,"y":-9.35,"curve":[0.25,0,0.75,1]},{"time":1,"x":0,"y":0,"curve":[0.25,0,0.75,1]},{"time":1.5,"x":0,"y":-9.35,"curve":[0.25,0,0.75,1]},{"time":2,"x":0,"y":0,"curve":[0.25,0,0.75,1]},{"time":2.5,"x":0,"y":-9.35,"curve":[0.25,0,0.75,1]},{"time":3,"x":0,"y":0,"curve":[0.25,0,0.75,1]},{"time":3.5,"x":0,"y":-9.35,"curve":[0.25,0,0.75,1]},{"time":4,"x":0,"y":0}]},"bone7":{"translate":[{"time":0,"x":-0.85,"y":0,"curve":[0.25,0,0.75,1]},{"time":0.0667,"x":0,"y":0,"curve":[0.25,0,0.75,1]},{"time":0.5667,"x":-8.45,"y":0,"curve":[0.25,0,0.75,1]},{"time":1.0667,"x":0,"y":0,"curve":[0.25,0,0.75,1]},{"time":1.5667,"x":-8.45,"y":0,"curve":[0.25,0,0.75,1]},{"time":2,"x":-0.85,"y":0,"curve":[0.25,0,0.75,1]},{"time":2.0667,"x":0,"y":0,"curve":[0.25,0,0.75,1]},{"time":2.5667,"x":-8.45,"y":0,"curve":[0.25,0,0.75,1]},{"time":3.0667,"x":0,"y":0,"curve":[0.25,0,0.75,1]},{"time":3.5667,"x":-8.45,"y":0,"curve":[0.25,0,0.75,1]},{"time":4,"x":-0.85,"y":0}],"scale":[{"time":0,"x":1.005,"y":1.005,"curve":[0.25,0,0.75,1]},{"time":0.0667,"x":1,"y":1,"curve":[0.25,0,0.75,1]},{"time":0.5667,"x":1.05,"y":1.05,"curve":[0.25,0,0.75,1]},{"time":1.0667,"x":1,"y":1,"curve":[0.25,0,0.75,1]},{"time":1.5667,"x":1.05,"y":1.05,"curve":[0.25,0,0.75,1]},{"time":2,"x":1.005,"y":1.005,"curve":[0.25,0,0.75,1]},{"time":2.0667,"x":1,"y":1,"curve":[0.25,0,0.75,1]},{"time":2.5667,"x":1.05,"y":1.05,"curve":[0.25,0,0.75,1]},{"time":3.0667,"x":1,"y":1,"curve":[0.25,0,0.75,1]},{"time":3.5667,"x":1.05,"y":1.05,"curve":[0.25,0,0.75,1]},{"time":4,"x":1.005,"y":1.005}]},"bone8":{"scale":[{"time":0,"x":0.8,"y":1,"curve":[0.25,0,0.75,1]},{"time":0.5,"x":1.05,"y":1.05,"curve":[0.25,0,0.75,1]},{"time":1,"x":0.8,"y":1,"curve":[0.25,0,0.75,1]},{"time":1.5,"x":1.05,"y":1.05,"curve":[0.25,0,0.75,1]},{"time":2,"x":0.8,"y":1,"curve":[0.25,0,0.75,1]},{"time":2.5,"x":1.05,"y":1.05,"curve":[0.25,0,0.75,1]},{"time":3,"x":0.8,"y":1,"curve":[0.25,0,0.75,1]},{"time":3.5,"x":1.05,"y":1.05,"curve":[0.25,0,0.75,1]},{"time":4,"x":0.8,"y":1}]},"bone9":{"scale":[{"time":0,"x":0.871,"y":1.014,"curve":[0.382,0.57,0.735,1]},{"time":0.1667,"x":0.8,"y":1,"curve":[0.25,0,0.75,1]},{"time":0.6667,"x":1.05,"y":1.05,"curve":[0.25,0,0.75,1]},{"time":1.1667,"x":0.8,"y":1,"curve":[0.25,0,0.75,1]},{"time":1.6667,"x":1.05,"y":1.05,"curve":[0.243,0,0.649,0.6]},{"time":2,"x":0.871,"y":1.014,"curve":[0.382,0.57,0.735,1]},{"time":2.1667,"x":0.8,"y":1,"curve":[0.25,0,0.75,1]},{"time":2.6667,"x":1.05,"y":1.05,"curve":[0.25,0,0.75,1]},{"time":3.1667,"x":0.8,"y":1,"curve":[0.25,0,0.75,1]},{"time":3.6667,"x":1.05,"y":1.05,"curve":[0.243,0,0.649,0.6]},{"time":4,"x":0.871,"y":1.014}]},"bone10":{"scale":[{"time":0,"x":0.833,"y":1.007,"curve":[0.375,0.62,0.716,1]},{"time":0.1,"x":0.8,"y":1,"curve":[0.25,0,0.75,1]},{"time":0.6,"x":1.05,"y":1.05,"curve":[0.25,0,0.75,1]},{"time":1.1,"x":0.8,"y":1,"curve":[0.25,0,0.75,1]},{"time":1.6,"x":1.05,"y":1.05,"curve":[0.243,0,0.68,0.71]},{"time":2,"x":0.833,"y":1.007,"curve":[0.375,0.62,0.716,1]},{"time":2.1,"x":0.8,"y":1,"curve":[0.25,0,0.75,1]},{"time":2.6,"x":1.05,"y":1.05,"curve":[0.25,0,0.75,1]},{"time":3.1,"x":0.8,"y":1,"curve":[0.25,0,0.75,1]},{"time":3.6,"x":1.05,"y":1.05,"curve":[0.243,0,0.68,0.71]},{"time":4,"x":0.833,"y":1.007}]},"bone21":{"rotate":[{"time":0,"angle":0,"curve":[0.25,0,0.75,1]},{"time":1,"angle":-3.29,"curve":[0.25,0,0.75,1]},{"time":2,"angle":0,"curve":[0.25,0,0.75,1]},{"time":3,"angle":-3.29,"curve":[0.25,0,0.75,1]},{"time":4,"angle":0}],"scale":[{"time":0,"x":0.9,"y":1,"curve":[0.25,0,0.75,1]},{"time":1,"x":1,"y":1,"curve":[0.25,0,0.75,1]},{"time":2,"x":0.9,"y":1,"curve":[0.25,0,0.75,1]},{"time":3,"x":1,"y":1,"curve":[0.25,0,0.75,1]},{"time":4,"x":0.9,"y":1}]},"bone20":{"rotate":[{"time":0,"angle":0.16,"curve":[0.36,0.64,0.695,1]},{"time":0.1,"angle":0,"curve":[0.25,0,0.75,1]},{"time":1.1,"angle":3.87,"curve":[0.25,0,0.75,1]},{"time":2.1,"angle":0,"curve":[0.25,0,0.75,1]},{"time":3.1,"angle":3.87,"curve":[0.245,0,0.711,0.83]},{"time":4,"angle":0.16}],"scale":[{"time":0,"x":0.904,"y":1,"curve":[0.36,0.64,0.695,1]},{"time":0.1,"x":0.9,"y":1,"curve":[0.25,0,0.75,1]},{"time":1.1,"x":1,"y":1,"curve":[0.25,0,0.75,1]},{"time":2.1,"x":0.9,"y":1,"curve":[0.25,0,0.75,1]},{"time":3.1,"x":1,"y":1,"curve":[0.245,0,0.711,0.83]},{"time":4,"x":0.904,"y":1}]},"bone28":{"translate":[{"time":0,"x":0,"y":0,"curve":[0.25,0,0.75,1]},{"time":0.5,"x":12.6,"y":0,"curve":[0.25,0,0.75,1]},{"time":1,"x":0,"y":0,"curve":[0.25,0,0.75,1]},{"time":1.5,"x":12.6,"y":0,"curve":[0.25,0,0.75,1]},{"time":2,"x":0,"y":0,"curve":[0.25,0,0.75,1]},{"time":2.5,"x":12.6,"y":0,"curve":[0.25,0,0.75,1]},{"time":3,"x":0,"y":0,"curve":[0.25,0,0.75,1]},{"time":3.5,"x":12.6,"y":0,"curve":[0.25,0,0.75,1]},{"time":4,"x":0,"y":0}],"scale":[{"time":0,"x":1,"y":1,"curve":[0.25,0,0.75,1]},{"time":0.5,"x":0.95,"y":0.95,"curve":[0.25,0,0.75,1]},{"time":1,"x":1,"y":1,"curve":[0.25,0,0.75,1]},{"time":1.5,"x":0.95,"y":0.95,"curve":[0.25,0,0.75,1]},{"time":2,"x":1,"y":1,"curve":[0.25,0,0.75,1]},{"time":2.5,"x":0.95,"y":0.95,"curve":[0.25,0,0.75,1]},{"time":3,"x":1,"y":1,"curve":[0.25,0,0.75,1]},{"time":3.5,"x":0.95,"y":0.95,"curve":[0.25,0,0.75,1]},{"time":4,"x":1,"y":1}]},"bone34":{"rotate":[{"time":0,"angle":0,"curve":[0.25,0,0.75,1]},{"time":1,"angle":14.83,"curve":[0.25,0,0.75,1]},{"time":2,"angle":0,"curve":[0.25,0,0.75,1]},{"time":3,"angle":14.83,"curve":[0.25,0,0.75,1]},{"time":4,"angle":0}],"translate":[{"time":0,"x":0,"y":0,"curve":[0.25,0,0.75,1]},{"time":1,"x":0,"y":9.84,"curve":[0.25,0,0.75,1]},{"time":2,"x":0,"y":0,"curve":[0.25,0,0.75,1]},{"time":3,"x":0,"y":9.84,"curve":[0.25,0,0.75,1]},{"time":4,"x":0,"y":0}],"scale":[{"time":0,"x":1,"y":1,"curve":[0.25,0,0.75,1]},{"time":1,"x":1.02,"y":1.02,"curve":[0.25,0,0.75,1]},{"time":2,"x":1,"y":1,"curve":[0.25,0,0.75,1]},{"time":3,"x":1.02,"y":1.02,"curve":[0.25,0,0.75,1]},{"time":4,"x":1,"y":1}]},"bone35":{"rotate":[{"time":0,"angle":4.21,"curve":[0.382,0.57,0.735,1]},{"time":0.3333,"angle":0,"curve":[0.25,0,0.75,1]},{"time":1.3333,"angle":14.83,"curve":[0.25,0,0.75,1]},{"time":2.3333,"angle":0,"curve":[0.25,0,0.75,1]},{"time":3.3333,"angle":14.83,"curve":[0.243,0,0.649,0.6]},{"time":4,"angle":4.21}],"translate":[{"time":0,"x":0,"y":2.79,"curve":[0.382,0.57,0.735,1]},{"time":0.3333,"x":0,"y":0},{"time":1.3333,"x":0,"y":9.84,"curve":[0.25,0,0.75,1]},{"time":2.3333,"x":0,"y":0,"curve":[0.25,0,0.75,1]},{"time":3.3333,"x":0,"y":9.84,"curve":[0.243,0,0.649,0.6]},{"time":4,"x":0,"y":2.79}],"scale":[{"time":0,"x":1.006,"y":1.006,"curve":[0.382,0.57,0.735,1]},{"time":0.3333,"x":1,"y":1,"curve":[0.25,0,0.75,1]},{"time":1.3333,"x":1.02,"y":1.02,"curve":[0.25,0,0.75,1]},{"time":2.3333,"x":1,"y":1,"curve":[0.25,0,0.75,1]},{"time":3.3333,"x":1.02,"y":1.02,"curve":[0.243,0,0.649,0.6]},{"time":4,"x":1.006,"y":1.006}]},"bone33":{"rotate":[{"time":0,"angle":1.43,"curve":[0.371,0.62,0.71,1]},{"time":0.1667,"angle":0},{"time":1.1667,"angle":14.83,"curve":[0.25,0,0.75,1]},{"time":2.1667,"angle":0,"curve":[0.25,0,0.75,1]},{"time":3.1667,"angle":14.83,"curve":[0.243,0,0.689,0.75]},{"time":4,"angle":1.43}],"translate":[{"time":0,"x":0,"y":0.95,"curve":[0.371,0.62,0.71,1]},{"time":0.1667,"x":0,"y":0,"curve":[0.25,0,0.75,1]},{"time":1.1667,"x":0,"y":9.84,"curve":[0.25,0,0.75,1]},{"time":2.1667,"x":0,"y":0,"curve":[0.25,0,0.75,1]},{"time":3.1667,"x":0,"y":9.84,"curve":[0.243,0,0.689,0.75]},{"time":4,"x":0,"y":0.95}],"scale":[{"time":0,"x":1.002,"y":1.002,"curve":[0.371,0.62,0.71,1]},{"time":0.1667,"x":1,"y":1,"curve":[0.25,0,0.75,1]},{"time":1.1667,"x":1.02,"y":1.02,"curve":[0.25,0,0.75,1]},{"time":2.1667,"x":1,"y":1,"curve":[0.25,0,0.75,1]},{"time":3.1667,"x":1.02,"y":1.02,"curve":[0.243,0,0.689,0.75]},{"time":4,"x":1.002,"y":1.002}]},"bone37":{"rotate":[{"time":0,"angle":-1.41,"curve":[0.371,0.62,0.71,1]},{"time":0.1667,"angle":0},{"time":1.1667,"angle":-14.58,"curve":[0.25,0,0.75,1]},{"time":2.1667,"angle":0,"curve":[0.25,0,0.75,1]},{"time":3.1667,"angle":-14.58,"curve":[0.243,0,0.689,0.75]},{"time":4,"angle":-1.41}],"translate":[{"time":0,"x":0,"y":0.95,"curve":[0.371,0.62,0.71,1]},{"time":0.1667,"x":0,"y":0,"curve":[0.25,0,0.75,1]},{"time":1.1667,"x":0,"y":9.84,"curve":[0.25,0,0.75,1]},{"time":2.1667,"x":0,"y":0,"curve":[0.25,0,0.75,1]},{"time":3.1667,"x":0,"y":9.84,"curve":[0.243,0,0.689,0.75]},{"time":4,"x":0,"y":0.95}],"scale":[{"time":0,"x":1.002,"y":1.002,"curve":[0.371,0.62,0.71,1]},{"time":0.1667,"x":1,"y":1},{"time":1.1667,"x":1.02,"y":1.02,"curve":[0.25,0,0.75,1]},{"time":2.1667,"x":1,"y":1,"curve":[0.25,0,0.75,1]},{"time":3.1667,"x":1.02,"y":1.02,"curve":[0.243,0,0.689,0.75]},{"time":4,"x":1.002,"y":1.002}]},"bone38":{"rotate":[{"time":0,"angle":0,"curve":[0.25,0,0.75,1]},{"time":1,"angle":-14.58,"curve":[0.25,0,0.75,1]},{"time":2,"angle":0,"curve":[0.25,0,0.75,1]},{"time":3,"angle":-14.58,"curve":[0.25,0,0.75,1]},{"time":4,"angle":0}],"translate":[{"time":0,"x":0,"y":0,"curve":[0.25,0,0.75,1]},{"time":1,"x":0,"y":9.84,"curve":[0.25,0,0.75,1]},{"time":2,"x":0,"y":0,"curve":[0.25,0,0.75,1]},{"time":3,"x":0,"y":9.84,"curve":[0.25,0,0.75,1]},{"time":4,"x":0,"y":0}],"scale":[{"time":0,"x":1,"y":1,"curve":[0.25,0,0.75,1]},{"time":1,"x":1.02,"y":1.02,"curve":[0.25,0,0.75,1]},{"time":2,"x":1,"y":1,"curve":[0.25,0,0.75,1]},{"time":3,"x":1.02,"y":1.02,"curve":[0.25,0,0.75,1]},{"time":4,"x":1,"y":1}]},"bone36":{"rotate":[{"time":0,"angle":-4.14,"curve":[0.382,0.57,0.735,1]},{"time":0.3333,"angle":0,"curve":[0.25,0,0.75,1]},{"time":1.3333,"angle":-14.58,"curve":[0.25,0,0.75,1]},{"time":2.3333,"angle":0,"curve":[0.25,0,0.75,1]},{"time":3.3333,"angle":-14.58,"curve":[0.243,0,0.649,0.6]},{"time":4,"angle":-4.14}],"translate":[{"time":0,"x":0,"y":2.79,"curve":[0.382,0.57,0.735,1]},{"time":0.3333,"x":0,"y":0},{"time":1.3333,"x":0,"y":9.84,"curve":[0.25,0,0.75,1]},{"time":2.3333,"x":0,"y":0,"curve":[0.25,0,0.75,1]},{"time":3.3333,"x":0,"y":9.84,"curve":[0.243,0,0.649,0.6]},{"time":4,"x":0,"y":2.79}],"scale":[{"time":0,"x":1.006,"y":1.006,"curve":[0.382,0.57,0.735,1]},{"time":0.3333,"x":1,"y":1,"curve":[0.25,0,0.75,1]},{"time":1.3333,"x":1.02,"y":1.02,"curve":[0.25,0,0.75,1]},{"time":2.3333,"x":1,"y":1,"curve":[0.25,0,0.75,1]},{"time":3.3333,"x":1.02,"y":1.02,"curve":[0.243,0,0.649,0.6]},{"time":4,"x":1.006,"y":1.006}]},"bone29":{"scale":[{"time":0,"x":1,"y":1,"curve":[0.294,0.66,0.846,1.41]},{"time":0.5,"x":0.95,"y":0.95,"curve":[0.294,0.66,0.846,1.41]},{"time":1,"x":1,"y":1,"curve":[0.294,0.66,0.846,1.41]},{"time":1.5,"x":0.95,"y":0.95,"curve":[0.294,0.66,0.846,1.41]},{"time":2,"x":1,"y":1,"curve":[0.294,0.66,0.846,1.41]},{"time":2.5,"x":0.95,"y":0.95,"curve":[0.294,0.66,0.846,1.41]},{"time":3,"x":1,"y":1,"curve":[0.294,0.66,0.846,1.41]},{"time":3.5,"x":0.95,"y":0.95,"curve":[0.294,0.66,0.846,1.41]},{"time":4,"x":1,"y":1}]},"bone30":{"scale":[{"time":0,"x":1,"y":1,"curve":[0.294,0.66,0.846,1.41]},{"time":0.5,"x":0.95,"y":0.95,"curve":[0.294,0.66,0.846,1.41]},{"time":1,"x":1,"y":1,"curve":[0.294,0.66,0.846,1.41]},{"time":1.5,"x":0.95,"y":0.95,"curve":[0.294,0.66,0.846,1.41]},{"time":2,"x":1,"y":1,"curve":[0.294,0.66,0.846,1.41]},{"time":2.5,"x":0.95,"y":0.95,"curve":[0.294,0.66,0.846,1.41]},{"time":3,"x":1,"y":1,"curve":[0.294,0.66,0.846,1.41]},{"time":3.5,"x":0.95,"y":0.95,"curve":[0.294,0.66,0.846,1.41]},{"time":4,"x":1,"y":1}]},"bone31":{"scale":[{"time":0,"x":1,"y":1,"curve":[0.294,0.66,0.846,1.41]},{"time":1,"x":0.95,"y":0.95,"curve":[0.294,0.66,0.846,1.41]},{"time":2,"x":1,"y":1,"curve":[0.294,0.66,0.846,1.41]},{"time":3,"x":0.95,"y":0.95,"curve":[0.294,0.66,0.846,1.41]},{"time":4,"x":1,"y":1}]},"bone27":{"translate":[{"time":0,"x":0,"y":0,"curve":[0.294,0.66,0.846,1.41]},{"time":1,"x":0,"y":-7.02,"curve":[0.294,0.66,0.846,1.41]},{"time":2,"x":0,"y":0,"curve":[0.294,0.66,0.846,1.41]},{"time":3,"x":0,"y":-7.02,"curve":[0.294,0.66,0.846,1.41]},{"time":4,"x":0,"y":0}]},"bone22":{"rotate":[{"time":0,"angle":-3.47},{"time":0.1667,"angle":-4.17},{"time":1.1667,"angle":0},{"time":2.1667,"angle":-4.17},{"time":3.1667,"angle":0},{"time":4,"angle":-3.47}]},"bone26":{"rotate":[{"time":0,"angle":-1.81},{"time":0.1,"angle":-2.22},{"time":0.2,"angle":-2.64},{"time":0.3,"angle":-3.06},{"time":0.4,"angle":-3.47},{"time":0.5667,"angle":-4.17},{"time":1.5667,"angle":0},{"time":2.5667,"angle":-4.17},{"time":3.5667,"angle":0},{"time":4,"angle":-1.81}]},"bone25":{"rotate":[{"time":0,"angle":-2.22},{"time":0.1,"angle":-2.64},{"time":0.2,"angle":-3.06},{"time":0.3,"angle":-3.47},{"time":0.4667,"angle":-4.17},{"time":1.4667,"angle":0},{"time":2.4667,"angle":-4.17},{"time":3.4667,"angle":0},{"time":4,"angle":-2.22}]},"bone24":{"rotate":[{"time":0,"angle":-2.64},{"time":0.1,"angle":-3.06},{"time":0.2,"angle":-3.47},{"time":0.3667,"angle":-4.17},{"time":1.3667,"angle":0},{"time":2.3667,"angle":-4.17},{"time":3.3667,"angle":0},{"time":4,"angle":-2.64}]},"bone23":{"rotate":[{"time":0,"angle":-3.06},{"time":0.1,"angle":-3.47},{"time":0.2667,"angle":-4.17},{"time":1.2667,"angle":0},{"time":2.2667,"angle":-4.17},{"time":3.2667,"angle":0},{"time":4,"angle":-3.06}]},"bone39":{"translate":[{"time":0,"x":0,"y":0,"curve":[0.294,0.66,0.846,1.41]},{"time":1,"x":0,"y":-9.81,"curve":[0.294,0.66,0.846,1.41]},{"time":2,"x":0,"y":0,"curve":[0.294,0.66,0.846,1.41]},{"time":3,"x":0,"y":-9.81,"curve":[0.294,0.66,0.846,1.41]},{"time":4,"x":0,"y":0}]},"bone44":{"scale":[{"time":0,"x":0.8,"y":0.8,"curve":[0.25,0,0.75,1]},{"time":1,"x":1,"y":1,"curve":[0.25,0,0.75,1]},{"time":2,"x":0.8,"y":0.8,"curve":[0.25,0,0.75,1]},{"time":3,"x":1,"y":1,"curve":[0.25,0,0.75,1]},{"time":4,"x":0.8,"y":0.8}]},"bone42":{"rotate":[{"time":0,"angle":0,"curve":[0.294,0.66,0.846,1.41]},{"time":1,"angle":-9.45,"curve":[0.294,0.66,0.846,1.41]},{"time":2,"angle":0,"curve":[0.294,0.66,0.846,1.41]},{"time":3,"angle":-9.45,"curve":[0.294,0.66,0.846,1.41]},{"time":4,"angle":0}]},"bone43":{"rotate":[{"time":0,"angle":0,"curve":[0.294,0.66,0.846,1.41]},{"time":1,"angle":8.11,"curve":[0.294,0.66,0.846,1.41]},{"time":2,"angle":0,"curve":[0.294,0.66,0.846,1.41]},{"time":3,"angle":8.11,"curve":[0.294,0.66,0.846,1.41]},{"time":4,"angle":0}]},"bone41":{"translate":[{"time":0,"x":0,"y":0},{"time":0.3333,"x":0,"y":4.06},{"time":1,"x":0,"y":0},{"time":1.3333,"x":0,"y":4.06},{"time":2,"x":0,"y":0},{"time":2.3333,"x":0,"y":4.06},{"time":3,"x":0,"y":0},{"time":3.3333,"x":0,"y":4.06},{"time":4,"x":0,"y":0}],"scale":[{"time":0,"x":1,"y":1,"curve":[0.294,0.66,0.846,1.41]},{"time":0.5,"x":1.03,"y":1.03,"curve":[0.294,0.66,0.846,1.41]},{"time":1,"x":1,"y":1,"curve":[0.294,0.66,0.846,1.41]},{"time":1.5,"x":1.03,"y":1.03,"curve":[0.294,0.66,0.846,1.41]},{"time":2,"x":1,"y":1,"curve":[0.294,0.66,0.846,1.41]},{"time":2.5,"x":1.03,"y":1.03,"curve":[0.294,0.66,0.846,1.41]},{"time":3,"x":1,"y":1,"curve":[0.294,0.66,0.846,1.41]},{"time":3.5,"x":1.03,"y":1.03,"curve":[0.294,0.66,0.846,1.41]},{"time":4,"x":1,"y":1}]},"bone50":{"rotate":[{"time":0,"angle":0},{"time":1.3333,"angle":-120},{"time":2.6667,"angle":120},{"time":4,"angle":0}],"scale":[{"time":0,"x":1,"y":1,"curve":[0.25,0,0.75,1]},{"time":0.5,"x":1.05,"y":1.05,"curve":[0.25,0,0.75,1]},{"time":1,"x":1,"y":1,"curve":[0.25,0,0.75,1]},{"time":1.5,"x":1.05,"y":1.05,"curve":[0.25,0,0.75,1]},{"time":2,"x":1,"y":1,"curve":[0.25,0,0.75,1]},{"time":2.5,"x":1.05,"y":1.05,"curve":[0.25,0,0.75,1]},{"time":3,"x":1,"y":1,"curve":[0.25,0,0.75,1]},{"time":3.5,"x":1.05,"y":1.05,"curve":[0.25,0,0.75,1]},{"time":4,"x":1,"y":1}]},"bone11":{"rotate":[{"time":0,"angle":0,"curve":[0.25,0,0.75,1]},{"time":1,"angle":-6.62,"curve":[0.25,0,0.75,1]},{"time":2,"angle":0,"curve":[0.25,0,0.75,1]},{"time":3,"angle":-6.62,"curve":[0.25,0,0.75,1]},{"time":4,"angle":0}],"translate":[{"time":0,"x":0,"y":0,"curve":[0.25,0,0.75,1]},{"time":1,"x":12.71,"y":17.79,"curve":[0.25,0,0.75,1]},{"time":2,"x":0,"y":0,"curve":[0.25,0,0.75,1]},{"time":3,"x":12.71,"y":17.79,"curve":[0.25,0,0.75,1]},{"time":4,"x":0,"y":0}]},"bone12":{"rotate":[{"time":0,"angle":-0.66,"curve":[0.25,0,0.75,1]},{"time":0.1,"angle":0,"curve":[0.25,0,0.75,1]},{"time":1.1,"angle":-6.62,"curve":[0.25,0,0.75,1]},{"time":2.1,"angle":0,"curve":[0.25,0,0.75,1]},{"time":3.1,"angle":-6.62,"curve":[0.25,0,0.75,1]},{"time":4,"angle":-0.66}]},"bone13":{"rotate":[{"time":0,"angle":-1.32,"curve":[0.25,0,0.75,1]},{"time":0.1,"angle":-0.66,"curve":[0.25,0,0.75,1]},{"time":0.2,"angle":0,"curve":[0.25,0,0.75,1]},{"time":1.2,"angle":-6.62,"curve":[0.25,0,0.75,1]},{"time":2.2,"angle":0,"curve":[0.25,0,0.75,1]},{"time":3.2,"angle":-6.62,"curve":[0.25,0,0.75,1]},{"time":4,"angle":-1.32}]},"bone14":{"rotate":[{"time":0,"angle":0,"curve":[0.25,0,0.75,1]},{"time":1,"angle":5.14,"curve":[0.25,0,0.75,1]},{"time":2,"angle":0,"curve":[0.25,0,0.75,1]},{"time":3,"angle":5.14,"curve":[0.25,0,0.75,1]},{"time":4,"angle":0}],"translate":[{"time":0,"x":2.29,"y":-2.16,"curve":[0.25,0,0.75,1]},{"time":0.1,"x":0,"y":0,"curve":[0.25,0,0.75,1]},{"time":1.1,"x":22.88,"y":-21.61,"curve":[0.25,0,0.75,1]},{"time":2.1,"x":0,"y":0,"curve":[0.25,0,0.75,1]},{"time":3.1,"x":22.88,"y":-21.61,"curve":[0.25,0,0.75,1]},{"time":4,"x":2.29,"y":-2.16}]},"bone15":{"rotate":[{"time":0,"angle":0.51,"curve":[0.25,0,0.75,1]},{"time":0.1,"angle":0,"curve":[0.25,0,0.75,1]},{"time":1.1,"angle":5.14,"curve":[0.25,0,0.75,1]},{"time":2.1,"angle":0,"curve":[0.25,0,0.75,1]},{"time":3.1,"angle":5.14,"curve":[0.25,0,0.75,1]},{"time":4,"angle":0.51}]},"bone16":{"rotate":[{"time":0,"angle":1.03,"curve":[0.25,0,0.75,1]},{"time":0.2,"angle":0,"curve":[0.25,0,0.75,1]},{"time":1.2,"angle":5.14,"curve":[0.25,0,0.75,1]},{"time":2.2,"angle":0,"curve":[0.25,0,0.75,1]},{"time":3.2,"angle":5.14,"curve":[0.25,0,0.75,1]},{"time":4,"angle":1.03}]},"bone17":{"rotate":[{"time":0,"angle":0.86,"curve":[0.25,0,0.75,1]},{"time":0.1667,"angle":0,"curve":[0.25,0,0.75,1]},{"time":1.1667,"angle":5.14,"curve":[0.25,0,0.75,1]},{"time":2.1667,"angle":0,"curve":[0.25,0,0.75,1]},{"time":3.1667,"angle":5.14,"curve":[0.25,0,0.75,1]},{"time":4,"angle":0.86}],"translate":[{"time":0,"x":1.69,"y":-1.69,"curve":[0.25,0,0.75,1]},{"time":0.1667,"x":0,"y":0,"curve":[0.25,0,0.75,1]},{"time":1.1667,"x":10.17,"y":-10.17,"curve":[0.25,0,0.75,1]},{"time":2.1667,"x":0,"y":0,"curve":[0.25,0,0.75,1]},{"time":3.1667,"x":10.17,"y":-10.17,"curve":[0.25,0,0.75,1]},{"time":4,"x":1.69,"y":-1.69}]},"bone18":{"rotate":[{"time":0,"angle":1.37,"curve":[0.25,0,0.75,1]},{"time":0.1667,"angle":0.51,"curve":[0.25,0,0.75,1]},{"time":0.2667,"angle":0,"curve":[0.25,0,0.75,1]},{"time":1.2667,"angle":5.14,"curve":[0.25,0,0.75,1]},{"time":2.2667,"angle":0,"curve":[0.25,0,0.75,1]},{"time":3.2667,"angle":5.14,"curve":[0.25,0,0.75,1]},{"time":4,"angle":1.37}]},"bone19":{"rotate":[{"time":0,"angle":5.88,"curve":[0.25,0,0.75,1]},{"time":0.1667,"angle":3.21,"curve":[0.25,0,0.75,1]},{"time":0.3667,"angle":0,"curve":[0.25,0,0.75,1]},{"time":1.3667,"angle":16.04,"curve":[0.25,0,0.75,1]},{"time":2.3667,"angle":0,"curve":[0.25,0,0.75,1]},{"time":3.3667,"angle":16.04,"curve":[0.25,0,0.75,1]},{"time":4,"angle":5.88}]}}}}},"_atlasText":"\r\nmomox2button.png\r\nsize: 2048,2048\r\nformat: RGBA8888\r\nfilter: Linear,Linear\r\nrepeat: none\r\n120fix_0000_KHUYẾN-MẠI-120%\r\n  rotate: false\r\n  xy: 973, 1756\r\n  size: 561, 82\r\n  orig: 561, 82\r\n  offset: 0, 0\r\n  index: -1\r\n120fix_0001_NẠP-MOMO\r\n  rotate: true\r\n  xy: 695, 449\r\n  size: 325, 64\r\n  orig: 325, 64\r\n  offset: 0, 0\r\n  index: -1\r\n120fix_0002_+20%\r\n  rotate: false\r\n  xy: 989, 1001\r\n  size: 152, 102\r\n  orig: 152, 102\r\n  offset: 0, 0\r\n  index: -1\r\nBlue Star\r\n  rotate: false\r\n  xy: 989, 1105\r\n  size: 181, 149\r\n  orig: 181, 149\r\n  offset: 0, 0\r\n  index: -1\r\nBox Back\r\n  rotate: true\r\n  xy: 612, 387\r\n  size: 343, 81\r\n  orig: 343, 81\r\n  offset: 0, 0\r\n  index: -1\r\nBox Front\r\n  rotate: true\r\n  xy: 412, 380\r\n  size: 350, 198\r\n  orig: 350, 198\r\n  offset: 0, 0\r\n  index: -1\r\nCard 1\r\n  rotate: false\r\n  xy: 761, 411\r\n  size: 145, 90\r\n  orig: 145, 90\r\n  offset: 0, 0\r\n  index: -1\r\nCard 2\r\n  rotate: true\r\n  xy: 761, 609\r\n  size: 165, 156\r\n  orig: 165, 156\r\n  offset: 0, 0\r\n  index: -1\r\nCard 3\r\n  rotate: false\r\n  xy: 1383, 1673\r\n  size: 115, 81\r\n  orig: 115, 81\r\n  offset: 0, 0\r\n  index: -1\r\nConfesti\r\n  rotate: false\r\n  xy: 1224, 1446\r\n  size: 159, 223\r\n  orig: 159, 223\r\n  offset: 0, 0\r\n  index: -1\r\nCÁC HÌNH THỨC\r\n  rotate: true\r\n  xy: 851, 891\r\n  size: 469, 70\r\n  orig: 469, 70\r\n  offset: 0, 0\r\n  index: -1\r\nFlying Gold 0\r\n  rotate: false\r\n  xy: 2018, 1993\r\n  size: 28, 29\r\n  orig: 28, 29\r\n  offset: 0, 0\r\n  index: -1\r\nFlying Gold 3\r\n  rotate: false\r\n  xy: 2018, 1993\r\n  size: 28, 29\r\n  orig: 28, 29\r\n  offset: 0, 0\r\n  index: -1\r\nFlying Gold 1\r\n  rotate: false\r\n  xy: 412, 334\r\n  size: 60, 44\r\n  orig: 60, 44\r\n  offset: 0, 0\r\n  index: -1\r\nFlying Gold 4\r\n  rotate: false\r\n  xy: 412, 334\r\n  size: 60, 44\r\n  orig: 60, 44\r\n  offset: 0, 0\r\n  index: -1\r\nFlying Gold 2\r\n  rotate: false\r\n  xy: 638, 741\r\n  size: 45, 33\r\n  orig: 45, 33\r\n  offset: 0, 0\r\n  index: -1\r\nFlying Gold 5\r\n  rotate: false\r\n  xy: 638, 741\r\n  size: 45, 33\r\n  orig: 45, 33\r\n  offset: 0, 0\r\n  index: -1\r\nGlow\r\n  rotate: false\r\n  xy: 2, 1362\r\n  size: 969, 660\r\n  orig: 969, 660\r\n  offset: 0, 0\r\n  index: -1\r\nGold\r\n  rotate: false\r\n  xy: 973, 1921\r\n  size: 872, 101\r\n  orig: 872, 101\r\n  offset: 0, 0\r\n  index: -1\r\nGold Star\r\n  rotate: true\r\n  xy: 1536, 1757\r\n  size: 81, 156\r\n  orig: 81, 156\r\n  offset: 0, 0\r\n  index: -1\r\nGreen Arrow\r\n  rotate: false\r\n  xy: 2, 328\r\n  size: 408, 402\r\n  orig: 408, 402\r\n  offset: 0, 0\r\n  index: -1\r\nL Leaf\r\n  rotate: false\r\n  xy: 369, 268\r\n  size: 34, 58\r\n  orig: 34, 58\r\n  offset: 0, 0\r\n  index: -1\r\nMOMO\r\n  rotate: false\r\n  xy: 2, 41\r\n  size: 365, 285\r\n  orig: 365, 285\r\n  offset: 0, 0\r\n  index: -1\r\nMOMO 10%\r\n  rotate: false\r\n  xy: 761, 503\r\n  size: 154, 104\r\n  orig: 154, 104\r\n  offset: 0, 0\r\n  index: -1\r\nPink Gift\r\n  rotate: false\r\n  xy: 973, 1433\r\n  size: 249, 236\r\n  orig: 249, 236\r\n  offset: 0, 0\r\n  index: -1\r\nPurple Banner\r\n  rotate: false\r\n  xy: 973, 1840\r\n  size: 717, 79\r\n  orig: 717, 79\r\n  offset: 0, 0\r\n  index: -1\r\nPurple Star\r\n  rotate: true\r\n  xy: 1385, 1539\r\n  size: 132, 105\r\n  orig: 132, 105\r\n  offset: 0, 0\r\n  index: -1\r\nR Leaf\r\n  rotate: false\r\n  xy: 851, 831\r\n  size: 33, 58\r\n  orig: 33, 58\r\n  offset: 0, 0\r\n  index: -1\r\nRay Glow\r\n  rotate: false\r\n  xy: 2, 732\r\n  size: 634, 628\r\n  orig: 634, 628\r\n  offset: 0, 0\r\n  index: -1\r\nRed Arrow\r\n  rotate: false\r\n  xy: 1385, 1425\r\n  size: 107, 112\r\n  orig: 107, 112\r\n  offset: 0, 0\r\n  index: -1\r\nRed Banner\r\n  rotate: false\r\n  xy: 973, 1671\r\n  size: 408, 83\r\n  orig: 408, 83\r\n  offset: 0, 0\r\n  index: -1\r\nRed Gift\r\n  rotate: false\r\n  xy: 989, 1256\r\n  size: 184, 175\r\n  orig: 184, 175\r\n  offset: 0, 0\r\n  index: -1\r\nShape 2\r\n  rotate: false\r\n  xy: 211, 9\r\n  size: 31, 30\r\n  orig: 31, 30\r\n  offset: 0, 0\r\n  index: -1\r\nStar\r\n  rotate: true\r\n  xy: 638, 776\r\n  size: 584, 211\r\n  orig: 584, 211\r\n  offset: 0, 0\r\n  index: -1\r\nTHẺ NẠP TẤT CẢ\r\n  rotate: true\r\n  xy: 923, 1016\r\n  size: 344, 64\r\n  orig: 344, 64\r\n  offset: 0, 0\r\n  index: -1\r\nVUA.CLUB\r\n  rotate: false\r\n  xy: 2, 2\r\n  size: 207, 37\r\n  orig: 207, 37\r\n  offset: 0, 0\r\n  index: -1\r\nX2\r\n  rotate: false\r\n  xy: 1847, 1897\r\n  size: 169, 125\r\n  orig: 169, 125\r\n  offset: 0, 0\r\n  index: -1","textures":[{"__uuid__":"425zQEsU9JDZTTQT2piFx2"}],"textureNames":["momox2button.png"]}