{"__type__":"sp.SkeletonData","_name":"1000","_skeletonJson":{"skeleton":{"hash":"4dCC/AaTbta9jv4IbZj5xgNN0C4","spine":"3.7.94","width":512,"height":555.95,"images":"C:\\Users\\Toanp\\OneDrive\\Máy tính\\giao dien r79\\R79 cut\\7. game slot zeus\\chon cuoc\\spine\\100\\images","audio":"C:/Users/Toanp/OneDrive/Máy tính/Zeus/SPINE/1000"},"bones":[{"name":"root","y":64.78},{"name":"bone","parent":"root","x":-29.31,"y":-50.98},{"name":"Layer 11","parent":"bone","length":46.68,"rotation":95.12,"x":5.55,"y":11.1},{"name":"Layer 10","parent":"Layer 11","x":53.53,"y":-1.31},{"name":"Layer 2","parent":"Layer 10","length":123.55,"rotation":-6.08,"x":17.91,"y":-2.3},{"name":"Layer 1","parent":"Layer 2","x":131.23,"y":-2.65},{"name":"Layer 12","parent":"Layer 1","x":-37.87,"y":41.21},{"name":"Layer 15","parent":"Layer 12","length":68.67,"rotation":104.49,"x":-8.29,"y":15.42},{"name":"Layer 13","parent":"Layer 15","x":76.21,"y":1.28},{"name":"Layer 17","parent":"Layer 13","length":87.16,"rotation":-84.36,"x":11.65,"y":-9.52},{"name":"Layer 16","parent":"Layer 17","x":100.85,"y":2.68},{"name":"Layer 14","parent":"Layer 16","length":205.61,"rotation":-171.41,"x":38.68,"y":-2.09},{"name":"Layer 5","parent":"Layer 1","length":42.16,"rotation":2.49,"x":16.08,"y":-1.58},{"name":"Layer 4","parent":"Layer 5","length":62.74,"rotation":5.31,"x":52.7,"y":-10.73},{"name":"Layer 6","parent":"Layer 1","x":7.26,"y":-9.19},{"name":"Layer 8","parent":"Layer 6","length":27.43,"rotation":113.35,"x":-2.19,"y":18.99},{"name":"Layer 7","parent":"Layer 8","length":42.52,"rotation":-22.38,"x":35.04,"y":-1.12},{"name":"Layer 9","parent":"Layer 1","x":17.27,"y":-67.83},{"name":"Layer 3","parent":"Layer 9","length":60.8,"rotation":-132.81,"x":-2.87,"y":-11.72},{"name":"Layer 19","parent":"Layer 9","x":-14.57,"y":-10.07},{"name":"Layer 18","parent":"Layer 19","length":82.83,"rotation":-141.87,"x":-8.44,"y":-9.05},{"name":"Layer 21","parent":"Layer 18","x":86.6,"y":4.46},{"name":"Layer 20","parent":"Layer 21","length":52.14,"rotation":-19.69,"x":16.14,"y":-1.07},{"name":"Layer 23","parent":"Layer 20","x":78.41,"y":12.71},{"name":"Layer 22","parent":"bone","length":68.56,"rotation":-74.34,"x":9.74,"y":-14.6},{"name":"Layer 24","parent":"bone","x":42.44,"y":26.74},{"name":"Layer 26","parent":"Layer 24","length":97.76,"rotation":-43.47,"x":20.36,"y":-16.04},{"name":"Layer 25","parent":"bone","x":-8.16,"y":-20.77},{"name":"Layer 28","parent":"Layer 25","length":74.25,"rotation":-105.42,"x":-6.17,"y":-25.3},{"name":"Layer 27","parent":"bone","x":-12.48,"y":8.85},{"name":"Layer 30","parent":"Layer 27","length":50.61,"rotation":-135,"x":-17.28,"y":-14.81},{"name":"Layer 29","parent":"Layer 30","length":92.16,"rotation":-108.78,"x":59.33,"y":-26.18},{"name":"Layer 31","parent":"bone","x":73.78,"y":30.75},{"name":"Layer 33","parent":"Layer 31","length":88.42,"rotation":-19.54,"x":21.5,"y":-9.86},{"name":"Layer 32","parent":"Layer 33","length":88.07,"rotation":-25.05,"x":94.93,"y":0.41},{"name":"Layer 34","parent":"bone","x":-29.26,"y":-26.59},{"name":"Layer 36","parent":"Layer 34","length":112.29,"rotation":-168.96,"x":-34.94,"y":-6.27}],"slots":[{"name":"Layer 18","bone":"Layer 36","attachment":"Layer 18"},{"name":"Layer 16","bone":"Layer 26","attachment":"Layer 16"},{"name":"Layer 17","bone":"Layer 28","attachment":"Layer 17"},{"name":"Layer 19","bone":"Layer 32","attachment":"Layer 19"},{"name":"Layer 20","bone":"Layer 22","attachment":"Layer 20"},{"name":"Layer 21","bone":"Layer 29","attachment":"Layer 21"},{"name":"Layer 13","bone":"Layer 17","attachment":"Layer 13"},{"name":"Layer 12","bone":"Layer 15","attachment":"Layer 12"},{"name":"Layer 1","bone":"Layer 1","attachment":"Layer 1"},{"name":"Layer 2","bone":"Layer 2","attachment":"Layer 2"},{"name":"Layer 7","bone":"Layer 18","attachment":"Layer 7"},{"name":"Layer 10","bone":"Layer 10","attachment":"Layer 10"},{"name":"Layer 11","bone":"Layer 11","attachment":"Layer 11"},{"name":"Layer 3","bone":"Layer 3","attachment":"Layer 3"},{"name":"Layer 8","bone":"Layer 20","attachment":"Layer 8"},{"name":"Layer 9","bone":"Layer 23","attachment":"Layer 9"},{"name":"Layer 5","bone":"Layer 5","attachment":"Layer 5"},{"name":"Layer 6","bone":"Layer 7","attachment":"Layer 6"},{"name":"Layer 4","bone":"Layer 4","attachment":"Layer 4"},{"name":"Layer 14","bone":"Layer 14","attachment":"Layer 14"},{"name":"Layer 15","bone":"Layer 16","attachment":"Layer 15"},{"name":"phong-bg","bone":"root","attachment":"phong-bg"},{"name":"1","bone":"root","attachment":"1"}],"skins":{"default":{"1":{"1":{"x":33.07,"y":-12.59,"width":200,"height":61}},"Layer 1":{"Layer 1":{"type":"mesh","uvs":[0.63086,0.09609,0.78476,0.21847,0.93384,0.3635,1,0.43602,1,0.61732,0.89056,0.77595,0.75109,0.92552,0.47216,0.97991,0.16437,0.95724,0.03934,0.80768,0,0.63998,0.00086,0.3771,0.08743,0.19127,0.19804,0.08703,0.29903,0,0.44331,0,0.58758,0],"triangles":[2,3,4,5,1,2,5,2,4,11,13,10,13,9,10,0,1,9,5,7,1,11,12,13,9,1,8,15,16,0,13,14,15,0,13,15,0,9,13,1,7,8,5,6,7],"vertices":[1,5,88.31,-31.1,1,1,5,71.65,-51.54,1,1,5,51.82,-71.41,1,1,5,41.88,-80.25,1,1,5,16.69,-80.67,1,1,5,-5.6,-66.71,1,1,5,-26.69,-48.79,1,1,5,-34.87,-12.38,1,1,5,-32.4,27.98,1,1,5,-11.89,44.71,1,1,5,11.33,50.26,1,1,5,47.87,50.76,1,1,5,73.89,39.86,1,1,5,88.62,25.61,1,1,5,100.94,12.59,1,1,5,101.25,-6.31,1,1,5,101.57,-25.21,1],"hull":17,"edges":[0,2,2,4,4,6,6,8,8,10,10,12,12,14,14,16,16,18,18,20,20,22,22,24,24,26,26,28,28,30,30,32,0,32],"width":131,"height":139}},"Layer 10":{"Layer 10":{"type":"mesh","uvs":[0.99853,0.0368,0.93495,0.12694,0.8733,0.19418,0.81935,0.25713,0.71146,0.34726,0.64403,0.41021,0.56311,0.4889,0.49567,0.58047,0.45907,0.66774,0.47063,0.74213,0.53421,0.79936,0.64017,0.83656,0.70953,0.88806,0.66137,0.93098,0.33191,0.97677,0.0853,0.99107,0.06218,0.91095,0.01594,0.8337,0,0.76216,0,0.69349,0.04869,0.60765,0.11034,0.5261,0.19512,0.43167,0.2876,0.3444,0.38778,0.25427,0.48411,0.17415,0.5843,0.08688,0.64981,0.03394,0.70183,0,0.88101,0,0.98119,0,1,0],"triangles":[0,30,31,0,1,29,0,29,30,2,28,29,2,29,1,2,27,28,3,27,2,26,27,3,4,26,3,25,26,4,5,25,4,24,25,5,6,24,5,23,24,6,7,23,6,22,23,7,8,22,7,18,19,20,17,18,20,20,9,17,16,17,9,13,11,12,8,21,22,8,20,21,14,9,10,9,20,8,14,16,9,13,14,10,13,10,11,15,16,14],"vertices":[1,3,161.11,-117.11,1,1,3,143.82,-105.99,1,1,3,131.12,-95.57,1,1,3,119.17,-86.37,1,1,3,102.48,-68.63,1,1,3,90.72,-57.42,1,1,3,75.97,-43.91,1,1,3,58.45,-32.19,1,1,3,41.38,-25.15,1,1,3,26.26,-25.53,1,1,3,13.9,-34,1,1,3,4.99,-49.16,1,1,3,-6.3,-58.6,1,1,3,-14.29,-50.63,1,1,3,-19.09,-0.58,1,1,3,-18.67,36.52,1,1,3,-2.24,38.53,1,1,3,13.92,44.05,1,1,3,28.53,45.14,1,1,3,42.34,43.9,1,1,3,58.96,35.08,1,1,3,74.55,24.4,1,1,3,92.41,10.04,1,1,3,108.73,-5.35,1,1,3,125.52,-21.94,1,1,3,140.35,-37.78,1,1,3,156.57,-54.32,1,1,3,166.35,-65.06,1,1,3,172.48,-73.45,1,1,3,170.08,-100.22,1,1,3,168.74,-115.18,1,1,3,168.49,-117.99,1],"hull":32,"edges":[0,2,2,4,4,6,6,8,8,10,10,12,12,14,14,16,16,18,18,20,20,22,22,24,24,26,26,28,28,30,30,32,32,34,34,36,36,38,38,40,40,42,42,44,44,46,46,48,48,50,50,52,52,54,54,56,56,58,58,60,60,62,0,62],"width":150,"height":202}},"Layer 11":{"Layer 11":{"type":"mesh","uvs":[0.94618,0.44766,0.93381,0.48302,0.90364,0.48763,0.82937,0.47072,0.7435,0.45458,0.67775,0.45842,0.6352,0.47995,0.59807,0.50455,0.55475,0.53914,0.52149,0.5745,0.4859,0.61217,0.45032,0.62985,0.38106,0.66531,0.32614,0.67146,0.29597,0.69529,0.32382,0.71144,0.33,0.75218,0.32536,0.81906,0.31531,0.87518,0.30448,0.91054,0.27353,0.88825,0.2217,0.84136,0.19385,0.77678,0.17374,0.75756,0.08555,0.77601,0.05538,0.74757,0.05693,0.69991,0.0724,0.673,0.04301,0.64763,0.06621,0.62149,0.05306,0.59766,0.03318,0.55409,0.05174,0.5341,0.02931,0.51181,0.02389,0.48259,0.03395,0.44339,0.02312,0.40572,0.00455,0.3742,0,0.33423,0,0.29041,0.00378,0.22794,0.03937,0.28867,0.06025,0.33019,0.0765,0.35709,0.11982,0.33557,0.15772,0.31635,0.20569,0.29944,0.24359,0.31481,0.25519,0.26638,0.24901,0.21949,0.29542,0.17874,0.39367,0.15799,0.53024,0.12795,0.63312,0.13334,0.70507,0.14487,0.77392,0.16332,0.84156,0.20256,0.85084,0.24945,0.85162,0.29634,0.88952,0.31864,0.89262,0.36015,0.89571,0.39551,0.90732,0.4301,0.93052,0.45394],"triangles":[48,49,50,39,40,41,38,39,41,38,41,42,37,38,42,37,42,43,36,37,43,35,36,43,54,58,5,54,55,58,57,55,56,58,55,57,5,53,54,4,5,58,60,3,4,58,60,4,60,58,59,3,60,61,3,61,62,6,53,5,1,63,0,2,3,62,2,62,63,2,63,1,6,7,52,6,52,53,51,52,7,32,33,34,44,32,35,32,34,35,45,46,47,44,45,47,8,51,7,8,50,51,29,30,32,31,32,30,8,9,50,9,48,50,9,47,48,9,11,47,32,44,29,10,11,9,11,13,47,12,13,11,44,27,29,28,29,27,44,47,13,35,43,44,13,27,44,14,27,13,23,27,14,26,27,23,24,25,26,23,24,26,22,23,14,14,15,16,22,16,21,14,16,22,17,21,16,17,20,21,18,20,17,19,20,18],"vertices":[1,2,16.23,-112,1,1,2,10.77,-109.53,1,1,2,10.46,-104.69,1,1,2,14.21,-93.17,1,1,2,18,-79.8,1,1,2,18.32,-69.33,1,1,2,15.5,-62.29,1,1,2,12.1,-56.05,1,1,2,7.2,-48.7,1,1,2,2.04,-42.93,1,1,2,-3.46,-36.75,1,1,2,-5.77,-30.87,1,1,2,-10.44,-19.39,1,1,2,-10.64,-10.61,1,1,2,-14.01,-5.49,1,1,2,-16.98,-9.67,1,1,2,-23.56,-10.07,1,1,2,-34.15,-8.38,1,1,2,-42.95,-5.98,1,1,2,-48.43,-3.76,1,1,2,-44.44,0.82,1,1,2,-36.23,8.36,1,1,2,-25.55,11.85,1,1,2,-22.2,14.76,1,1,2,-23.89,28.99,1,1,2,-18.93,33.36,1,1,2,-11.36,32.43,1,1,2,-7.29,29.6,1,1,2,-2.83,33.89,1,1,2,1.01,29.84,1,1,2,4.99,31.59,1,1,2,12.22,34.11,1,1,2,15.14,30.89,1,1,2,19.01,34.12,1,1,2,23.74,34.56,1,1,2,29.85,32.41,1,1,2,36.01,33.59,1,1,2,41.29,36.08,1,1,2,47.73,36.23,1,1,2,54.71,35.6,1,1,2,64.61,34.11,1,1,2,54.43,29.34,1,1,2,47.52,26.63,1,1,2,43,24.44,1,1,2,45.81,17.27,1,1,2,48.34,11,1,1,2,50.35,3.16,1,1,2,47.37,-2.62,1,1,2,54.92,-5.15,1,1,2,62.48,-4.84,1,1,2,68.32,-12.77,1,1,2,70.23,-28.63,1,1,2,73.08,-50.69,1,1,2,70.76,-66.9,1,1,2,67.9,-78.13,1,1,2,63.99,-88.77,1,1,2,56.78,-98.92,1,1,2,49.17,-99.73,1,1,2,41.69,-99.18,1,1,2,37.6,-104.86,1,1,2,30.94,-104.76,1,1,2,25.26,-104.75,1,1,2,19.58,-106.09,1,1,2,15.45,-109.43,1],"hull":64,"edges":[0,2,2,4,4,6,6,8,8,10,10,12,12,14,14,16,16,18,18,20,20,22,22,24,24,26,26,28,28,30,30,32,32,34,34,36,36,38,38,40,40,42,42,44,44,46,46,48,48,50,50,52,52,54,54,56,56,58,58,60,60,62,62,64,64,66,66,68,68,70,70,72,72,74,74,76,76,78,78,80,80,82,82,84,84,86,86,88,88,90,90,92,92,94,94,96,96,98,98,100,100,102,102,104,104,106,106,108,108,110,110,112,112,114,114,116,116,118,118,120,120,122,122,124,124,126,0,126],"width":159,"height":160}},"Layer 12":{"Layer 12":{"type":"mesh","uvs":[0.991,0.11225,0.90964,0.18108,0.85992,0.28434,0.83731,0.33729,0.86444,0.39025,0.85087,0.45379,0.83279,0.50939,0.84183,0.58352,0.84409,0.67089,0.84409,0.76091,0.71074,0.84564,0.6,0.92506,0.45309,0.97537,0.30618,1,0.08468,1,0,0.9939,0,0.86946,0.00331,0.68413,0.05982,0.46967,0.08016,0.3876,0.20673,0.39819,0.33556,0.33994,0.43727,0.2711,0.50959,0.2155,0.5774,0.12548,0.6565,0.05135,0.73109,0,0.83053,0,0.93224,0,0.99327,0,1,0.06724],"triangles":[13,20,12,16,13,14,14,15,16,13,16,17,20,13,17,17,18,20,11,12,21,12,20,21,11,21,10,18,19,20,9,10,8,7,21,6,7,10,21,6,21,22,6,22,23,10,7,8,3,6,25,3,25,26,6,23,24,25,6,24,6,3,5,2,3,26,5,3,4,1,2,26,1,26,27,1,28,0,1,27,28,30,28,29,30,0,28],"vertices":[1,6,33.96,-26.11,1,2,6,26.56,-16.22,0.99997,7,-39.36,-25.83,0.00003,1,6,15.62,-10.29,1,2,6,10.01,-7.6,0.99853,7,-26.88,-11.96,0.00147,1,6,4.51,-11.03,1,2,6,-2.19,-9.48,0.97279,7,-25.64,0.32,0.02721,2,6,-8.06,-7.35,0.79948,7,-22.11,5.48,0.20052,2,6,-15.83,-8.59,0.51874,7,-21.37,13.31,0.48126,2,6,-25,-9.03,0.31646,7,-19.49,22.29,0.68354,2,6,-34.45,-9.19,0.22274,7,-17.28,31.48,0.77726,2,6,-43.62,7.06,0.06804,7,0.75,36.29,0.93196,2,6,-52.19,20.54,0.00627,7,15.94,41.21,0.99373,1,7,34.74,42.12,1,1,7,52.92,40.41,1,1,7,79.41,34.04,1,1,7,89.38,30.98,1,1,7,86.33,18.27,1,1,7,81.38,-0.55,1,1,7,69.35,-20.82,1,1,7,64.91,-28.61,1,2,6,2.31,69.84,0.00002,7,50.03,-23.89,0.99998,2,6,8.7,54.1,0.02342,7,33.19,-26.13,0.97658,2,6,16.13,41.71,0.15033,7,19.34,-30.23,0.84967,2,6,22.12,32.92,0.36924,7,9.32,-33.82,0.63076,2,6,31.71,24.74,0.65381,7,-1,-41.06,0.34619,2,6,39.66,15.14,0.84346,7,-12.28,-46.35,0.15654,2,6,45.2,6.06,0.93155,7,-22.46,-49.45,0.06845,2,6,45.41,-6.17,0.98322,7,-34.35,-46.59,0.01678,2,6,45.62,-18.68,0.99974,7,-46.51,-43.66,0.00026,1,6,45.75,-26.19,1,1,6,38.7,-27.13,1],"hull":31,"edges":[0,2,2,4,4,6,6,8,8,10,10,12,12,14,14,16,16,18,18,20,20,22,22,24,24,26,26,28,28,30,30,32,32,34,34,36,36,38,38,40,40,42,42,44,44,46,46,48,48,50,50,52,52,54,54,56,56,58,58,60,0,60],"width":123,"height":105}},"Layer 13":{"Layer 13":{"type":"mesh","uvs":[0.71817,0.05642,0.73094,0.1405,0.75301,0.19849,0.77159,0.25068,0.79133,0.31156,0.83197,0.38791,0.88075,0.43623,0.94462,0.48456,0.9783,0.51162,0.94926,0.57444,1,0.64163,1,0.70348,1,0.75083,0.98577,0.80592,0.95039,0.87965,0.89,0.90961,0.82032,0.93087,0.73207,0.89608,0.71813,0.95117,0.70768,0.98306,0.6949,1,0.64729,0.9618,0.59271,0.90381,0.55903,0.84293,0.54278,0.80137,0.4882,0.81393,0.48587,0.75208,0.4789,0.6912,0.41852,0.70279,0.44639,0.63707,0.43129,0.53946,0.43478,0.45458,0.45452,0.38886,0.4371,0.31444,0.42316,0.25453,0.39027,0.18747,0.37053,0.13141,0.39607,0.07343,0.39724,0.03284,0.48201,0.00577,0.5633,0,0.63646,0,0.70614,0,0.72704,0.00674,0.71659,0.03187],"triangles":[16,17,15,14,15,13,13,15,17,17,12,13,11,12,17,11,17,9,9,10,11,20,21,19,19,21,18,18,21,17,17,21,22,22,23,17,9,6,7,27,6,9,24,9,17,17,23,24,25,26,24,27,9,24,6,27,5,27,24,26,28,29,27,27,29,5,5,32,4,4,32,3,3,32,2,2,32,1,5,31,32,1,40,0,44,0,41,5,29,30,31,5,30,9,7,8,32,40,1,35,39,40,0,40,41,41,42,44,40,32,33,40,33,34,40,34,35,39,35,37,39,37,38,35,36,37,44,42,43],"vertices":[1,9,88.79,-23.18,1,1,9,76.43,-20.56,1,1,9,67.37,-20.31,1,1,9,59.27,-19.93,1,2,9,49.9,-19.27,0.99961,8,-2.62,-61.07,0.00039,2,9,37.5,-20.29,0.98236,8,-4.86,-48.83,0.01764,2,9,28.71,-23.64,0.92329,8,-9.05,-40.41,0.07671,2,9,19.31,-28.76,0.80206,8,-15.07,-31.56,0.19794,2,9,14.13,-31.38,0.75405,8,-18.19,-26.66,0.24595,2,9,6.47,-24.91,0.56223,8,-12.5,-18.4,0.43777,2,9,-5.05,-27.56,0.147,8,-16.27,-7.2,0.853,2,9,-13.75,-24.54,0.01448,8,-14.12,1.76,0.98552,1,8,-12.47,8.62,1,2,9,-27.59,-17.86,0.00289,8,-8.83,16.19,0.99711,2,9,-36.53,-10.11,0.05373,8,-2,25.84,0.94627,2,9,-38.29,-1.57,0.13649,8,6.33,28.43,0.86351,2,9,-38.44,7.63,0.25105,8,15.47,29.49,0.74895,2,9,-29.95,16.27,0.54817,8,24.9,21.89,0.45183,2,9,-37.14,20.59,0.66377,8,28.5,29.47,0.33623,2,9,-41.2,23.38,0.67367,8,30.87,33.78,0.32633,2,9,-43.07,25.7,0.67457,8,33,35.87,0.32543,2,9,-35.75,29.41,0.68337,8,37.41,28.95,0.31663,2,9,-25.37,32.97,0.74418,8,41.97,18.97,0.25582,2,9,-15.43,33.93,0.84217,8,43.91,9.17,0.15783,2,9,-8.92,33.81,0.92689,8,44.42,2.68,0.07311,2,9,-8.46,40.81,0.96203,8,51.44,2.92,0.03797,2,9,0.34,38.06,0.97802,8,49.56,-6.11,0.02198,2,9,9.19,35.9,0.998,8,48.28,-15.13,0.002,1,9,10.01,43.54,1,1,9,18.13,37.06,1,1,9,32.48,34.05,1,1,9,44.29,29.49,1,1,9,52.73,23.97,1,1,9,63.91,22.37,1,1,9,72.91,21.07,1,1,9,83.69,21.64,1,1,9,92.38,21.21,1,1,9,99.51,15.38,1,1,9,105.17,13.26,1,1,9,105.53,2.01,1,1,9,103.03,-7.8,1,1,9,100.05,-16.37,1,1,9,97.22,-24.53,1,1,9,95.42,-26.65,1,1,9,92.31,-24.19,1],"hull":45,"edges":[0,2,2,4,4,6,6,8,8,10,10,12,12,14,14,16,16,18,18,20,20,22,22,24,24,26,26,28,28,30,30,32,32,34,34,36,36,38,38,40,40,42,42,44,44,46,46,48,48,50,50,52,52,54,54,56,56,58,58,60,60,62,62,64,64,66,66,68,68,70,70,72,72,74,74,76,76,78,78,80,80,82,82,84,84,86,86,88,0,88],"width":124,"height":149}},"Layer 14":{"Layer 14":{"type":"mesh","uvs":[0.11907,0.00021,0.1986,0.08544,0.24815,0.14139,0.29379,0.19649,0.37333,0.27827,0.4294,0.28343,0.46591,0.30839,0.45287,0.32217,0.4959,0.34197,0.48547,0.36521,0.53893,0.36951,0.59239,0.36693,0.62499,0.35574,0.70061,0.37554,0.76581,0.43924,0.80884,0.47023,0.84404,0.49261,0.88316,0.51155,0.89229,0.52963,0.82318,0.53221,0.75147,0.52963,0.75929,0.56665,0.73712,0.583,0.65237,0.54599,0.6328,0.57022,0.6693,0.6081,0.72277,0.63823,0.78144,0.66663,0.81013,0.69935,0.82578,0.80948,0.82708,0.86802,0.82447,0.91881,0.81926,0.94033,0.74493,0.92311,0.64975,0.87146,0.55456,0.81981,0.38244,0.71049,0.37332,0.67003,0.38244,0.63904,0.40852,0.60546,0.39157,0.56587,0.33941,0.5409,0.3003,0.5366,0.30812,0.56414,0.29899,0.58394,0.2338,0.56931,0.19989,0.52541,0.21945,0.48839,0.18164,0.49011,0.11905,0.52368,0.00917,0.5211,0,0.49872,0.00526,0.47203,0.03133,0.44449,0.04698,0.40833,0.0548,0.37476,0.07828,0.3541,0.14738,0.35324,0.19693,0.36357,0.16955,0.34118,0.18389,0.32052,0.20476,0.29556,0.23735,0.27232,0.12513,0.11019,0.06906,0.02755,0.05733,0,0.12335,0.04161,0.15465,0.08293,0.17771,0.11881,0.2123,0.15905,0.23865,0.20145,0.26665,0.24712,0.30947,0.30258,0.36877,0.37,0.43465,0.45699,0.49065,0.5331,0.55159,0.62336,0.63065,0.71578,0.71135,0.80143,0.12332,0.46216,0.14144,0.39474,0.26332,0.39256,0.28473,0.50239,0.5285,0.39583,0.6372,0.39256,0.69155,0.43932,0.7245,0.47955,0.63885,0.49478,0.55155,0.49043,0.71132,0.6742,0.48073,0.66115],"triangles":[64,65,0,1,67,66,64,0,66,66,0,1,63,66,67,64,66,63,68,67,1,63,67,68,68,1,2,69,68,2,70,69,2,70,2,3,71,70,3,62,69,70,62,70,71,63,68,69,62,63,69,71,3,4,72,71,4,62,71,72,7,5,6,58,60,61,59,60,58,9,7,8,73,72,4,73,4,5,73,5,7,84,12,13,11,12,84,81,62,72,81,72,73,61,62,81,58,61,81,80,56,57,80,57,58,83,9,10,85,84,13,85,13,14,9,74,73,9,73,7,74,9,83,80,55,56,80,54,55,79,54,80,53,54,79,86,85,14,47,58,81,48,80,58,48,79,80,58,47,48,11,83,10,88,11,84,88,83,11,74,83,88,87,84,85,87,85,86,88,84,87,82,81,73,82,73,74,47,81,82,50,52,53,51,52,50,49,53,79,49,79,48,50,53,49,15,20,86,15,86,14,19,15,16,20,15,19,19,16,17,19,17,18,75,74,88,41,42,82,74,41,82,40,41,74,23,87,86,23,86,20,75,40,74,45,47,82,45,82,42,44,45,42,46,47,45,24,88,87,24,87,23,22,23,20,22,20,21,43,44,42,39,40,75,76,88,24,75,88,76,90,39,75,76,90,75,89,25,26,89,26,27,38,90,37,36,37,90,90,38,39,25,77,76,25,76,24,77,25,89,28,78,89,28,89,27,77,89,78,78,28,29,77,90,76,34,35,77,35,90,77,36,90,35,78,34,77,34,78,33,30,78,29,78,30,33,31,33,30,32,33,31],"vertices":[1,11,-39.71,6.6,1,1,11,-8.85,8.7,1,1,11,11.16,9.59,1,1,11,30.56,9.9,1,1,11,60.48,12.49,1,1,11,67.22,21.87,1,1,11,77.51,24.87,1,1,11,80.04,20.53,1,1,11,89.54,25.45,1,1,11,94.91,20.22,1,1,11,101.16,29.25,1,1,11,105.54,39.27,1,1,11,105.58,46.77,1,1,11,118.17,57.57,1,1,11,141.79,60.17,1,1,11,154.35,63.48,1,1,11,163.82,66.62,1,1,11,172.71,70.95,1,1,11,178.52,70,1,1,11,172.66,57.15,1,1,11,165.14,44.58,1,1,11,176.01,40.66,1,1,11,178.37,34.31,1,1,11,160.2,24.33,1,1,11,164.96,17.31,1,1,11,178.79,18.45,1,1,11,192.11,23.77,1,1,11,205.45,30.27,1,1,11,217.12,30.74,1,1,11,248.72,17.72,1,1,11,264.85,9.53,1,1,11,278.49,1.75,1,1,11,283.88,-2.29,1,1,11,272.11,-13.23,1,1,11,248.95,-22.98,1,1,11,225.78,-32.73,1,1,11,179.53,-48.07,1,1,11,167.6,-43.89,1,1,11,159.99,-37.79,1,1,11,153.29,-28.25,1,1,11,140.85,-25.61,1,1,11,129.07,-31.43,1,1,11,124.18,-37.87,1,1,11,132.45,-40.43,1,1,11,137,-44.92,1,1,11,126.81,-54.59,1,1,11,111.58,-54.39,1,1,11,103.32,-45.53,1,1,11,100.19,-52.6,1,1,11,103.43,-68.73,1,1,11,92.28,-88.2,1,1,11,85.29,-86.63,1,1,11,78.49,-81.84,1,1,11,73.44,-73.17,1,1,11,65.04,-65.14,1,1,11,56.6,-58.9,1,1,11,53.18,-51.69,1,1,11,59.51,-39.09,1,1,11,67.04,-31.63,1,1,11,58.32,-33.35,1,1,11,54.04,-27.79,1,1,11,49.19,-20.43,1,1,11,45.93,-11.2,1,1,11,-9.06,-8.13,1,1,11,-36.99,-6.36,1,1,11,-45.63,-4.51,1,1,11,-27.98,1.42,1,1,11,-13.71,1.12,1,1,11,-1.71,0.12,1,1,11,12.58,0.58,1,1,11,26.68,-0.77,1,1,11,41.83,-2.29,1,1,11,61.06,-2.54,1,1,11,85.13,-1.54,1,1,11,115.18,-2.16,1,1,11,141.31,-3.01,1,1,11,171.78,-4.99,1,1,11,204.56,-4.02,1,1,11,235.65,-1.78,1,1,11,87.01,-59.11,1,1,11,70.3,-46.13,1,1,11,81.28,-23.82,1,1,11,113.35,-35.76,1,1,11,107.37,23.58,1,1,11,116.8,43.68,1,1,11,134.75,46.76,1,1,11,148.89,46.91,1,1,11,144.91,29.26,1,1,11,135.43,14.13,1,1,11,200.86,16.52,1,1,11,175.38,-23.22,1],"hull":66,"edges":[0,2,2,4,4,6,6,8,8,10,10,12,12,14,14,16,16,18,18,20,20,22,22,24,24,26,26,28,28,30,30,32,32,34,34,36,36,38,38,40,40,42,42,44,44,46,46,48,48,50,50,52,52,54,54,56,56,58,58,60,60,62,62,64,64,66,66,68,68,70,70,72,72,74,74,76,76,78,78,80,80,82,82,84,84,86,86,88,88,90,90,92,92,94,94,96,96,98,98,100,100,102,102,104,104,106,106,108,108,110,110,112,112,114,114,116,116,118,118,120,120,122,122,124,124,126,126,128,128,130,0,130],"width":204,"height":309}},"Layer 15":{"Layer 15":{"type":"mesh","uvs":[0.4713,0.9482,0.35854,0.65388,0.31155,0.4099,0.34288,0.27435,0.44311,0.11557,0.50889,0.00326,0.61539,0,0.79393,0,0.87851,0.11557,0.90983,0.26661,0.9067,0.37891,0.98501,0.44862,1,0.5648,1,0.78555,0.9067,0.83589,0.82526,0.79717,0.75635,0.83977,0.68117,0.93271,0.5966,1,0.50576,1],"triangles":[8,9,6,3,10,2,1,2,10,6,7,8,4,5,6,6,9,4,12,10,11,3,4,10,9,10,4,12,15,10,13,15,12,15,1,10,14,15,13,16,1,15,16,0,1,17,0,16,18,19,0,17,18,0],"vertices":[1,10,-7.51,13.85,1,1,10,10.29,15.78,1,1,10,24.02,14.39,1,1,10,30.36,9.93,1,1,10,36.37,0.63,1,1,10,40.74,-5.62,1,1,10,38.53,-12.52,1,1,10,34.54,-23.99,1,1,10,26.65,-27.34,1,1,10,18.11,-26.62,1,1,10,12.34,-24.39,1,1,10,6.97,-28.16,1,1,10,0.6,-27.03,1,1,10,-10.87,-23.04,1,1,10,-11.4,-16.14,1,1,10,-7.57,-11.61,1,1,10,-8.24,-6.41,1,1,10,-11.39,0.09,1,1,10,-13.49,5.33,1,1,10,-10.97,12.57,1],"hull":20,"edges":[0,2,2,4,4,6,6,8,8,10,10,12,12,14,14,16,16,18,18,20,20,22,22,24,24,26,26,28,28,30,30,32,32,34,34,36,36,38,0,38],"width":68,"height":55}},"Layer 16":{"Layer 16":{"type":"mesh","uvs":[0.2845,0.06412,0.36807,0.1441,0.45769,0.20807,0.51461,0.26317,0.57638,0.32714,0.62967,0.40001,0.6769,0.42489,0.73261,0.45866,0.77258,0.48176,0.83435,0.53152,0.86947,0.63637,0.89854,0.7981,0.89006,0.85674,0.50371,1,0.41894,1,0.30025,0.89229,0.1864,0.73589,0.09073,0.62216,0.01927,0.50486,0,0.38224,0,0.24895,0.0011,0.13343,0.09194,0.04102,0.16097,0,0.21789,0,0.26634,0],"triangles":[24,25,0,22,24,19,24,22,23,21,22,20,22,19,20,12,13,11,10,8,9,8,10,13,8,13,7,6,7,13,6,13,15,6,15,5,14,15,13,5,15,16,5,16,4,4,16,3,3,16,2,2,16,1,0,1,17,11,13,10,0,17,24,17,1,16,19,24,17,17,18,19],"vertices":[2,26,-9.97,44.82,0.62233,25,43.96,23.35,0.37767,2,26,16.53,49.66,0.9385,25,66.52,8.63,0.0615,2,26,42.19,57.76,0.99871,25,90.72,-3.14,0.00129,1,26,60.32,60.98,1,1,26,80.52,63.91,1,1,26,100.18,64.07,1,1,26,112.59,69.52,1,1,26,127.78,75.36,1,1,26,138.54,79.7,1,1,26,156.94,84.53,1,1,26,177.09,77.05,1,1,26,203.26,60.85,1,1,26,209.02,51.44,1,1,26,151.45,-39.45,1,1,26,134.83,-55.19,1,1,26,97.94,-62.85,1,2,26,55.84,-63.11,0.98553,25,17.47,-100.26,0.01447,2,26,22.69,-65.7,0.87474,25,-8.36,-79.33,0.12526,2,26,-6.16,-63.3,0.66162,25,-27.66,-57.75,0.33838,2,26,-25.46,-50.51,0.41847,25,-32.86,-35.19,0.58153,2,26,-42.33,-32.71,0.10686,25,-32.86,-10.66,0.89314,2,26,-56.73,-17.08,0.00096,25,-32.56,10.59,0.99904,2,26,-50.63,12.14,0.02294,25,-8.04,27.6,0.97706,2,26,-42.3,30.44,0.18575,25,10.6,35.15,0.81425,2,26,-31.14,41.01,0.36791,25,25.97,35.15,0.63209,2,26,-21.65,50.01,0.48089,25,39.05,35.15,0.51911],"hull":26,"edges":[0,2,2,4,4,6,6,8,8,10,10,12,12,14,14,16,16,18,18,20,20,22,22,24,24,26,26,28,28,30,30,32,32,34,34,36,36,38,38,40,40,42,42,44,44,46,46,48,48,50,0,50],"width":270,"height":184}},"Layer 17":{"Layer 17":{"type":"mesh","uvs":[1,0.3321,0.95252,0.43405,0.8933,0.553,0.84506,0.62946,0.81435,0.69136,0.77268,0.74477,0.72663,0.77632,0.449,0.83194,0.13758,0.82587,0,0.81859,0,0.75912,0,0.66445,0.05863,0.51394,0.10687,0.39742,0.20337,0.30761,0.33496,0.17524,0.43803,0.09028,0.53014,0.04901,0.68366,0.01503,0.79989,0.00289,0.91613,0,0.98192,0.09271,1,0.15946,1,0.23229,0.99947,0.28205],"triangles":[3,15,16,3,16,17,2,17,18,23,1,19,19,1,18,1,24,0,24,1,23,20,23,19,20,22,23,20,21,22,7,3,6,12,8,11,7,8,12,13,14,7,13,7,12,8,9,10,4,5,6,8,10,11,3,4,6,3,7,15,14,15,7,2,3,17,1,2,18],"vertices":[2,28,-27.91,63.78,0.3915,27,62.73,-15.35,0.6085,2,28,-0.33,64.24,0.718,27,55.85,-42.07,0.282,2,28,32,64.26,0.95285,27,47.26,-73.23,0.04715,2,28,53.17,62.84,0.99462,27,40.27,-93.26,0.00538,2,28,69.99,62.86,0.99996,27,35.81,-109.48,0.00004,1,28,85.08,60.76,1,1,28,94.83,56.52,1,1,28,119.58,21.59,1,1,28,130.06,-22.37,1,1,28,133.52,-42.1,1,1,28,118.5,-46.25,1,1,28,94.59,-52.84,1,2,28,54.32,-55.14,0.99963,27,-73.77,-63,0.00037,2,28,23.03,-56.51,0.95124,27,-66.77,-32.47,0.04876,2,28,-3.37,-49.28,0.71917,27,-52.78,-8.94,0.28083,2,28,-41.88,-40.11,0.09886,27,-33.7,25.74,0.90114,2,28,-67.31,-31.62,0.00072,27,-18.75,48,0.99928,1,27,-5.4,58.81,1,1,27,16.86,67.72,1,1,27,33.72,70.9,1,1,27,50.57,71.65,1,2,28,-87.67,44.57,0.00575,27,60.11,47.36,0.99425,2,28,-71.51,51.75,0.03771,27,62.73,29.87,0.96229,2,28,-53.12,56.82,0.13532,27,62.73,10.79,0.86468,2,28,-40.53,60.22,0.25289,27,62.66,-2.24,0.74711],"hull":25,"edges":[0,2,2,4,4,6,6,8,8,10,10,12,12,14,14,16,16,18,18,20,20,22,22,24,24,26,26,28,28,30,30,32,32,34,34,36,36,38,38,40,40,42,42,44,44,46,46,48,0,48],"width":145,"height":262}},"Layer 18":{"Layer 18":{"type":"mesh","uvs":[0.79175,0.06536,0.79987,0.1566,0.80437,0.23587,0.81519,0.34207,0.82781,0.44676,0.85755,0.58586,0.89,0.70253,0.92154,0.76086,0.95489,0.81022,0.86386,0.85658,0.71604,0.92389,0.58265,1,0.49523,1,0.50154,0.90444,0.479,0.79526,0.43664,0.66364,0.38166,0.6083,0.32308,0.6068,0.28422,0.63337,0.25178,0.69918,0.16165,0.74405,0.11388,0.73209,0.04899,0.64683,0.00843,0.56158,0,0.44641,0.05259,0.49726,0.08954,0.50923,0.10667,0.51521,0.1194,0.54131,0.12467,0.55806,0.16549,0.54568,0.14135,0.51144,0.12335,0.4874,0.10141,0.47429,0.08297,0.45972,0.10711,0.44006,0.1295,0.43423,0.16988,0.4335,0.20632,0.43787,0.2467,0.43641,0.32691,0.43527,0.35807,0.43017,0.38353,0.4105,0.42778,0.36265,0.4449,0.32914,0.45675,0.30292,0.47344,0.28689,0.49012,0.27597,0.5102,0.22605,0.54225,0.20202,0.58439,0.17506,0.69167,0.10601,0.73952,0.08779,0.76718,0.07541],"triangles":[19,20,29,20,21,29,29,30,19,21,22,29,19,30,18,30,17,18,39,30,38,16,42,15,29,23,28,27,28,26,26,28,23,26,23,25,29,22,23,17,30,39,17,40,16,40,41,16,16,41,42,17,39,40,23,24,25,30,31,38,31,37,38,31,32,37,37,32,36,32,33,36,36,33,35,33,34,35,10,11,13,11,12,13,6,9,10,10,13,14,9,7,8,9,6,7,6,10,14,5,14,15,44,4,43,46,4,44,14,5,6,5,15,4,3,4,47,47,4,46,44,45,46,2,3,50,49,3,47,47,48,49,3,49,50,2,51,1,42,43,15,4,15,43,2,50,51,51,52,1,52,53,1,53,0,1],"vertices":[1,35,124.66,99.31,1,1,35,127.78,78.15,1,1,35,129.52,59.76,1,1,35,133.68,35.12,1,1,35,138.54,10.83,1,1,35,149.99,-21.44,1,1,35,162.48,-48.51,1,1,35,174.62,-62.04,1,1,35,187.46,-73.49,1,1,35,152.42,-84.25,1,1,35,95.51,-99.86,1,1,35,44.15,-117.52,1,1,35,10.49,-117.52,1,2,35,12.92,-95.35,0.99848,36,-29.92,96.6,0.00152,2,35,4.25,-70.02,0.9741,36,-26.26,70.08,0.0259,2,35,-12.06,-39.49,0.7308,36,-16.1,36.98,0.2692,2,35,-33.23,-26.65,0.15177,36,2.22,20.33,0.84823,1,36,24.29,15.67,1,1,36,40.15,18.85,1,1,36,55.34,31.44,1,1,36,91.39,35.02,1,1,36,108.91,28.77,1,1,36,129.64,4.57,1,1,36,141.18,-17.83,1,1,36,139.25,-44.68,1,1,36,121.63,-29.22,1,1,36,108.2,-23.77,1,1,36,102,-21.15,1,1,36,98.34,-14.26,1,1,36,97.1,-10.06,1,1,36,81.12,-9.87,1,1,36,88.72,-19.45,1,1,36,94.45,-26.25,1,1,36,102.17,-30.85,1,1,36,108.48,-35.53,1,1,36,98.49,-38.23,1,1,36,89.77,-37.9,1,1,36,74.48,-35.09,1,1,36,60.9,-31.41,1,1,36,45.58,-28.76,1,2,35,-54.31,13.5,0.00238,36,15.22,-23.11,0.99762,2,35,-42.31,14.68,0.07306,36,3.22,-21.97,0.92694,2,35,-32.51,19.24,0.29905,36,-7.28,-24.58,0.70095,2,35,-15.47,30.34,0.78846,36,-26.12,-32.21,0.21154,2,35,-8.88,38.12,0.91711,36,-34.08,-38.58,0.08289,2,35,-4.32,44.2,0.95895,36,-39.73,-43.67,0.04105,2,35,2.1,47.92,0.98033,36,-46.74,-46.09,0.01967,2,35,8.53,50.45,0.99353,36,-53.53,-47.35,0.00647,1,35,16.26,62.03,1,1,35,28.6,67.61,1,1,35,44.82,73.86,1,1,35,86.13,89.89,1,1,35,104.55,94.11,1,1,35,115.19,96.98,1],"hull":54,"edges":[0,2,2,4,4,6,6,8,8,10,10,12,12,14,14,16,16,18,18,20,20,22,22,24,24,26,26,28,28,30,30,32,32,34,34,36,36,38,38,40,40,42,42,44,44,46,46,48,48,50,50,52,52,54,54,56,56,58,58,60,60,62,62,64,64,66,66,68,68,70,70,72,72,74,74,76,76,78,78,80,80,82,82,84,84,86,86,88,88,90,90,92,92,94,94,96,96,98,98,100,100,102,102,104,104,106,0,106],"width":385,"height":232}},"Layer 19":{"Layer 19":{"type":"mesh","uvs":[0.00234,0.22534,0.04284,0.21402,0.09934,0.21088,0.14234,0.21779,0.17834,0.25992,0.20384,0.30078,0.21884,0.3253,0.25884,0.34542,0.30584,0.36428,0.33184,0.37245,0.40458,0.34291,0.44958,0.32719,0.50158,0.32404,0.53408,0.3385,0.61197,0.39511,0.61847,0.43974,0.64797,0.47998,0.68197,0.52022,0.74047,0.58812,0.82074,0.63973,0.86074,0.66614,0.90274,0.71015,0.94774,0.79565,1,0.9003,0.98803,0.92797,0.84853,0.98015,0.80403,0.99587,0.77503,1,0.72853,0.91665,0.69403,0.83932,0.64046,0.76439,0.58696,0.70654,0.54146,0.65688,0.46742,0.58959,0.40592,0.52798,0.35292,0.48837,0.31092,0.4802,0.20092,0.45582,0.14192,0.40804,0.08842,0.36403,0.05692,0.33825,0.02242,0.32064,0.00742,0.27789,0,0.25337,0,0.23137],"triangles":[33,15,16,32,33,16,32,16,17,31,32,17,18,31,17,30,31,18,30,18,19,29,30,19,29,19,20,29,20,21,29,21,22,28,29,22,22,25,28,23,24,22,24,25,22,26,28,25,27,28,26,37,38,6,37,6,7,36,8,9,37,7,8,36,37,8,35,9,10,36,9,35,34,10,11,35,10,34,11,13,34,13,11,12,13,15,34,15,13,14,15,33,34,1,43,44,0,1,44,42,43,1,40,41,42,2,42,1,2,40,42,40,4,39,2,4,40,3,4,2,39,4,5,38,39,5,38,5,6],"vertices":[1,32,-35.61,20.62,1,1,32,-25.33,22.9,1,1,32,-10.98,23.54,1,1,32,-0.05,22.14,1,2,32,9.09,13.63,0.93416,33,-19.55,17.98,0.06584,2,32,15.57,5.38,0.63135,33,-10.69,12.37,0.36865,2,32,19.38,0.42,0.29782,33,-5.44,8.98,0.70218,2,32,29.54,-3.64,0.00053,33,5.49,8.54,0.99947,1,33,18.02,8.95,1,1,33,24.79,9.6,1,1,33,40.21,21.4,1,2,33,49.92,28.22,0.99897,34,-52.55,6.13,0.00103,2,33,62.15,33.23,0.9759,34,-43.59,15.86,0.0241,2,33,70.91,33.24,0.93044,34,-35.66,19.57,0.06956,2,33,93.38,29.08,0.58946,34,-13.54,25.32,0.41054,2,33,97.95,21.14,0.36138,34,-6.04,20.06,0.63862,2,33,107.73,15.98,0.04172,34,5,19.53,0.95828,1,34,16.86,19.8,1,1,34,37.07,20.46,1,1,34,58.91,27.35,1,1,34,69.89,30.69,1,1,34,83.73,31.84,1,1,34,103.99,27.57,1,1,34,128.29,21.83,1,1,34,130.04,15.72,1,1,34,112.21,-16.66,1,1,34,106.39,-26.86,1,1,34,101.73,-32.63,1,1,34,81.5,-28.93,1,1,34,64.29,-23.95,1,2,33,125.14,-38.8,0.00185,34,43.98,-22.73,0.99815,2,33,108.43,-32.33,0.07783,34,26.1,-23.94,0.92217,2,33,94.18,-26.74,0.3941,34,10.82,-24.91,0.6059,2,33,71.91,-20.22,0.97461,34,-12.11,-28.43,0.02539,1,33,53.03,-13.72,1,1,33,37.67,-10.68,1,1,33,27.06,-12.69,1,2,32,14.82,-25.94,0.0766,33,-0.92,-17.39,0.9234,2,32,-0.16,-16.29,0.64437,33,-18.27,-13.31,0.35563,2,32,-13.75,-7.4,0.99387,33,-34.05,-9.47,0.00613,1,32,-21.75,-2.19,1,1,32,-30.51,1.36,1,1,32,-34.32,10,1,1,32,-36.21,14.95,1,1,32,-36.21,19.4,1],"hull":45,"edges":[0,2,2,4,4,6,6,8,8,10,10,12,12,14,14,16,16,18,18,20,20,22,22,24,24,26,26,28,28,30,30,32,32,34,34,36,36,38,38,40,40,42,42,44,44,46,46,48,48,50,50,52,52,54,54,56,56,58,58,60,60,62,62,64,64,66,66,68,68,70,70,72,72,74,74,76,76,78,78,80,80,82,82,84,84,86,86,88,0,88],"width":254,"height":202}},"Layer 2":{"Layer 2":{"type":"mesh","uvs":[0.57218,0.12491,0.6771,0.12983,0.80301,0.12655,0.88928,0.12164,0.94291,0.14131,0.97555,0.19706,0.97322,0.26756,0.96856,0.31838,0.9569,0.37085,0.92426,0.43315,0.87995,0.49054,0.85197,0.54629,0.817,0.62826,0.79135,0.68073,0.78902,0.71188,0.824,0.76927,0.84498,0.82173,0.67244,0.85289,0.46026,0.88568,0.2574,0.89388,0.14082,0.89715,0.10818,0.82993,0.11051,0.73812,0.09185,0.6381,0.05688,0.53481,0.00092,0.4807,0,0.40528,0,0.28395,0.05921,0.19706,0.15015,0.15771,0.28538,0.15115,0.39031,0.1741,0.42995,0.1823],"triangles":[5,3,4,5,6,3,3,6,7,29,26,27,3,7,2,8,9,7,24,25,26,2,9,1,7,9,2,26,29,24,27,28,29,24,29,30,9,10,1,10,11,1,31,23,30,30,23,24,23,31,32,1,12,0,11,12,1,0,12,13,13,22,23,0,13,32,14,17,13,17,14,15,17,15,16,32,13,23,13,18,22,22,19,21,13,17,18,18,19,22,20,21,19],"vertices":[1,4,160.76,-46.96,1,1,4,159.72,-67.86,1,1,4,161.07,-92.9,1,1,4,162.75,-110.04,1,1,4,157.37,-120.8,1,1,4,141.7,-127.57,1,1,4,121.75,-127.44,1,1,4,107.35,-126.75,1,1,4,92.46,-124.68,1,1,4,74.72,-118.48,1,1,4,58.34,-109.94,1,1,4,42.47,-104.64,1,1,4,19.16,-98.07,1,1,4,4.22,-93.22,1,1,4,-4.6,-92.91,1,1,4,-20.72,-100.14,1,1,4,-35.49,-104.56,1,1,4,-44.89,-70.38,1,1,4,-54.88,-28.32,1,1,4,-57.88,12,1,1,4,-59.2,35.18,1,1,4,-40.28,42,1,1,4,-14.3,41.97,1,1,4,13.94,46.16,1,1,4,43.05,53.61,1,1,4,58.17,65.01,1,1,4,79.51,65.55,1,1,4,113.84,66.13,1,1,4,138.63,54.76,1,1,4,150.07,36.85,1,1,4,152.38,9.98,1,1,4,146.23,-11.01,1,1,4,144.05,-18.93,1],"hull":33,"edges":[0,2,2,4,4,6,6,8,8,10,10,12,12,14,14,16,16,18,18,20,20,22,22,24,24,26,26,28,28,30,30,32,32,34,34,36,36,38,38,40,40,42,42,44,44,46,46,48,48,50,50,52,52,54,54,56,56,58,58,60,60,62,62,64,0,64],"width":199,"height":283}},"Layer 20":{"Layer 20":{"type":"mesh","uvs":[0.99915,0.37165,0.94324,0.43812,0.90188,0.48692,0.86511,0.54508,0.84826,0.62088,0.83371,0.68215,0.82681,0.74031,0.82528,0.80365,0.81379,0.84208,0.78928,0.87427,0.73337,0.89608,0.67745,0.89815,0.55643,0.81508,0.48903,0.71642,0.43847,0.61985,0.43694,0.51912,0.44307,0.43396,0.48443,0.36231,0.53269,0.31142,0.5909,0.25535,0.64911,0.22108,0.73873,0.18992,0.81073,0.17538,0.86588,0.17435,0.92792,0.18888,0.97924,0.23665,1,0.29688,1,0.33531],"triangles":[24,25,26,24,26,27,24,27,23,0,1,27,23,1,22,27,1,23,22,2,21,1,2,22,2,20,21,3,14,15,2,19,20,2,3,19,3,18,19,3,17,18,17,15,16,15,17,3,4,14,3,4,13,14,5,13,4,5,12,13,5,6,12,12,6,11,7,11,6,7,8,10,8,9,10,7,10,11],"vertices":[2.91,103.66,11.97,84.75,18.59,70.78,27.44,57.53,41.34,48.7,52.5,41.31,63.63,36.17,76.2,32.2,83.02,26.92,87.6,18.45,87.71,2.05,83.87,-13.25,58.02,-41.45,33.13,-54.21,9.94,-62.51,-10.35,-57.27,-26.94,-50.83,-38.14,-35.57,-44.66,-19.61,-51.46,-0.66,-53.89,17.07,-53.31,43.16,-50.74,63.52,-46.75,78.56,-39.11,94.59,-25.64,105.84,-12,108.09,-4.3,105.93],"hull":28,"edges":[0,2,2,4,4,6,6,8,8,10,10,12,12,14,14,16,16,18,18,20,20,22,22,24,24,26,26,28,28,30,30,32,32,34,34,36,36,38,38,40,40,42,42,44,44,46,46,48,48,50,50,52,52,54,0,54],"width":282,"height":208}},"Layer 21":{"Layer 21":{"type":"mesh","uvs":[0.81085,0.04457,0.80702,0.07659,0.7952,0.17548,0.75668,0.27366,0.71576,0.29002,0.70131,0.35275,0.68085,0.50275,0.66039,0.58457,0.64113,0.7073,0.58937,0.80275,0.51835,0.90911,0.44252,0.95275,0.29567,0.90911,0.21141,0.75911,0.15844,0.59002,0.10428,0.35548,0.03446,0.18093,0.00919,0.03639,0.05854,0,0.15243,0,0.22344,0,0.32335,0,0.38955,0.06366,0.45094,0.12366,0.47743,0.19457,0.47983,0.30639,0.49307,0.49184,0.51474,0.57093,0.54002,0.4482,0.55085,0.35275,0.56409,0.26275,0.6002,0.18639,0.65437,0.15093,0.70613,0.11002,0.74946,0.08275],"triangles":[16,17,18,19,16,18,20,15,16,19,20,16,14,15,24,20,21,22,22,15,20,22,24,15,27,13,14,22,23,24,25,14,24,26,14,25,27,14,26,12,13,9,27,28,6,7,27,6,8,27,7,9,27,8,13,27,9,10,12,9,11,12,10,1,34,0,2,34,1,33,34,2,2,32,33,3,32,2,4,32,3,31,32,4,30,31,4,5,29,30,4,5,30,5,28,29,6,28,5],"vertices":[1,29,61.77,54.66,1,1,29,60.53,50.09,1,1,29,56.7,35.94,1,1,29,44.22,21.9,1,1,29,30.96,19.56,1,1,29,26.28,10.59,1,2,29,19.65,-10.85,0.88357,30,-28.9,23.31,0.11643,2,29,13.02,-22.55,0.55452,30,-15.94,26.9,0.44548,2,29,6.78,-40.1,0.16553,30,0.88,34.9,0.83447,2,29,-9.99,-53.75,0.01424,30,22.39,32.69,0.98576,1,30,49.41,27.17,1,2,30,71.2,14.21,0.85554,31,-42.06,-1.77,0.14446,2,30,100.43,-23.84,0.03473,31,-15.44,38.16,0.96527,1,31,15.87,53.17,1,1,31,45.14,57.88,1,1,31,82.98,58.81,1,1,31,115.37,68.07,1,1,31,137.53,66.28,1,1,31,135.13,49.64,1,1,31,121.69,22.35,1,1,31,111.52,1.71,1,2,30,2.16,-109.43,0.00128,31,97.22,-27.33,0.99872,2,30,-6.57,-87.82,0.0194,31,79.58,-42.55,0.9806,2,30,-14.56,-67.69,0.05988,31,63.09,-56.6,0.94012,2,30,-13.46,-54.45,0.08938,31,50.2,-59.82,0.91062,2,30,-2.71,-42.6,0.16402,31,35.52,-53.45,0.83598,2,30,13.01,-20.81,0.55812,31,9.83,-45.58,0.44188,2,30,16.05,-7.85,0.93233,31,-3.42,-46.88,0.06767,2,29,-25.98,-3.06,0.23496,30,-2.15,-14.47,0.76504,2,29,-22.47,10.59,0.71219,30,-14.29,-21.64,0.28781,2,29,-18.18,23.46,0.92241,30,-26.42,-27.7,0.07759,2,29,-6.48,34.38,0.9945,30,-42.42,-27.15,0.0055,1,29,11.07,39.45,1,1,29,27.84,45.3,1,1,29,41.88,49.2,1],"hull":35,"edges":[4,6,6,8,8,10,10,12,12,14,14,16,16,18,18,20,20,22,22,24,24,26,26,28,28,30,30,32,32,34,34,36,36,38,38,40,40,42,42,44,44,46,46,48,48,50,50,52,52,54,54,56,56,58,58,60,60,62,62,64,64,66,66,68,0,2,2,4,0,68],"width":324,"height":143}},"Layer 3":{"Layer 3":{"type":"mesh","uvs":[0.21007,0.73121,0.21199,0.60409,0.22739,0.49136,0.23123,0.4146,0.30629,0.30907,0.37172,0.22512,0.4333,0.18674,0.48526,0.23711,0.55261,0.20593,0.53914,0.10999,0.5834,0.01165,0.66615,0,0.70464,0.13158,0.72388,0.07401,0.78354,0.0908,0.82973,0.13637,0.86244,0.28508,0.92402,0.2635,0.99523,0.30907,1,0.56331,0.99523,0.7504,0.9375,0.82955,0.88554,0.82715,0.81626,0.77679,0.75275,0.72402,0.70849,0.77439,0.68347,0.84155,0.64883,0.89671,0.60072,0.93989,0.54684,0.96387,0.47179,0.97107,0.38904,0.97107,0.23893,0.88712,0.21969,0.81036],"triangles":[24,2,3,7,3,4,4,5,7,28,29,30,33,30,31,33,28,30,26,27,28,33,26,28,31,32,33,26,33,25,2,25,1,24,25,2,21,22,20,22,23,20,7,24,3,33,0,25,1,25,0,20,23,19,19,23,24,19,16,18,19,24,16,16,17,18,7,8,24,24,8,16,16,8,12,14,15,12,14,12,13,16,12,15,5,6,7,12,9,10,10,11,12,12,8,9],"vertices":[2,18,-1.55,-67.88,0.52749,17,-51.62,35.55,0.47251,2,18,-13.67,-54.75,0.36285,17,-33.75,35.52,0.63715,2,18,-22.52,-41.68,0.15788,17,-18.15,33.13,0.84212,2,18,-29.37,-33.57,0.04237,17,-7.54,32.65,0.95763,2,18,-30.13,-14.13,0.00005,17,7.23,19.99,0.99995,2,18,-30.02,2.02,0.36384,17,19.01,8.93,0.63616,2,18,-26.03,13.17,0.62674,17,24.48,-1.57,0.37326,2,18,-14.77,14.34,0.87528,17,17.68,-10.62,0.12472,2,18,-9.38,25.46,0.99602,17,22.18,-22.13,0.00399,1,18,-20.21,33.42,1,1,18,-24.1,48.48,1,1,18,-14.94,59.49,1,1,18,2.4,50.96,1,1,18,-0.7,58.98,1,1,18,8.31,64.41,1,1,18,18.4,65.36,1,1,18,36.66,54.44,1,1,18,42.24,63.92,1,1,18,55.44,67.85,1,1,18,80.3,43.08,1,1,18,97.57,23.87,1,1,18,97.96,9.11,1,1,18,91.28,3.17,1,1,18,77.86,-0.05,1,2,18,64.94,-2.35,0.99994,17,-48.73,-57.76,0.00006,2,18,64.25,-12.64,0.99466,17,-55.8,-50.26,0.00534,2,18,67.55,-22.31,0.9809,17,-65.14,-46.12,0.0191,2,18,68.52,-31.93,0.96372,17,-72.86,-40.29,0.03628,2,18,66.66,-41.95,0.93989,17,-78.95,-32.12,0.06011,2,18,62.26,-50.76,0.90997,17,-82.42,-22.9,0.09003,2,18,53.63,-60.4,0.85451,17,-83.63,-10.01,0.14549,2,18,43.35,-70.25,0.78478,17,-83.87,4.22,0.21522,2,18,16.69,-79.74,0.64068,17,-72.72,30.23,0.35932,2,18,6.97,-74.39,0.5948,17,-62.19,33.71,0.4052],"hull":34,"edges":[0,2,2,4,4,6,6,8,8,10,10,12,12,14,14,16,16,18,18,20,20,22,22,24,24,26,26,28,28,30,30,32,32,34,34,36,36,38,38,40,40,42,42,44,44,46,46,48,48,50,50,52,52,54,54,56,56,58,58,60,60,62,62,64,64,66,0,66],"width":172,"height":138}},"Layer 4":{"Layer 4":{"type":"mesh","uvs":[0.6213,0.99164,0.67223,0.96564,0.72936,0.94864,0.79333,0.94114,0.83308,0.93164,0.86413,0.88714,0.89767,0.84114,0.93866,0.80764,0.96474,0.77814,0.9891,0.72172,0.94438,0.57422,0.91519,0.52146,0.88103,0.48996,0.86737,0.51446,0.83383,0.42262,0.78725,0.37212,0.75123,0.31562,0.668,0.26333,0.6239,0.24533,0.62577,0.28433,0.63011,0.32583,0.64067,0.38383,0.6798,0.46464,0.70713,0.53514,0.727,0.58414,0.72203,0.63164,0.6916,0.62364,0.65806,0.56214,0.62763,0.50814,0.60651,0.42214,0.57981,0.36064,0.54104,0.25062,0.48848,0.13125,0.43259,0.04525,0.37421,0.00775,0.32639,0,0.34067,0.06775,0.33756,0.14275,0.36303,0.3038,0.36241,0.3593,0.37421,0.46504,0.36613,0.52454,0.36986,0.61604,0.34005,0.60404,0.31334,0.56154,0.2885,0.50054,0.2618,0.42004,0.2413,0.34504,0.21897,0.25947,0.19102,0.23897,0.14879,0.27647,0.13885,0.42797,0.13389,0.50544,0.15252,0.58544,0.15624,0.61844,0.11091,0.56044,0.08793,0.50794,0.05253,0.49044,0.03017,0.53294,0.01344,0.69025,0.02711,0.77975,0.07617,0.87625,0.14503,0.89251,0.19223,0.91851,0.23322,0.94601,0.25061,0.96901,0.36302,0.96701,0.38848,0.96701,0.4332,0.98651,0.45059,1,0.54499,1,0.5984,1],"triangles":[36,35,34,36,34,33,37,36,33,19,18,17,33,32,37,38,32,31,38,37,32,20,19,17,20,17,16,21,20,16,50,49,48,50,48,47,51,50,47,15,22,21,15,21,16,39,31,30,31,39,38,40,30,29,40,39,30,51,47,46,13,12,11,14,23,22,14,22,15,23,14,13,24,23,13,52,46,45,46,52,51,53,45,44,53,52,45,28,42,41,54,53,44,58,57,56,58,56,55,59,58,55,8,10,9,54,60,59,54,59,55,11,10,13,7,10,8,24,13,25,7,6,10,13,10,25,6,25,10,62,61,60,54,44,43,5,25,6,54,62,60,63,62,54,54,43,63,42,63,43,25,5,2,4,3,5,64,63,42,40,29,28,28,41,40,42,28,27,3,2,5,26,42,27,2,1,26,2,26,25,42,68,67,66,64,42,42,67,66,68,42,26,65,64,66,68,26,70,26,1,70,70,69,68,70,1,0,71,70,0],"vertices":[1,13,-11.63,-5.45,1,1,13,-9.16,-10.62,1,1,13,-7.81,-16.24,1,1,13,-7.66,-22.38,1,1,13,-6.99,-26.27,1,1,13,-2.13,-29.82,1,1,13,2.88,-33.63,1,1,13,6.34,-37.96,1,1,13,9.5,-40.84,1,1,13,15.84,-43.93,1,1,13,33.63,-41.78,1,1,13,40.14,-39.77,1,1,13,44.21,-36.99,1,1,13,41.5,-35.35,1,1,13,52.64,-33.48,1,1,13,59.08,-29.79,1,1,13,66.11,-27.19,1,1,13,73.17,-20.07,1,1,13,75.78,-16.16,1,1,13,71.19,-15.79,1,1,13,66.28,-15.62,1,1,13,59.36,-15.8,1,1,13,49.45,-18.36,1,1,13,40.88,-19.95,1,1,13,34.92,-21.14,1,1,13,29.41,-20,1,1,13,30.69,-17.24,1,1,13,38.28,-14.94,1,1,13,44.95,-12.83,1,1,13,55.26,-12.04,1,1,13,62.77,-10.39,1,1,13,76.1,-8.27,1,1,13,90.68,-4.99,1,1,13,101.38,-0.93,1,1,13,106.44,4.05,1,1,13,107.88,8.46,1,1,13,99.78,8.06,1,1,13,91.03,9.41,1,1,13,71.88,9.26,1,1,13,65.38,10.1,1,1,13,52.86,10.47,1,1,13,45.98,12.07,1,1,13,35.22,13,1,1,13,36.96,15.64,1,1,13,42.24,17.57,1,1,13,49.67,19.05,1,1,13,59.4,20.44,1,1,13,68.42,21.32,1,1,13,78.7,22.23,1,1,13,81.41,24.58,1,1,13,77.5,29.09,1,1,13,59.86,32.15,1,1,13,50.84,33.71,1,1,13,41.26,33.07,1,1,13,37.35,33.18,1,1,13,44.66,36.65,1,1,13,51.07,38.08,1,1,13,53.52,41.17,1,1,13,48.79,43.88,1,1,13,30.55,47.66,1,1,13,19.91,47.63,1,1,13,8.05,44.35,1,1,13,5.36,38.09,1,1,13,1.78,34,1,1,13,-1.9,30.52,1,1,13,-4.79,29.2,1,1,13,-5.83,18.57,1,1,13,-6.11,16.17,1,1,13,-8.9,12.22,1,1,13,-10.68,10.77,1,1,13,-11.75,1.87,1,1,13,-12.35,-3.17,1],"hull":72,"edges":[0,2,2,4,4,6,6,8,8,10,10,12,12,14,14,16,16,18,18,20,20,22,22,24,24,26,26,28,28,30,30,32,32,34,34,36,36,38,38,40,40,42,42,44,44,46,46,48,48,50,50,52,52,54,54,56,56,58,58,60,60,62,62,64,64,66,66,68,68,70,70,72,72,74,74,76,76,78,78,80,80,82,82,84,84,86,86,88,88,90,90,92,92,94,94,96,96,98,98,100,100,102,102,104,104,106,106,108,108,110,110,112,112,114,114,116,116,118,118,120,120,122,122,124,124,126,126,128,128,130,130,132,132,134,134,136,136,138,138,140,140,142,0,142],"width":95,"height":118}},"Layer 5":{"Layer 5":{"type":"mesh","uvs":[0.72168,0.10901,0.78103,0.19363,0.81787,0.30532,0.80559,0.39839,0.78717,0.48978,0.77285,0.59978,0.76057,0.69455,0.70531,0.77409,0.54568,0.80624,0.33285,0.78424,0.20187,0.65224,0.13024,0.48301,0.06066,0.31209,0.05657,0.19701,0.11387,0.1107,0.23052,0.07009,0.38401,0.06163,0.53545,0.06501,0.6214,0.07516],"triangles":[15,12,13,3,1,2,14,15,13,11,12,15,3,0,1,0,4,18,3,4,0,16,10,11,15,16,11,17,10,16,10,17,5,18,5,17,18,4,5,9,10,8,5,6,8,10,5,8,6,7,8],"vertices":[1,12,56.92,-31.68,1,1,12,47.99,-36.55,1,1,12,36.29,-39.41,1,1,12,26.64,-38.09,1,1,12,17.19,-36.26,1,1,12,5.78,-34.72,1,1,12,-4.04,-33.41,1,1,12,-12.19,-28.44,1,1,12,-15.16,-14.62,1,1,12,-12.39,3.61,1,1,12,1.63,14.51,1,1,12,19.39,20.2,1,1,12,37.32,25.71,1,1,12,49.29,25.74,1,1,12,58.13,20.58,1,1,12,62.09,10.44,1,1,12,62.62,-2.78,1,1,12,61.92,-15.79,1,1,12,60.67,-23.15,1],"hull":19,"edges":[0,2,2,4,4,6,6,8,8,10,10,12,12,14,14,16,16,18,18,20,20,22,22,24,24,26,26,28,28,30,30,32,32,34,34,36,0,36],"width":86,"height":104}},"Layer 6":{"Layer 6":{"type":"mesh","uvs":[0.5678,0.10398,0.57123,0.17898,0.57467,0.23798,0.58911,0.26798,0.6008,0.29798,0.63586,0.29298,0.68811,0.29198,0.74173,0.28998,0.7768,0.28198,0.79811,0.23098,0.79467,0.17398,0.7878,0.12698,0.78642,0.07698,0.79673,0.04998,0.82905,0.05098,0.87648,0.06098,0.96517,0.37098,0.96517,0.45598,0.96105,0.52298,0.94379,0.60258,0.92798,0.64458,0.90804,0.70258,0.87504,0.73058,0.82692,0.74458,0.80217,0.78258,0.77948,0.82658,0.73892,0.84258,0.69423,0.82958,0.65848,0.83458,0.63854,0.85858,0.58522,0.91452,0.54328,0.94352,0.48897,0.93952,0.44428,0.92552,0.42366,0.91652,0.39891,0.94952,0.37416,0.97252,0.36178,0.92452,0.37416,0.89852,0.32741,0.95252,0.29097,0.94052,0.2731,0.88552,0.30335,0.87552,0.2951,0.82952,0.25316,0.83652,0.21122,0.87052,0.16447,0.89552,0.14559,0.89502,0.1174,0.88302,0.14628,0.85402,0.14559,0.82502,0.12565,0.79602,0.16072,0.76502,0.09265,0.74402,0.03765,0.70902,0,0.68202,0.0459,0.59865,0.09128,0.57565,0.10984,0.54965,0.07478,0.50465,0.1284,0.48965,0.15728,0.47065,0.13528,0.43865,0.16553,0.42265,0.1999,0.43465,0.22809,0.39465,0.28653,0.39365,0.32022,0.40665,0.36132,0.39302,0.40188,0.40202,0.39569,0.44502,0.39157,0.46502,0.42182,0.47402,0.47407,0.41202,0.46651,0.37402,0.45757,0.29602,0.47613,0.17338,0.51394,0.11138,0.54901,0.06038,0.57719,0.06038],"triangles":[70,68,69,70,67,68,61,62,63,61,63,64,58,59,60,54,55,56,64,65,66,67,64,66,52,53,57,54,56,57,53,54,57,71,67,70,64,67,71,61,71,58,71,61,64,58,60,61,71,52,58,52,57,58,43,52,71,50,51,52,72,43,71,44,50,52,28,43,72,43,44,52,45,49,50,43,34,38,44,45,50,38,42,43,47,48,49,46,47,49,45,46,49,34,43,28,38,39,42,40,41,42,39,40,42,35,38,34,37,38,35,36,37,35,14,11,12,11,15,10,13,14,12,15,11,14,9,10,15,9,15,16,8,9,16,8,16,17,17,7,8,17,18,7,18,19,7,7,19,20,21,22,20,7,20,6,22,23,20,20,23,6,23,24,6,24,26,27,73,6,24,27,73,24,25,26,24,0,78,79,77,78,0,77,0,1,76,77,1,4,74,75,76,2,75,1,2,76,3,75,2,4,75,3,73,74,4,5,6,73,5,73,4,28,72,73,73,27,28,28,29,34,29,33,34,30,33,29,32,33,30,31,32,30],"vertices":[2,15,-20.76,-56.52,0.99735,14,57.94,22.33,0.00265,2,15,-17.6,-47.12,0.9711,14,48.05,21.5,0.0289,2,15,-15.24,-39.67,0.90705,14,40.27,20.71,0.09295,2,15,-16.3,-34.95,0.82404,14,36.36,17.87,0.17596,2,15,-16.87,-30.43,0.70364,14,32.44,15.56,0.29636,2,15,-23.34,-28.48,0.47352,14,33.21,8.84,0.52648,2,15,-32.67,-24.78,0.22998,14,33.51,-1.19,0.77002,2,15,-42.29,-21.11,0.0749,14,33.95,-11.48,0.9251,2,15,-48.92,-19.52,0.02086,14,35.12,-18.19,0.97914,2,15,-55.26,-24.19,0.00222,14,41.92,-22.17,0.99778,2,15,-57.52,-31.39,0.00006,14,49.43,-21.38,0.99994,1,14,55.61,-19.96,1,1,14,62.21,-19.58,1,1,14,65.81,-21.5,1,1,14,65.78,-27.71,1,1,14,64.61,-36.83,1,1,14,23.98,-54.55,1,1,14,12.77,-54.74,1,1,14,3.91,-54.1,1,1,14,-6.65,-50.96,1,1,14,-12.25,-48.02,1,2,15,-51.08,41.41,0.0005,14,-19.97,-44.32,0.9995,2,15,-43.81,42.42,0.00543,14,-23.77,-38.05,0.99457,2,15,-34.57,40.61,0.03814,14,-25.77,-28.84,0.96186,2,15,-28.26,43.44,0.09238,14,-30.87,-24.17,0.90762,2,15,-22.02,47.15,0.14344,14,-36.75,-19.92,0.85656,3,15,-14.02,46.14,0.20575,14,-38.99,-12.16,0.79422,16,-63.35,25.02,0.00003,3,15,-6.74,41.28,0.34265,14,-37.42,-3.56,0.65473,16,-54.77,23.3,0.00262,3,15,-0.14,39.28,0.51997,14,-38.19,3.3,0.46416,16,-47.91,23.96,0.01588,3,15,4.61,40.75,0.62758,14,-41.43,7.07,0.33525,16,-44.08,27.13,0.03717,3,15,16.89,43.68,0.72121,14,-48.98,17.18,0.15542,16,-33.84,34.51,0.12337,3,15,25.79,44.16,0.70164,14,-52.94,25.17,0.0943,16,-25.79,38.34,0.20406,3,15,35.23,39.7,0.6088,14,-52.59,35.6,0.04736,16,-15.36,37.81,0.34384,3,15,42.46,34.72,0.45148,14,-50.89,44.21,0.01911,16,-6.78,35.96,0.52941,3,15,45.67,32.11,0.33991,14,-49.77,48.19,0.0087,16,-2.82,34.78,0.65139,3,15,51.72,34.33,0.2301,14,-54.2,52.87,0.0011,16,1.93,39.13,0.7688,2,15,57.27,35.33,0.21207,16,6.68,42.17,0.78793,3,15,57.06,28.57,0.20219,14,-51.02,60.05,0.00012,16,9.06,35.83,0.79769,3,15,53.55,26.3,0.16843,14,-47.55,57.74,0.00051,16,6.68,32.4,0.83106,2,15,64.57,29.47,0.03658,16,15.66,39.53,0.96342,2,15,70.43,25.34,0.02326,16,22.65,37.94,0.97674,2,15,70.84,17.32,0.01948,16,26.09,30.68,0.98052,2,15,64.97,18.32,0.02804,16,20.28,29.36,0.97196,2,15,64.12,12.1,0.01237,16,21.86,23.29,0.98763,2,15,71.92,9.89,0.00005,16,29.91,24.22,0.99995,1,16,37.97,28.7,1,1,16,46.94,32,1,1,16,50.57,31.94,1,1,16,55.98,30.35,1,1,16,50.43,26.66,1,1,16,50.57,22.7,1,1,16,54.39,18.87,1,1,16,47.66,14.78,1,1,16,60.73,12.01,1,1,16,71.29,7.39,1,1,16,78.52,3.82,1,1,16,69.71,-7.18,1,1,16,60.99,-10.22,1,1,16,57.43,-13.65,1,1,16,64.16,-19.59,1,1,16,53.87,-21.57,1,1,16,48.32,-24.08,1,1,16,52.55,-28.3,1,1,16,46.74,-30.41,1,2,15,61.18,-43.06,0.00009,16,40.14,-28.83,0.99991,2,15,54.16,-45.88,0.00279,16,34.73,-34.11,0.99721,2,15,43.74,-41.73,0.0259,16,23.51,-34.24,0.9741,2,15,38.41,-37.68,0.06757,16,17.04,-32.53,0.93243,2,15,30.43,-36.34,0.13316,16,9.15,-34.33,0.86684,2,15,23.68,-32.28,0.16661,16,1.36,-33.14,0.83339,2,15,26.94,-27.48,0.20811,16,2.55,-27.46,0.79189,2,15,28.67,-25.34,0.27142,16,3.34,-24.82,0.72858,2,15,23.76,-22.03,0.59973,16,-2.47,-23.63,0.40027,3,15,11.36,-25.78,0.93738,14,16.98,39.64,0.01944,16,-12.5,-31.82,0.04317,3,15,10.8,-30.97,0.95743,14,21.97,41.17,0.02941,16,-11.05,-36.83,0.01316,3,15,8.46,-41.14,0.97146,14,32.24,43.06,0.02823,16,-9.33,-47.13,0.00031,2,15,-1,-54.75,0.9866,14,48.48,39.77,0.0134,2,15,-10.83,-59.56,0.99497,14,56.79,32.65,0.00503,2,15,-19.61,-63.22,0.99989,14,63.63,26.03,0.00011,1,15,-24.62,-61.16,1],"hull":80,"edges":[0,2,2,4,4,6,6,8,8,10,10,12,12,14,14,16,16,18,18,20,20,22,22,24,24,26,26,28,28,30,30,32,32,34,34,36,36,38,38,40,40,42,42,44,44,46,46,48,48,50,50,52,52,54,54,56,56,58,58,60,60,62,62,64,64,66,66,68,68,70,70,72,72,74,74,76,76,78,78,80,80,82,82,84,84,86,86,88,88,90,90,92,92,94,94,96,96,98,98,100,100,102,102,104,104,106,106,108,108,110,110,112,112,114,114,116,116,118,118,120,120,122,122,124,124,126,126,128,128,130,130,132,132,134,134,136,136,138,138,140,140,142,142,144,144,146,146,148,148,150,150,152,152,154,154,156,156,158,0,158],"width":192,"height":132}},"Layer 7":{"Layer 7":{"type":"mesh","uvs":[0.01801,0.29381,0.0718,0.21969,0.14449,0.16534,0.20846,0.11593,0.27389,0.08258,0.41636,0.06775,0.52685,0.06899,0.57047,0.08381,0.74524,0.30437,0.81793,0.39702,0.91243,0.52178,0.96913,0.60208,1,0.68608,1,0.75278,0.98803,0.81331,0.95023,0.87014,0.86531,0.92484,0.75482,0.98043,0.68795,1,0.59781,0.99896,0.50767,0.9829,0.44079,0.95078,0.38991,0.91002,0.30413,0.85443,0.23144,0.81119,0.14566,0.78278,0.07733,0.6469,0.03081,0.55673,0.00028,0.48508,0,0.43814,0,0.34166],"triangles":[3,4,5,2,3,5,2,27,1,0,1,29,18,19,17,17,19,10,10,19,20,16,17,10,20,22,10,16,13,15,22,20,21,22,9,10,9,23,8,9,22,23,14,15,13,11,16,10,8,24,7,6,7,5,5,7,24,23,24,8,16,12,13,26,5,24,24,25,26,2,5,26,16,11,12,26,27,2,27,28,1,1,28,29,29,30,0],"vertices":[2,20,-14.78,-27.14,0.34453,19,-13.57,21.43,0.65547,2,20,-19.59,-14.71,0.08278,19,-2.12,14.63,0.91722,2,20,-20.51,-2.16,0.00079,19,6.36,5.32,0.99921,2,20,-21.51,9.03,0.19644,19,14.05,-2.87,0.80356,2,20,-20.44,18.89,0.4276,19,19.3,-11.29,0.5724,2,20,-11.06,35.02,0.78084,19,21.88,-29.77,0.21916,2,20,-2.23,46.36,0.9038,19,21.93,-44.13,0.0962,2,20,3,49.5,0.92569,19,19.76,-49.84,0.07431,1,20,43.62,47.22,1,1,20,60.63,46.19,1,1,20,83.26,44.45,1,1,20,97.5,42.9,1,1,20,110.17,38.33,1,1,20,118.3,32.17,1,1,20,124.74,25.33,1,1,20,128.7,16.16,1,1,20,128.7,2.31,1,1,20,126.8,-14.28,1,1,20,123.93,-23.01,1,1,20,116.73,-32.25,1,1,20,107.69,-40.11,1,1,20,98.52,-44.07,1,1,20,89.56,-45.57,1,2,20,76.04,-49.32,0.9996,19,-98.71,-17.21,0.0004,2,20,65.06,-52.85,0.996,19,-92.26,-7.65,0.004,2,20,54.86,-59.11,0.98886,19,-88.1,3.57,0.01114,2,20,32.93,-53.63,0.94306,19,-67.46,12.81,0.05694,2,20,18.28,-50.11,0.86088,19,-53.77,19.09,0.13912,2,20,7.15,-46.65,0.76793,19,-42.87,23.24,0.23207,2,20,1.4,-42.34,0.69538,19,-35.69,23.4,0.30462,2,20,-10.36,-33.43,0.47338,19,-20.93,23.65,0.52662],"hull":31,"edges":[0,2,2,4,4,6,6,8,8,10,10,12,12,14,14,16,16,18,18,20,20,22,22,24,24,26,26,28,28,30,30,32,32,34,34,36,36,38,38,40,40,42,42,44,44,46,46,48,48,50,50,52,52,54,54,56,56,58,58,60,0,60],"width":130,"height":153}},"Layer 8":{"Layer 8":{"type":"mesh","uvs":[0.23397,0.58231,0.20469,0.52757,0.19737,0.45948,0.2164,0.43144,0.17688,0.40607,0.22372,0.3807,0.16517,0.36602,0.20908,0.33264,0.27935,0.28991,0.36132,0.28724,0.4228,0.22048,0.44623,0.14571,0.45208,0.06694,0.5121,0.08697,0.55601,0.11767,0.59115,0.16708,0.63799,0.1377,0.66288,0.16174,0.6658,0.2098,0.71997,0.19912,0.72143,0.26321,0.77413,0.27389,0.81951,0.26588,0.80194,0.3313,0.80194,0.37002,0.85903,0.40741,0.8605,0.46348,0.8605,0.51288,0.88685,0.58231,0.94268,0.69051,0.95146,0.76527,0.95439,0.82135,0.91047,0.87209,0.82264,0.90947,0.73481,0.91882,0.62648,0.92816,0.49474,0.92549,0.4069,0.89879,0.40105,0.84004,0.35567,0.7359,0.31175,0.72121,0.26491,0.69718,0.24881,0.65179,0.23124,0.61307],"triangles":[10,20,9,10,18,20,10,15,18,15,17,18,15,16,17,9,5,8,10,11,15,9,0,3,5,9,3,11,14,15,11,13,14,1,2,3,3,4,5,6,7,5,5,7,8,11,12,13,34,35,38,38,35,36,34,29,33,30,32,33,28,38,27,26,27,38,28,34,38,24,25,39,36,37,38,32,30,31,30,33,29,28,29,34,20,23,24,20,24,39,25,38,39,9,20,39,39,40,9,40,41,9,42,0,9,43,0,42,9,41,42,1,3,0,38,25,26,20,21,23,23,21,22,18,19,20],"vertices":[2,22,20.3,-48.15,0.78839,21,19.03,-53.25,0.21161,2,22,9.34,-49.8,0.64404,21,8.15,-51.1,0.35596,2,22,-2.85,-47.24,0.48131,21,-2.46,-44.58,0.51869,2,22,-6.77,-42.69,0.37048,21,-4.61,-38.98,0.62952,2,22,-13.14,-47.56,0.28485,21,-12.26,-41.42,0.71515,2,22,-15.21,-38.76,0.20101,21,-11.24,-32.43,0.79899,2,22,-20.68,-47.23,0.11449,21,-19.24,-38.56,0.88551,2,22,-24.28,-38.45,0.10911,21,-19.68,-29.08,0.89089,2,22,-28.2,-24.99,0.03903,21,-18.83,-15.09,0.96097,2,22,-24.58,-11.86,0.00158,21,-10.99,-3.95,0.99842,2,22,-33.1,1.52,0.01976,21,-14.51,11.52,0.98024,2,22,-44.91,9.32,0.01596,21,-23,22.84,0.98404,1,21,-33.84,32.27,1,2,22,-51.83,22.96,0.01857,21,-24.92,38.01,0.98143,2,22,-44.31,28.23,0.07654,21,-16.06,40.44,0.92346,2,22,-33.98,31.09,0.25894,21,-5.37,39.66,0.74106,2,22,-36.74,40.12,0.34939,21,-4.93,49.09,0.65061,2,22,-31.33,42.74,0.3702,21,1.05,49.74,0.6298,2,22,-22.84,40.58,0.49815,21,8.31,44.84,0.50185,2,22,-22,49.74,0.59439,21,12.19,53.18,0.40561,2,22,-10.8,46.47,0.71732,21,21.64,46.32,0.28268,2,22,-6.32,54.23,0.83751,21,28.47,52.12,0.16249,2,22,-5.44,61.85,0.85581,21,31.86,59,0.14419,2,22,5.04,55.5,0.88504,21,39.59,49.49,0.11496,2,22,11.76,53.38,0.93607,21,45.2,45.23,0.06393,2,22,21.09,60.38,0.98087,21,56.35,48.67,0.01913,2,22,30.9,57.54,0.99289,21,64.63,42.7,0.00711,2,22,39.48,54.84,0.999,21,71.79,37.27,0.001,1,22,52.85,55.22,1,1,22,74.41,58.15,1,1,22,87.83,55.45,1,1,22,97.71,52.85,1,1,22,104.33,43.13,1,1,22,106.44,27.18,1,1,22,103.68,12.76,1,1,22,99.91,-4.91,1,1,22,92.88,-25.62,1,1,22,83.86,-38.07,1,2,22,73.37,-35.78,0.99959,21,73.17,-59.48,0.00041,2,22,53.03,-37.28,0.97652,21,53.51,-54.03,0.02348,2,22,48.29,-43.43,0.95153,21,46.98,-58.23,0.04847,2,22,41.78,-49.53,0.92672,21,38.79,-61.78,0.07328,2,22,33.1,-49.6,0.8915,21,30.59,-58.92,0.1085,2,22,25.5,-50.27,0.84255,21,23.22,-56.99,0.15745],"hull":44,"edges":[0,2,2,4,4,6,6,8,8,10,10,12,12,14,14,16,16,18,18,20,20,22,22,24,24,26,26,28,28,30,30,32,32,34,34,36,36,38,38,40,40,42,42,44,44,46,46,48,48,50,50,52,52,54,54,56,56,58,58,60,60,62,62,64,64,66,66,68,68,70,70,72,72,74,74,76,76,78,78,80,80,82,82,84,84,86,0,86],"width":166,"height":182}},"Layer 9":{"Layer 9":{"type":"mesh","uvs":[0.25678,0.69181,0.38202,0.70088,0.493,0.70314,0.57861,0.72128,0.65788,0.73716,0.64678,0.79498,0.58971,0.84259,0.52312,0.89247,0.51044,0.94349,0.55483,0.9775,0.66422,0.98997,0.7419,0.94122,0.79105,0.89474,0.82275,0.83579,0.82434,0.80518,0.92507,0.74849,0.96788,0.59771,0.92349,0.54556,0.95995,0.51041,0.99007,0.45032,0.98849,0.3653,0.95044,0.2916,0.85849,0.25646,0.6619,0.32902,0.62703,0.35282,0.60959,0.28707,0.59056,0.20771,0.49227,0.1737,0.37812,0.17937,0.34325,0.21905,0.29251,0.29047,0.24812,0.34035,0.19105,0.39931,0.12447,0.46166,0.04044,0.50928,0,0.56256,0,0.70768,0.11971,0.84372,0.31947,0.83352,0.33056,0.7825,0.30678,0.73262,0.26873,0.71448],"triangles":[21,20,22,18,20,19,20,17,22,18,17,20,23,22,17,32,31,1,0,32,1,33,32,0,29,28,27,27,25,29,25,27,26,30,29,25,30,25,24,24,31,30,24,1,31,2,1,24,0,36,35,3,2,24,24,23,17,4,24,17,3,24,4,15,17,16,14,4,17,15,14,17,5,4,14,39,41,40,13,5,14,35,34,0,0,34,33,37,0,41,37,36,0,38,37,41,39,38,41,12,5,13,11,5,12,6,5,11,9,7,6,10,9,6,8,7,9,11,10,6],"vertices":[1,23,18.54,-33.89,1,1,23,24.66,-19.67,1,1,23,29.13,-6.76,1,1,23,35.26,2.34,1,1,23,40.8,10.82,1,1,23,49.87,6.54,1,1,23,55.58,-2.62,1,1,23,61.3,-13.01,1,1,23,69.2,-17.13,1,1,23,76.42,-13.68,1,1,23,82.51,-1.49,1,1,23,77.38,10.14,1,1,23,71.57,18.31,1,1,23,63.07,25.07,1,1,23,58.1,26.84,1,1,23,52.52,41.59,1,1,23,29.37,54.4,1,1,23,19.17,51.88,1,1,23,14.75,57.98,1,1,23,6.01,64.61,1,1,23,-8,68.82,1,1,23,-21.5,68.16,1,1,23,-30.66,59.19,1,1,23,-26.02,32.38,1,1,23,-23.4,27.06,1,1,23,-34.83,28.41,1,1,23,-48.55,30.27,1,1,23,-57.76,20.5,1,1,23,-61.05,6.81,1,1,23,-55.83,0.67,1,1,23,-45.98,-8.97,1,1,23,-39.44,-16.75,1,1,23,-31.87,-26.5,1,1,23,-24.1,-37.53,1,1,23,-19.4,-49.85,1,1,23,-12.15,-57.34,1,1,23,11.66,-64.84,1,1,23,38.4,-57.82,1,1,23,44.11,-33.86,1,1,23,36.15,-29.92,1,1,23,27.08,-30.13,1,1,23,22.7,-33.66,1],"hull":42,"edges":[0,2,2,4,4,6,6,8,8,10,10,12,12,14,14,16,16,18,18,20,20,22,22,24,24,26,26,28,28,30,30,32,32,34,34,36,36,38,38,40,40,42,42,44,44,46,46,48,48,50,50,52,52,54,54,56,56,58,58,60,60,62,62,64,64,66,66,68,68,70,70,72,72,74,74,76,76,78,78,80,80,82,0,82],"width":123,"height":172}},"phong-bg":{"phong-bg":{"x":25.76,"y":-103.6,"width":369,"height":175}}}},"animations":{"animation":{"bones":{"Layer 10":{"rotate":[{"time":0,"angle":0,"curve":[0.25,0,0.75,1]},{"time":1.3333,"angle":-4.04,"curve":[0.25,0,0.75,1]},{"time":2.6667,"angle":0}]},"Layer 18":{"rotate":[{"time":0,"angle":0,"curve":[0.25,0,0.75,1]},{"time":1.1,"angle":9.37,"curve":[0.25,0,0.75,1]},{"time":2.2,"angle":0}]},"Layer 20":{"rotate":[{"time":0,"angle":0,"curve":[0.25,0,0.75,1]},{"time":1.3333,"angle":15.05,"curve":[0.25,0,0.75,1]},{"time":2.6667,"angle":0}]},"Layer 23":{"rotate":[{"time":0,"angle":0,"curve":[0.25,0,0.75,1]},{"time":1.3333,"angle":13.89,"curve":[0.25,0,0.75,1]},{"time":2.6667,"angle":0}]},"Layer 19":{"translate":[{"time":0,"x":9.74,"y":11.92}]},"Layer 3":{"rotate":[{"time":0,"angle":0,"curve":[0.25,0,0.75,1]},{"time":1.3333,"angle":5.82,"curve":[0.25,0,0.75,1]},{"time":2.6667,"angle":0}],"translate":[{"time":0,"x":0,"y":0,"curve":[0.25,0,0.75,1]},{"time":1.3333,"x":7.25,"y":-3.77,"curve":[0.25,0,0.75,1]},{"time":2.6667,"x":0,"y":0}]},"Layer 14":{"shear":[{"time":0,"x":0,"y":0,"curve":[0.248,0,0.736,0.94]},{"time":1.3333,"x":0,"y":-15,"curve":[0.344,0.66,0.677,1]},{"time":2.6667,"x":0,"y":0}]},"Layer 15":{"rotate":[{"time":0,"angle":0,"curve":[0.25,0,0.75,1]},{"time":1,"angle":-7.15,"curve":[0.25,0,0.75,1]},{"time":2,"angle":0}]},"Layer 8":{"rotate":[{"time":0,"angle":0,"curve":[0.25,0,0.75,1]},{"time":1.1667,"angle":-2.01,"curve":[0.25,0,0.75,1]},{"time":2.3333,"angle":0}]},"Layer 7":{"rotate":[{"time":0,"angle":0,"curve":[0.25,0,0.75,1]},{"time":1.3333,"angle":-12.51,"curve":[0.25,0,0.75,1]},{"time":2.6667,"angle":0}]},"Layer 4":{"rotate":[{"time":0,"angle":0,"curve":[0.25,0,0.75,1]},{"time":1.3333,"angle":3.4,"curve":[0.25,0,0.75,1]},{"time":2.6667,"angle":0}]},"Layer 29":{"rotate":[{"time":0,"angle":0,"curve":[0.25,0,0.75,1]},{"time":1.3333,"angle":16.26,"curve":[0.25,0,0.75,1]},{"time":2.6667,"angle":0}]},"Layer 36":{"rotate":[{"time":0,"angle":0},{"time":1,"angle":15.07},{"time":2,"angle":0}]},"Layer 33":{"rotate":[{"time":0,"angle":0,"curve":[0.25,0,0.75,1]},{"time":1.1667,"angle":10.03,"curve":[0.25,0,0.75,1]},{"time":2.3333,"angle":0}]},"Layer 32":{"rotate":[{"time":0,"angle":0},{"time":1.3333,"angle":10.03},{"time":2.6,"angle":0}]}}}}},"_atlasText":"\n1000.png\nsize: 2048,512\nformat: RGBA8888\nfilter: Linear,Linear\nrepeat: none\n1\n  rotate: false\n  xy: 2, 23\n  size: 200, 61\n  orig: 200, 61\n  offset: 0, 0\n  index: -1\nLayer 1\n  rotate: false\n  xy: 854, 146\n  size: 131, 139\n  orig: 131, 139\n  offset: 0, 0\n  index: -1\nLayer 10\n  rotate: false\n  xy: 1789, 107\n  size: 150, 202\n  orig: 150, 202\n  offset: 0, 0\n  index: -1\nLayer 11\n  rotate: true\n  xy: 987, 135\n  size: 159, 160\n  orig: 159, 160\n  offset: 0, 0\n  index: -1\nLayer 12\n  rotate: true\n  xy: 1941, 188\n  size: 123, 105\n  orig: 123, 105\n  offset: 0, 0\n  index: -1\nLayer 13\n  rotate: false\n  xy: 679, 11\n  size: 124, 149\n  orig: 124, 149\n  offset: 0, 0\n  index: -1\nLayer 14\n  rotate: true\n  xy: 389, 291\n  size: 204, 309\n  orig: 204, 309\n  offset: 0, 0\n  index: -1\nLayer 15\n  rotate: false\n  xy: 1941, 131\n  size: 68, 55\n  orig: 68, 55\n  offset: 0, 0\n  index: -1\nLayer 16\n  rotate: false\n  xy: 1595, 311\n  size: 270, 184\n  orig: 270, 184\n  offset: 0, 0\n  index: -1\nLayer 17\n  rotate: true\n  xy: 1269, 205\n  size: 145, 262\n  orig: 145, 262\n  offset: 0, 0\n  index: -1\nLayer 18\n  rotate: false\n  xy: 2, 263\n  size: 385, 232\n  orig: 385, 232\n  offset: 0, 0\n  index: -1\nLayer 19\n  rotate: false\n  xy: 1533, 107\n  size: 254, 202\n  orig: 254, 202\n  offset: 0, 0\n  index: -1\nLayer 2\n  rotate: true\n  xy: 984, 296\n  size: 199, 283\n  orig: 199, 283\n  offset: 0, 0\n  index: -1\nLayer 20\n  rotate: false\n  xy: 700, 287\n  size: 282, 208\n  orig: 282, 208\n  offset: 0, 0\n  index: -1\nLayer 21\n  rotate: false\n  xy: 1269, 352\n  size: 324, 143\n  orig: 324, 143\n  offset: 0, 0\n  index: -1\nLayer 3\n  rotate: false\n  xy: 373, 17\n  size: 172, 138\n  orig: 172, 138\n  offset: 0, 0\n  index: -1\nLayer 4\n  rotate: false\n  xy: 583, 171\n  size: 95, 118\n  orig: 95, 118\n  offset: 0, 0\n  index: -1\nLayer 5\n  rotate: false\n  xy: 1149, 190\n  size: 86, 104\n  orig: 86, 104\n  offset: 0, 0\n  index: -1\nLayer 6\n  rotate: false\n  xy: 389, 157\n  size: 192, 132\n  orig: 192, 132\n  offset: 0, 0\n  index: -1\nLayer 7\n  rotate: false\n  xy: 547, 2\n  size: 130, 153\n  orig: 130, 153\n  offset: 0, 0\n  index: -1\nLayer 8\n  rotate: false\n  xy: 1867, 313\n  size: 166, 182\n  orig: 166, 182\n  offset: 0, 0\n  index: -1\nLayer 9\n  rotate: true\n  xy: 680, 162\n  size: 123, 172\n  orig: 123, 172\n  offset: 0, 0\n  index: -1\nphong-bg\n  rotate: false\n  xy: 2, 86\n  size: 369, 175\n  orig: 369, 175\n  offset: 0, 0\n  index: -1\n","textures":[{"__uuid__":"6fjzATcctEW6o4xQPQ9L6+"}],"textureNames":["1000.png"]}