[{"__type__":"cc.Prefab","_name":"TaiXiuLichSuPhien_item","data":{"__id__":1}},{"__type__":"cc.Node","_name":"TaiXiuLichSuPhien_item","_children":[{"__id__":2},{"__id__":4},{"__id__":6},{"__id__":8}],"_components":[{"__type__":"47ebeX3OGJIioJo+XYY5AW7","node":{"__id__":1},"time":{"__id__":3},"user":{"__id__":5},"cuoc":{"__id__":7},"tralai":{"__id__":9}}],"_prefab":{"__type__":"cc.PrefabInfo","root":{"__id__":1},"asset":{"__uuid__":"d4wkeyem9KLbnr51VQCU0P"},"fileId":"5ca08mre9DsKQTgBsadv5h"},"_contentSize":{"__type__":"cc.Size","width":530,"height":38},"_trs":{"__type__":"TypedArray","ctor":"Float64Array","array":[0,-19,0,0,0,0,1,1,1,1]}},{"__type__":"cc.Node","_name":"Time","_parent":{"__id__":1},"_components":[{"__id__":3}],"_prefab":{"__type__":"cc.PrefabInfo","root":{"__id__":1},"asset":{"__uuid__":"d4wkeyem9KLbnr51VQCU0P"},"fileId":"29xrLxHM5EIZOte5mLc08j"},"_color":{"__type__":"cc.Color","r":255,"g":184},"_contentSize":{"__type__":"cc.Size","height":16},"_trs":{"__type__":"TypedArray","ctor":"Float64Array","array":[-155,1,0,0,0,0,1,1,1,1]}},{"__type__":"cc.Label","node":{"__id__":2},"_materials":[{"__uuid__":"ecpdLyjvZBwrvm+cedCcQy"}],"_useOriginalSize":false,"_fontSize":16,"_N$file":{"__uuid__":"3f/j3m06dBSKpjksQB+doY"},"_isSystemFontUsed":false,"_N$horizontalAlign":1},{"__type__":"cc.Node","_name":"name","_parent":{"__id__":1},"_components":[{"__id__":5}],"_prefab":{"__type__":"cc.PrefabInfo","root":{"__id__":1},"asset":{"__uuid__":"d4wkeyem9KLbnr51VQCU0P"},"fileId":"55xq6aA6tKE62aSFpv7njE"},"_contentSize":{"__type__":"cc.Size","height":16},"_trs":{"__type__":"TypedArray","ctor":"Float64Array","array":[-43.9,0,0,0,0,0,1,1,1,1]}},{"__type__":"cc.Label","node":{"__id__":4},"_materials":[{"__uuid__":"ecpdLyjvZBwrvm+cedCcQy"}],"_useOriginalSize":false,"_fontSize":16,"_N$file":{"__uuid__":"3f/j3m06dBSKpjksQB+doY"},"_isSystemFontUsed":false,"_N$horizontalAlign":1},{"__type__":"cc.Node","_name":"cuoc","_parent":{"__id__":1},"_components":[{"__id__":7}],"_prefab":{"__type__":"cc.PrefabInfo","root":{"__id__":1},"asset":{"__uuid__":"d4wkeyem9KLbnr51VQCU0P"},"fileId":"24J+30SnJASI2ypePnKNeh"},"_color":{"__type__":"cc.Color","r":255,"g":184},"_contentSize":{"__type__":"cc.Size","height":16},"_trs":{"__type__":"TypedArray","ctor":"Float64Array","array":[64,0,0,0,0,0,1,1,1,1]}},{"__type__":"cc.Label","node":{"__id__":6},"_materials":[{"__uuid__":"ecpdLyjvZBwrvm+cedCcQy"}],"_useOriginalSize":false,"_fontSize":16,"_N$file":{"__uuid__":"3f/j3m06dBSKpjksQB+doY"},"_isSystemFontUsed":false,"_N$horizontalAlign":1},{"__type__":"cc.Node","_name":"TraLai","_parent":{"__id__":1},"_components":[{"__id__":9}],"_prefab":{"__type__":"cc.PrefabInfo","root":{"__id__":1},"asset":{"__uuid__":"d4wkeyem9KLbnr51VQCU0P"},"fileId":"bezPXEA/hNwb8NtVzNI3B9"},"_contentSize":{"__type__":"cc.Size","height":16},"_trs":{"__type__":"TypedArray","ctor":"Float64Array","array":[157.5,0,0,0,0,0,1,1,1,1]}},{"__type__":"cc.Label","node":{"__id__":8},"_materials":[{"__uuid__":"ecpdLyjvZBwrvm+cedCcQy"}],"_useOriginalSize":false,"_fontSize":16,"_N$file":{"__uuid__":"3f/j3m06dBSKpjksQB+doY"},"_isSystemFontUsed":false,"_N$horizontalAlign":1}]