{"__type__":"sp.SkeletonData","_name":"IconWild","_skeletonJson":{"skeleton":{"hash":"ouX/jfzFJY4BLxcGqJJQJcC5lFg","spine":"3.7.94","width":184,"height":181,"images":"./images/","audio":"C:/Users/Toanp/OneDrive/Máy tính/Zeus/SPINE/wild"},"bones":[{"name":"root","x":-2.58},{"name":"bone","parent":"root","x":-2.19,"y":6.68},{"name":"Layer 0","parent":"root","x":-7.92,"y":-45}],"slots":[{"name":"Layer 1","bone":"bone","attachment":"Layer 1"},{"name":"Layer 2","bone":"root","attachment":"Layer 2"},{"name":"Layer 0","bone":"Layer 0","attachment":"Layer 0"}],"skins":{"default":{"Layer 0":{"Layer 0":{"x":0.73,"y":1.8,"width":184,"height":85}},"Layer 1":{"Layer 1":{"x":-5.51,"y":0.12,"width":161,"height":177}},"Layer 2":{"Layer 2":{"x":-2.19,"y":7.3,"width":140,"height":140}}}},"animations":{"animation":{"bones":{"bone":{"rotate":[{"time":0,"angle":0},{"time":1,"angle":180},{"time":2,"angle":0}]},"Layer 0":{"scale":[{"time":0,"x":1,"y":1},{"time":0.1667,"x":1.1,"y":1.1},{"time":0.3333,"x":1,"y":1},{"time":0.5,"x":1.1,"y":1.1},{"time":0.6667,"x":1,"y":1,"curve":"stepped"},{"time":1.3333,"x":1,"y":1},{"time":1.5,"x":1.1,"y":1.1},{"time":1.6667,"x":1,"y":1},{"time":1.8333,"x":1.1,"y":1.1},{"time":2,"x":1,"y":1}]}}}}},"_atlasText":"\nIconWild.png\nsize: 512,256\nformat: RGBA8888\nfilter: Linear,Linear\nrepeat: none\nLayer 0\n  rotate: false\n  xy: 307, 94\n  size: 184, 85\n  orig: 184, 85\n  offset: 0, 0\n  index: -1\nLayer 1\n  rotate: false\n  xy: 2, 2\n  size: 161, 177\n  orig: 161, 177\n  offset: 0, 0\n  index: -1\nLayer 2\n  rotate: false\n  xy: 165, 39\n  size: 140, 140\n  orig: 140, 140\n  offset: 0, 0\n  index: -1\n","textures":[{"__uuid__":"1fkpQ12ARPvY9vWMEnsQqW"}],"textureNames":["IconWild.png"]}